"course_name","academic_year","study_program","study_programs","trajectschijf","study_load","total_study_time","evaluation_deadline","grading_scale","second_exam","teachers","language","semester","content","learning_outcomes","study_materials","teaching_org","teaching_org_text","evaluation","evaluation_text","traject","source_url"
"Audio Video 1","2026-27","Bachelor in de grafische en digitale media","","1","5 studiepunten","150,00 uren","01.11.2026 (georganiseerd in semester 1)","op 20 (tot op een geheel getal)","wel","Piffet Philippe, Verniest Joris","Nederlands","1","<div class=""clearfix""><ul>
<li>Inleiding in de interface van de audiovisuele pakketten van Adobe</li>
<li>Alle basis montage technieken, beeld en geluid</li>
<li>Standaard instellingen en effecten</li>
<li>Basis ontwerp voor beeld en geluid</li>
<li>Stop-Motion techniek</li>
</ul></div>","[{'code': 'GDM/0303', 'description': 'De student kent en begrijpt de terminologie en werking van audiovisuele technologie.', 'level': 'Leerdoel Elementair', 'category': 'BS'}, {'code': 'GDM/0314', 'description': 'De student past audiovisuele technologie vakkundig toe bij de productie van audiovisuele mediaproducten.', 'level': 'Leerdoel Verdiepend-Verbredend', 'category': 'BS'}]","[]","[]","Zie Canvas.","[{'exam_chance': 'Evaluatie(s) voor de eerste examenkans', 'moment': 'eerste examenperiode binnen examenrooster', 'form': 'Werkstuk', 'percentage': '40,00', 'remark': ''}, {'exam_chance': 'Evaluatie(s) voor de eerste examenkans', 'moment': 'eerste examenperiode buiten examenrooster', 'form': 'Werkstuk', 'percentage': '60,00', 'remark': ''}, {'exam_chance': 'Evaluatie(s) voor de tweede examenkans', 'moment': 'derde examenperiode binnen examenrooster', 'form': 'Werkstuk', 'percentage': '100,00', 'remark': ''}]","Voor de tweede examenkans wordt een nieuwe opdracht gemaakt waarin alle eindcompetenties opnieuw worden beoordeeld. Bij te laat indienen van een opdracht, maar minder dan 24 uur na de deadline, wordt 1/3 van de punten afgetrokken. Na 24u te laat indienen, zal een nul worden toegekend voor deze opdracht.","Contacttraject Audiovisual Design","https://bamaflexweb.arteveldehs.be/BMFUIDetailxOLOD.aspx?a=230585&b=1&c=1"
"Audio Video 2","2026-27","Bachelor in de grafische en digitale media","","1","5 studiepunten","150,00 uren","15.03.2027 (georganiseerd in semester 2)","op 20 (tot op een geheel getal)","wel","Verniest Joris, Wysmans Michaël","Nederlands","2","<div class=""clearfix""><ul>
<li>De basis van audiovisuele technieken in theorie en praktijk.</li>
<li>Camera en cameratechnieken</li>
<li>Licht en lichttechnieken</li>
<li>Audio en audiotechnieken</li>
<li>Organisatie van videoproducties</li>
<li>Timelapse/Hyperlapse Techniek</li>
</ul></div>","[{'code': 'GDM/0208', 'description': 'De student past creatieve denktechnieken en methoden toe om originele en creatieve ideeën te genereren als basis voor de uitwerking van een mediaproduct.', 'level': 'Leerdoel Verdiepend-Verbredend', 'category': 'BS'}, {'code': 'GDM/0303', 'description': 'De student kent en begrijpt de terminologie en werking van audiovisuele technologie.', 'level': 'Leerdoel Elementair', 'category': 'BS'}, {'code': 'GDM/0314', 'description': 'De student past audiovisuele technologie vakkundig toe bij de productie van audiovisuele mediaproducten.', 'level': 'Leerdoel Verdiepend-Verbredend', 'category': 'BS'}]","[]","[]","Zie Canvas.","[{'exam_chance': 'Evaluatie(s) voor de eerste examenkans', 'moment': 'tweede examenperiode binnen examenrooster', 'form': 'Werkstuk', 'percentage': '40,00', 'remark': ''}, {'exam_chance': 'Evaluatie(s) voor de eerste examenkans', 'moment': 'tweede examenperiode buiten examenrooster', 'form': 'Werkstuk', 'percentage': '60,00', 'remark': ''}, {'exam_chance': 'Evaluatie(s) voor de tweede examenkans', 'moment': 'derde examenperiode binnen examenrooster', 'form': 'Werkstuk', 'percentage': '100,00', 'remark': ''}]","Voor de tweede examenkans wordt een nieuwe opdracht gemaakt waarin alle eindcompetenties opnieuw worden beoordeeld. Bij te laat indienen van een opdracht, maar minder dan 24 uur na de deadline, wordt 1/3 van de punten afgetrokken. Na 24u te laat indienen, zal een nul worden toegekend voor deze opdracht.","Contacttraject Audiovisual Design","https://bamaflexweb.arteveldehs.be/BMFUIDetailxOLOD.aspx?a=228394&b=1&c=1"
"Creative Business Essentials","2026-27","Bachelor in de grafische en digitale media","","1","5 studiepunten","138,00 uren","15.03.2027 (georganiseerd in semester 2)","op 20 (tot op een geheel getal)","wel","De Canck Inge, De Laender Annick, Vandenberghe Peter, Vanhees Rob","Nederlands","2","<div class=""clearfix""><p><strong>Creative Business Essentials </strong> bestaat uit 4 onderdelen:</p>
<p><span style=""text-decoration: underline;"">Sectoranalyse</span></p>
<ul>
<li>Kennis maken met de sector door inzichten te krijgen in het landschap van de grafische en digitale mediasector waardoor je je kan oriënteren binnen de verschillende disciplines. </li>
<li>Introductie personal branding en portfolio.</li>
<li>Aanmaak van LinkedIn-profiel.</li>
</ul>
<p><span style=""text-decoration: underline;"">Economie voor de creatieve sector</span></p>
<ul>
<li>Verwerven van economisch inzicht als videograaf, webdesigner, print expert, grafisch vormgever … om bedrijven te evalueren, beleidsbeslissingen te nemen en projecten te kunnen budgetteren en managen. </li>
<li>Basiskennis boekhoudkundige verplichtingen, factuur aanmaken.</li>
</ul>
<p><span style=""text-decoration: underline;"">Marketing</span> </p>
<ul>
<li>
    Inleiding tot het basisreferentiekader van marketing, essentieel voor het ontwikkelen van campagnes en grafische of digitale mediaproducten voor opdrachtgevers.</li>
<li>Verwerven van basiskennis en vertrouwd raken met kernbegrippen en terminologie, met focus op de praktische toepassing van de leerstof.</li>
</ul>
<p>
 </p>
<p><span style=""text-decoration: underline;"">Juridisch en ethisch kader </span></p>
<ul>
<li>
    Bij de ontwikkeling van een mediaproduct rekening houden met het correcte wettelijk kader alsook de afspraken binnen de sector kunnen interpreteren. Door de grenzen te kennen bij het gebruik van media (grafisch, audio, foto, video,...) materiaal behoud je als professional de beroepsethiek en kan je juist refereren bij het gebruik van niet eigen materiaal. </li>
<li>Heeft inzicht in de formaliteiten en in de keuze van de ondernemingsvorm bij de opstart van een onderneming.</li>
</ul></div>","[{'code': 'GDM/0101', 'description': 'De student kent het belang van marketingkennis in de media- en creatieve sector.', 'level': 'Leerdoel Elementair', 'category': 'BS'}, {'code': 'GDM/0102', 'description': 'De student begrijpt de basisprincipes en - concepten van marketing.', 'level': 'Leerdoel Elementair', 'category': 'BS'}, {'code': 'GDM/0103', 'description': 'De student heeft  inzicht in marketingstrategieën.', 'level': 'Leerdoel Elementair', 'category': 'BS'}, {'code': 'GDM/0105', 'description': 'De student heeft inzicht in de manier waarop marktanalysegegevens gebruikt worden om markttrends en consumentengedrag te begrijpen.', 'level': 'Leerdoel Elementair', 'category': 'BS'}, {'code': 'GDM/0505', 'description': 'De student kent de belangrijkste bronnen om op de hoogte te blijven van ontwikkelingen, innovaties en trends die zich afspelen in de grafische, creatieve en mediasector.', 'level': 'Leerdoel Elementair', 'category': 'BG'}, {'code': 'GDM/0516', 'description': 'De student begrijpt het doel en de waarde van een portfolio, personal branding en online aanwezigheid in de zoektocht naar werk.', 'level': 'Leerdoel Elementair', 'category': 'BG'}, {'code': 'GDM/0517', 'description': 'De student kan uitleggen wat personal branding is, waarom het belangrijk is voor de zichtbaarheid van een creatief professional, en hoe dit in het portfolio en sociale media geïntegreerd kan worden.', 'level': 'Leerdoel Elementair', 'category': 'BG'}, {'code': 'GDM/0518', 'description': 'De student begrijpt hoe visuele branding, zoals logo, typografie en kleurgebruik, kan bijdragen aan een consistente en professionele uitstraling van het portfolio en de sociale mediakanalen.', 'level': 'Leerdoel Elementair', 'category': 'BG'}, {'code': 'GDM/0519', 'description': 'De student begrijpt het belang van storytelling en gebruikt het om zijn/haar werk en persoonlijke merk op een overtuigende manier te presenteren, zowel in het portfolio als op sociale mediakanalen.', 'level': 'Leerdoel Elementair', 'category': 'BG'}, {'code': 'GDM/0701', 'description': 'De student kent de verschillende functieprofielen in de creatieve sector en hun verhouding tot elkaar.', 'level': 'Leerdoel Elementair', 'category': 'ALG'}, {'code': 'GDM/0802', 'description': 'De student kent de belangrijkste stakeholders van de grafische, creatieve mediasector en hun relevantie.', 'level': 'Leerdoel Elementair', 'category': 'BG'}, {'code': 'GDM/0803', 'description': 'De student begrijpt de basisprincipes van kostenbeheersing, cashflow en investeringen van een KMO in de creatieve sector en heeft inzicht in wat een financieel gezond bedrijf is.', 'level': 'Leerdoel Elementair', 'category': 'ALG'}, {'code': 'GDM/0805', 'description': 'De student kent bedrijfsmodellen en kan deze invullen om nieuwe organisaties/producten in de creatieve sector in kaart te brengen.', 'level': 'Leerdoel Elementair', 'category': 'ALG'}, {'code': 'GDM/0806', 'description': 'De student begrijpt de mechanismen die in een creatief bedrijf gebruikt worden om een werknemer te beoordelen.', 'level': 'Leerdoel Elementair', 'category': 'ALG'}, {'code': 'GDM/0808', 'description': 'De student heeft inzicht in de wetgeving en de gedragscodes waarmee hij in het creatieproces van mediaproducten moet rekening houden en herkent overtredingen hiertegen.', 'level': 'Leerdoel Elementair', 'category': 'ALG'}, {'code': 'GDM/0809', 'description': 'De student heeft inzicht in de regelgeving rond vertrouwelijkheid en integriteit van gegevens (m.n. privacy).', 'level': 'Leerdoel Elementair', 'category': 'ALG'}]","[]","[]","Zie Canvas.","[{'exam_chance': 'Evaluatie(s) voor de eerste examenkans', 'moment': 'tweede examenperiode binnen examenrooster', 'form': 'Schriftelijk', 'percentage': '65,00', 'remark': ''}, {'exam_chance': 'Evaluatie(s) voor de eerste examenkans', 'moment': 'tweede examenperiode buiten examenrooster', 'form': 'Werkstuk', 'percentage': '35,00', 'remark': ''}, {'exam_chance': 'Evaluatie(s) voor de tweede examenkans', 'moment': 'derde examenperiode binnen examenrooster', 'form': 'Schriftelijk', 'percentage': '65,00', 'remark': ''}, {'exam_chance': 'Evaluatie(s) voor de tweede examenkans', 'moment': 'derde examenperiode binnen examenrooster', 'form': 'Werkstuk', 'percentage': '35,00', 'remark': ''}]","Bij te laat indienen van een opdracht, maar minder dan 24 uur na de deadline, wordt 1/3 van de punten afgetrokken. Na 24u te laat indienen, zal een nul worden toegekend voor deze opdracht.","Contacttraject Audiovisual Design","https://bamaflexweb.arteveldehs.be/BMFUIDetailxOLOD.aspx?a=228013&b=1&c=1"
"Design Principles semester 1","2026-27","Bachelor in de grafische en digitale media","","1","4 studiepunten","126,00 uren","01.11.2026 (georganiseerd in semester 1)","op 20 (tot op een geheel getal)","wel","Taalvak:","Engels","1","<div class=""clearfix"">- Belangrijkste kunst- en design-stromingen en hun relevantie voor hedendaags ontwerp.<br/>
- Communicatiepsychologie voor verschillende media.<br/>
- Design Principes en hun toepassingen in verschillende media.<br/>
- Typografie (Anatomie van letters, gebruik van fonts in diverse media, basics in lay-out for motion)<br/>
- Universal design (Accessible, Usable, Inclusive) in het ontwerpen van media.</div>","[{'code': 'GDM/0201', 'description': 'De student begrijpt de basistechnieken van creatief denken.', 'level': 'Leerdoel Elementair', 'category': 'BS'}, {'code': 'GDM/0202', 'description': 'De student heeft inzicht in de principes van multimediale communicatie en het betreffende vakjargon.', 'level': 'Leerdoel Elementair', 'category': 'BS'}, {'code': 'GDM/0203', 'description': 'De student kent de culturele en historische achtergrond van hedendaagse visuele communicatie.', 'level': 'Leerdoel Elementair', 'category': 'BS'}, {'code': 'GDM/0204', 'description': 'De student heeft een goed begrip van design principes en hun toepassingen binnen de verschillende visuele communicatie disciplines', 'level': 'Leerdoel Elementair', 'category': 'BS'}, {'code': 'GDM/0811', 'description': 'De student heeft inzicht in de principes van Universal Design zoals toegankelijkheid, bruikbaarheid, inclusie en flexibiliteit voor het ontwerpen van mediaproducten.', 'level': 'Leerdoel Elementair', 'category': 'ALG'}]","[]","[]","","[{'exam_chance': 'Evaluatie(s) voor de eerste examenkans', 'moment': 'eerste examenperiode binnen examenrooster', 'form': 'Schriftelijk', 'percentage': '75,00', 'remark': ''}, {'exam_chance': 'Evaluatie(s) voor de eerste examenkans', 'moment': 'eerste examenperiode buiten examenrooster', 'form': 'Schriftelijk', 'percentage': '25,00', 'remark': 'Vooruitgeschoven examen'}, {'exam_chance': 'Evaluatie(s) voor de tweede examenkans', 'moment': 'derde examenperiode binnen examenrooster', 'form': 'Schriftelijk', 'percentage': '100,00', 'remark': ''}]","Schriftelijk examen Het vak wordt geëvalueerd met een vooruitgeschoven examen en een eindexamen aan het einde van het semester. Beide examens bestaan uit meerkeuzevragen met vier antwoordmogelijkheden, waarbij telkens één antwoord correct is. Er wordt geen cesuur toegepast op het examen. Het vooruitgeschoven examen telt mee voor 25% van het totaal. Het eindexamen telt mee voor 75% van het totaal. De leerstof van het vooruitgeschoven examen wordt niet hernomen voor het eindexamen. De student kan kiezen om het examen in het Engels of het Nederlands af te leggen.","Contacttraject Audiovisual Design","https://bamaflexweb.arteveldehs.be/BMFUIDetailxOLOD.aspx?a=228322&b=1&c=1"
"Design Research","2026-27","Bachelor in de grafische en digitale media","","1","5 studiepunten","140,00 uren","15.03.2027 (georganiseerd in semester 2)","op 20 (tot op een geheel getal)","wel","Kopatz Janine, Lowagie Jelle, Vanderweeën Benedikte, Verzele Els","Nederlands","2","<div class=""clearfix"">
- De relevantie van onderzoek, specifiek binnen design en media<br/>
- Onderzoeksmethodologie (formuleren onderzoeksvraag, kwantitatief vs. kwalitatief, onderzoeksmethoden, ...)<br/>
- De fasen en bijbehorende methoden binnen een Design Thinking-onderzoek<br/>
- Op elementair niveau zelf een onderzoek opzetten om informatie te vergaren, via bronnen of via eigen onderzoeksactiviteiten<br/>
<ul></ul>
<br class=""t-last-br""/>
<div data-extension-version=""1.0.4"" id=""ConnectiveDocSignExtentionInstalled""> </div></div>","[{'code': 'GDM/0401', 'description': 'De student kent het nut van onderzoek voor een designer, en snapt hoe\\xa0onderzoeksconclusies\\xa0een impact kunnen hebben op (het ontwerp van) een mediaproduct.', 'level': 'Leerdoel Elementair', 'category': 'BG'}, {'code': 'GDM/0402', 'description': ""De student kent het proces van 'design thinking' en kent de verschillende fasen."", 'level': 'Leerdoel Elementair', 'category': 'BG'}, {'code': 'GDM/0403', 'description': ""De student kent het verschil tussen een complexe ('wicked') vraag en een enkelvoudige design- of ontwikkelvraag."", 'level': 'Leerdoel Elementair', 'category': 'BG'}, {'code': 'GDM/0404', 'description': ""De student kan een afgebakende onderzoeksvraag formuleren, vooral in functie van 'design thinking'."", 'level': 'Leerdoel Elementair', 'category': 'BG'}, {'code': 'GDM/0406', 'description': 'De student kent verschillende typen van onderzoeksmethoden, met de toepassingen en voor- en nadelen, voor probleemdefinitie (discover &\\xa0define).', 'level': 'Leerdoel Elementair', 'category': 'BG'}, {'code': 'GDM/0407', 'description': 'De student kent verschillende typen van onderzoeksmethoden, met de toepassingen en voor- en nadelen, voor idee-generatie (ideation).', 'level': 'Leerdoel Elementair', 'category': 'BG'}, {'code': 'GDM/0408', 'description': ""De student kan deze verschillende typen van onderzoeksmethoden koppelen aan fasen in het 'design thinking'-proces."", 'level': 'Leerdoel Elementair', 'category': 'BG'}, {'code': 'GDM/0409', 'description': 'De student heeft de kennis en vaardigheden om op elementair niveau informatie te vergaren, via bronnen of via eigen onderzoeksactiviteiten.', 'level': 'Leerdoel Elementair', 'category': 'BG'}]","[]","[]","Zie Canvas.","[{'exam_chance': 'Evaluatie(s) voor de eerste examenkans', 'moment': 'tweede examenperiode binnen examenrooster', 'form': 'Schriftelijk', 'percentage': '70,00', 'remark': ''}, {'exam_chance': 'Evaluatie(s) voor de eerste examenkans', 'moment': 'tweede examenperiode buiten examenrooster', 'form': 'Werkstuk', 'percentage': '30,00', 'remark': ''}, {'exam_chance': 'Evaluatie(s) voor de tweede examenkans', 'moment': 'derde examenperiode binnen examenrooster', 'form': 'Schriftelijk', 'percentage': '100,00', 'remark': ''}]","Bij te laat indienen van een opdracht, maar minder dan 24 uur na de deadline, wordt 1/3 van de punten afgetrokken. Na 24 uur te laat indienen, zal een nul worden toegekend aan deze opdracht.","Contacttraject Audiovisual Design","https://bamaflexweb.arteveldehs.be/BMFUIDetailxOLOD.aspx?a=228092&b=1&c=1"
"Illustrator semester 1","2026-27","Bachelor in de grafische en digitale media","","1","3 studiepunten","83,00 uren","01.11.2026 (georganiseerd in semester 1)","op 20 (tot op een geheel getal)","wel","Duytschaever Tineke, Hemelsoet Ingrid, Langeraert Pieter, Vande Populiere Eva","Nederlands","1","<div class=""clearfix""><p>Software pakket Adobe Illustrator:</p>
<ul>
<li>Werken met documenten</li>
<li>Basishandelingen</li>
<li>Basisvormen en actieve vormen</li>
<li>Vormen combineren</li>
<li>Laagorganisatie en tekengebieden</li>
<li>Objecten kleuren</li>
<li>Objecten transformeren</li>
<li>Paden tekenen en bewerken</li>
<li>Maskers</li>
<li>Objecten positioneren met grid, hulplijnen, transformatiepalet</li>
<li>Vormkenmerken</li>
<li>Effecten en vervormingen</li>
</ul>
<p>
Georganiseerde files kunnen aanleveren die op efficiënte manier altijd aanpasbaar zijn volgens de wensen van de klant. </p>
</div>","[{'code': 'GDM/0316', 'description': 'De student kan op een vakkundige en efficiënte wijze een goed georganiseerd en correct opgebouwde digitaal ontwerp opmaken in Illustrator.', 'level': 'Leerdoel Verdiepend-Verbredend', 'category': 'BS'}]","[]","[]","Dit olod wordt gegeven in een combinatie van praktijklessen, zelfstandig leren en opdrachten met permanente evaluatie. De student neemt tijdens de voorbereiding, studie, onderzoek en uitvoering het initiatief tot feedback. Zie ook de studiewijzer in Canvas.","[{'exam_chance': 'Evaluatie(s) voor de eerste examenkans', 'moment': 'eerste examenperiode binnen examenrooster', 'form': 'Schriftelijk', 'percentage': '75,00', 'remark': ''}, {'exam_chance': 'Evaluatie(s) voor de eerste examenkans', 'moment': 'eerste examenperiode buiten examenrooster', 'form': 'Werkstuk permanente evaluatie (Permanente evaluatie)', 'percentage': '25,00', 'remark': ''}, {'exam_chance': 'Evaluatie(s) voor de tweede examenkans', 'moment': 'derde examenperiode binnen examenrooster', 'form': 'Schriftelijk', 'percentage': '100,00', 'remark': ''}]","Bij te laat indienen van een opdracht, maar minder dan 24 uur na de deadline, wordt 1/3 van de punten afgetrokken. Na 24u te laat indienen, zal een nul worden toegekend aan deze opdracht. De eerste examenkans bestaat voor 25% evaluatie van de opdrachten gedurende het semester en 75% uit examenopdracht op eigen laptop op de campus. De tweede examenkans bestaat uit een examenopdracht (100%) op de campus tijdens de examenperiode op eigen laptop.","Contacttraject Audiovisual Design","https://bamaflexweb.arteveldehs.be/BMFUIDetailxOLOD.aspx?a=230587&b=1&c=1"
"Media Technology","2026-27","Bachelor in de grafische en digitale media","","1","5 studiepunten","139,00 uren","01.11.2026 (georganiseerd in semester 1)","op 20 (tot op een geheel getal)","wel","Pas Jens","Nederlands","1","<div class=""clearfix""><p>Het vak Mediatechnologie biedt een brede en fundamentele inleiding in de technologische bouwstenen van hedendaagse media. Studenten verwerven een helder overzicht van hoe verschillende mediatechnologieën functioneren en hoe ze complementair samenwerken binnen mediaproductie en -gebruik. De cursus focust op inzicht in onderliggende principes en systemen. </p>
<p>
Door deze brede benadering ontwikkelen studenten een geïntegreerd begrip van beeld, geluid, drukwerk en digitale media, wat hen toelaat om verbanden te leggen tussen verschillende technologieën en beter onderbouwde keuzes te maken in hun verdere opleiding en praktijk.</p>
<p>Belangrijkste onderdelen van de cursus:<br/>
•	Inleiding tot mediatechnologie en haar toepassingsdomeinen<br/>
•	Basisprincipes van elektriciteit als fundament voor technologie<br/>
•	ICT-basiskennis: hardware, opslag, netwerken en systeemarchitecturen<br/>
•	Digitale representatie van informatie (beeld en geluid)<br/>
•	Printtechnologie en drukprocessen<br/>
•	3D-technologie: modeling, scanning, printing en animatie<br/>
•	Immersieve media: AR, VR en XR<br/>
•	Bestandsformaten, compressie en opslagmedia<br/>
•	Videotechnologie: beeldvorming, compressie en distributie<br/>
•	Audiotechnologie: opname, signaalverwerking en digitalisering<br/>
•	Distributie van media (o.a. streaming en narrowcasting)<br/>
• Introductie in Artificiële Intelligentie</p>
<br/><br/>
<br/><br/>
</div>","[{'code': 'GDM/0301', 'description': 'De student kent de toepassingen, materialen en productiemethoden van verschillende 3D-toepassingen.', 'level': 'Leerdoel Elementair', 'category': 'BS'}, {'code': 'GDM/0302', 'description': 'De student kent de verschillende fasen van een 3D- productieproces.', 'level': 'Leerdoel Elementair', 'category': 'BS'}, {'code': 'GDM/0303', 'description': 'De student kent en begrijpt de terminologie en werking van audiovisuele technologie.', 'level': 'Leerdoel Elementair', 'category': 'BS'}, {'code': 'GDM/0304', 'description': 'De student kent en begrijpt de terminologie en werking van printtechnologie.', 'level': 'Leerdoel Elementair', 'category': 'BS'}, {'code': 'GDM/0305', 'description': 'De student heeft inzciht in de verschillende fasen van een printproductieproces: prepress, press en postpress.', 'level': 'Leerdoel Elementair', 'category': 'BS'}, {'code': 'GDM/0307', 'description': 'De student kent de toepassingen, materialen en productiemethoden van verschillende printtoepassingen.', 'level': 'Leerdoel Elementair', 'category': 'BS'}, {'code': 'GDM/0308', 'description': 'De student kent en begrijpt de terminologie en werking van computer- en internet technologie.', 'level': 'Leerdoel Elementair', 'category': 'BS'}, {'code': 'GDM/0399996', 'description': 'De student kan de basisprincipes, werk¬processen en toepassings¬mogelijkheden van hedendaagse AI systemen helder toelichten.', 'level': 'Leerdoel Verdiepend-Verbredend', 'category': 'BS'}]","[]","[]","De onderwijsorganisatie betreft hoorcollege's die op de campus worden georganiseerd. Details over de structuur van de college's en de onderwerpen vind je terug in de studiewijzer op Canvas.","[{'exam_chance': 'Evaluatie(s) voor de eerste examenkans', 'moment': 'eerste examenperiode binnen examenrooster', 'form': 'Schriftelijk', 'percentage': '75,00', 'remark': ''}, {'exam_chance': 'Evaluatie(s) voor de eerste examenkans', 'moment': 'eerste examenperiode buiten examenrooster', 'form': 'Schriftelijk', 'percentage': '25,00', 'remark': 'Vooruitgeschoven examen na de herfstperiode'}, {'exam_chance': 'Evaluatie(s) voor de tweede examenkans', 'moment': 'derde examenperiode binnen examenrooster', 'form': 'Schriftelijk', 'percentage': '100,00', 'remark': ''}]","Schriftelijk examen Het vak wordt geëvalueerd met een vooruitgeschoven examen en een eindexamen aan het einde van het semester. Beide examens bestaan uit meerkeuzevragen met vier antwoordmogelijkheden, waarbij telkens één antwoord correct is. Er wordt geen cesuur toegepast op het examen. Het vooruitgeschoven examen telt mee voor 25% van het totaal. Het eindexamen telt mee voor 75% van het totaal. De leerstof van het vooruitgeschoven examen wordt niet hernomen voor het eindexamen.","Contacttraject Audiovisual Design","https://bamaflexweb.arteveldehs.be/BMFUIDetailxOLOD.aspx?a=228780&b=1&c=1"
"Motion  2","2026-27","Bachelor in de grafische en digitale media","","1","5 studiepunten","190,00 uren","15.03.2027 (georganiseerd in semester 2)","op 20 (tot op een geheel getal)","wel","Moortgat Lotte, Van Gompel Fre","Nederlands","2","<div class=""clearfix""><strong>Motion 2 Layout For Motion:</strong><br/>
-<span style=""white-space:pre;""> </span><span style=""text-decoration: underline;"">Basisbegrippen uit de 3D beeldvorming begrijpen en leren toepassen: </span>Inleiding tot de basisprincipes van 3D-beeldvorming, zoals perspectief, 	diepte, en ruimtelijke ordening. Studenten leren hoe ze deze <span style=""white-space:pre;""> </span>concepten -kunnen toepassen in hun eigen ontwerpen en animaties.<br/>
-<span style=""white-space:pre;""> </span><span style=""text-decoration: underline;"">Leren analyseren en herkennen van deze basisprincipes:</span> Studenten analyseren bestaande werken om de toegepaste principes van compositie, kleur en 3D-beeldvorming te herkennen en begrijpen hoe deze <span style=""white-space:pre;""> </span>bijdragen aan het totale visuele effect.<br/>
-<span style=""white-space:pre;""> </span><span style=""text-decoration: underline;"">Bestaande 3D-animatiefilms analyseren op het gebied van beeldvorming:</span> Analyse van professionele 3D-animatiefilms om inzicht te krijgen in de gebruikte beeldvormingstechnieken en hun impact op de <span style=""white-space:pre;""> </span>kijkervaring.<br/>
- <span style=""white-space:pre;""> </span><span style=""text-decoration: underline;"">Toepassen van beeldvorming gericht op 3D via fotografie:</span> Studenten passen de geleerde principes van 3D-beeldvorming toe in fotografie, leren technieken zoals lichtgebruik, schaduwwerking en compositie om <span style=""white-space:pre;""> </span>diepte en ruimte in foto's te creëren.<br/>
<br/>
<strong>Motion 2 3D:</strong><br/>
-<span style=""white-space:pre;""> </span><span style=""text-decoration: underline;"">Kennismaking met 3D-software:</span> Basisinleiding in een 3D-softwarepakket (zoals Blender of Cinema 4D). Studenten leren de basisinterface en functies van de 3D-omgeving, inclusief het navigeren door de <span style=""white-space:pre;""> </span>3D-<span style=""white-space:pre;""> </span>ruimte en het manipuleren van objecten.<br/>
-<span style=""white-space:pre;""> </span><span style=""text-decoration: underline;"">Basistechnieken</span> (Loft, Lathe, Extrude, Sweep): Inzicht in en toepassing van fundamentele 3D-modelleringstechnieken. Loft, Lathe, Extrude en Sweep zijn methoden om 3D-vormen te creëren door 2D-profielen <span style=""white-space:pre;""> </span>te extruderen, te roteren of te projecteren. Werken met Subdivision Surface Modeling. Basistechnieken van modeling (hard-surface objecten). <br/>
- <span style=""white-space:pre;""> </span><span style=""text-decoration: underline;"">Gebruik van cloners:</span> Toepassing van cloners om meerdere kopieën van een object te creëren en te manipuleren in een 3D-omgeving. Dit wordt vaak gebruikt voor het maken van complexe structuren of <span style=""white-space:pre;""> </span>patronen.<br/>
-<span style=""white-space:pre;""> </span><span style=""text-decoration: underline;"">Materials/Shaders:</span> Toekennen en beheren van materialen en shaders om de textuur en het uiterlijk van 3D-objecten te definiëren. Studenten leren werken met verschillende soorten materialen zoals glas, steen <span style=""white-space:pre;""> </span>en metaal.<br/>
- <span style=""white-space:pre;""> </span><span style=""text-decoration: underline;"">Belichting:</span> Analyse en toepassing van verschillende lichtbronnen in een 3D-scène. Studenten leren technieken zoals Global Illumination (simulatie van realistische lichtreflecties) en HDRI (gebruik van <span style=""white-space:pre;""> </span>high-<span style=""white-space:pre;""> </span>dynamic-range imaging voor belichting).<br/>
- <span style=""white-space:pre;""> </span><span style=""text-decoration: underline;"">Renderen van 3D-objecten:</span> Processen en technieken voor het renderen van 3D-objecten en scènes, inclusief het instellen van renderparameters en het begrijpen van renderoutput.<br/>
-<span style=""white-space:pre;""> </span><span style=""text-decoration: underline;"">Camera’s in 3D:</span> Gebruik van verschillende cameratechnieken in een 3D-omgeving, zoals perspectief, parallel en isometrisch. Studenten leren hoe ze de camera kunnen positioneren en animeren voor optimale <span style=""white-space:pre;""> </span>visuele effecten.<br/>
- <span style=""white-space:pre;""> </span><span style=""text-decoration: underline;"">Basisanimatie in 3D:</span> Inleiding tot 3D-animatie, inclusief het animeren van objecten en camera’s binnen een 3D-omgeving. Studenten leren basisprincipes van beweging en timing toepassen in een <span style=""white-space:pre;""> </span>driedimensionale context.<br/>
- <span style=""white-space:pre;""> </span>Het samenbrengen van het 2D-programma (After Effects) en C4D om compositing aan te leren en de link te leggen tussen de aangeleerde leerstof van beide programma’s/technieken.</div>","[{'code': 'GDM/0205', 'description': 'De student beheerst een basiskennis van typografische principes en kan deze toepassen in een eenvoudig ontwerp.', 'level': 'Leerdoel Elementair', 'category': 'BS'}, {'code': 'GDM/0207', 'description': 'De student past design principes zoals contrast, compositie, kleurgebruik, storytelling, enz., toe om een aantrekkelijk, evenwichtig en visueel aantrekkelijk mediaproduct te creëren.', 'level': 'Leerdoel Verdiepend-Verbredend', 'category': 'BS'}, {'code': 'GDM/0208', 'description': 'De student past creatieve denktechnieken en methoden toe om originele en creatieve ideeën te genereren als basis voor de uitwerking van een mediaproduct.', 'level': 'Leerdoel Verdiepend-Verbredend', 'category': 'BS'}, {'code': 'GDM/0209', 'description': 'De student kan de gegenereerde ideeën omzetten in een goed gedefinieerd concept voor het mediaproduct.', 'level': 'Leerdoel Verdiepend-Verbredend', 'category': 'BS'}, {'code': 'GDM/0210', 'description': 'De student houdt rekening met de doelgroep, het doel en de boodschap van het mediaproduct bij het vormgeven van het concept.', 'level': 'Leerdoel Verdiepend-Verbredend', 'category': 'BS'}, {'code': 'GDM/0211', 'description': 'De student kan een complexe vraag analyseren, vereenvoudigen en vertalen naar visuele output (denk aan opdrachten zoals stappenplan, handleiding, infografiek, scenario,…)', 'level': 'Leerdoel Verdiepend-Verbredend', 'category': 'BS'}, {'code': 'GDM/0315', 'description': 'De student past animatiesoftware vakkundig toe om motion design principes tot stand te brengen in audiovisuele mediaproducten.', 'level': 'Leerdoel Verdiepend-Verbredend', 'category': 'BS'}]","[]","[]","Zie Canvas. De onderwijs- en evaluatie-organisatie zal verlopen zoals op deze ECTS-fiches is vermeld, tenzij maatregelen moeten genomen worden ten gevolge van een pandemie en zodoende er andere onderwijs- en evaluatievormen zullen gehanteerd worden.","[{'exam_chance': 'Evaluatie(s) voor de eerste examenkans', 'moment': 'tweede examenperiode binnen examenrooster', 'form': 'Werkstuk', 'percentage': '25,00', 'remark': ''}, {'exam_chance': 'Evaluatie(s) voor de eerste examenkans', 'moment': 'tweede examenperiode buiten examenrooster', 'form': 'Werkstuk', 'percentage': '75,00', 'remark': ''}, {'exam_chance': 'Evaluatie(s) voor de tweede examenkans', 'moment': 'derde examenperiode binnen examenrooster', 'form': 'Werkstuk', 'percentage': '100,00', 'remark': ''}]","- Studenten realiseren tijdens de lessenreeks werkstukken (Layout-opdrachten) die geëvalueerd worden. - Studenten realiseren tijdens de lessenreeks werkstukken (3D-opdrachten) die geëvalueerd worden. - Deze werkstukken worden gefinaliseerd in ""Taken in Zelfstudietijd"" en ingediend op de vooropgestelde data. - Bij te laat indienen van een opdracht, maar minder dan 24 uur na de deadline, wordt 1/3 van de punten afgetrokken. - Na 24u te laat indienen, zal een nul worden toegekend voor deze opdracht. - Voor de tweede examenkans wordt een nieuwe opdracht gemaakt waarin alle eindcompetenties opnieuw worden beoordeeld en er mag niets hergebruikt worden van indieningen doorheen het academiejaar/vorige academiejaren. - AI mag niet gebruikt worden bij de opdrachten, tenzij anders vermeld. - Studenten leveren unieke mediaproducten af en hergebruiken geen elementen vanuit andere bronnen of personen, tenzij anders vermeld. Ook het aankopen van elementen ten voordele van de opdracht is niet toegestaan.","Contacttraject Audiovisual Design","https://bamaflexweb.arteveldehs.be/BMFUIDetailxOLOD.aspx?a=230578&b=1&c=1"
"Motion 1","2026-27","Bachelor in de grafische en digitale media","","1","5 studiepunten","190,00 uren","01.11.2026 (georganiseerd in semester 1)","op 20 (tot op een geheel getal)","wel","Moortgat Lotte, Vandermarcke Katrien, Van Gompel Fre, Vanhees Rob","Nederlands","1","<div class=""clearfix"">Motion 1 Layout For Motion:<br/>
<br/>
<br/>
- <span style=""white-space:pre;""> </span><span style=""text-decoration: underline;"">Basisprincipes uit compositieleer begrijpen en toepassen:</span> Studenten leren de fundamentele principes van compositie zoals balans, contrast, focus, en hiërarchie. Deze principes helpen bij het creëren van visueel <span style=""white-space:pre;""> </span>aantrekkelijke en effectieve ontwerpen.<br/>
- <span style=""white-space:pre;""> </span><span style=""text-decoration: underline;"">Basisprincipes uit kleurenleer begrijpen en toepassen:</span> Studenten verwerven inzicht in kleurentheorie, inclusief kleurenschema's, kleurharmonie, en de psychologische effecten van kleur. Ze leren hoe ze kleur <span style=""white-space:pre;""> </span>kunnen gebruiken om stemming en emotie in hun werk te beïnvloeden.<br/>
- <span style=""white-space:pre;""> </span><span style=""text-decoration: underline;"">Basisprincipes animatie:</span> Inleiding tot de fundamentele principes van animatie zoals timing, spacing, squash en stretch, anticipatie, staging, en follow-through. Studenten leren hoe deze principes bijdragen aan <span style=""white-space:pre;""> </span>het - creëren van overtuigende en dynamische animaties.<br/>
- <span style=""white-space:pre;""> </span><span style=""text-decoration: underline;"">Match Cuts:</span> Techniek waarbij twee verschillende scènes naadloos in elkaar overlopen door overeenkomsten in compositie, beweging, of inhoud. Studenten leren hoe ze deze techniek kunnen toepassen om <span style=""white-space:pre;""> </span>visueel interessante en vloeiende overgangen te creëren.<br/>
- <span style=""white-space:pre;""> </span><span style=""text-decoration: underline;"">Typografie in motion:</span> Het effectief gebruiken van typografie in bewegende beelden. Dit omvat het begrijpen van lettertypes, hiërarchie, leesbaarheid en de rol van typografie in het overbrengen van <span style=""white-space:pre;""> </span>boodschappen en emoties in motion graphics.<br/>
<br/>
<br/>
Motion 1 2D:<br/>
<br/>
<br/>
-<span style=""white-space:pre;""> </span><span style=""text-decoration: underline;"">Kennismaking met de basisaspecten van After Effects:</span> Introductie tot de interface en de basisfunctionaliteiten van After Effects, zoals het werken met tijdlijnen, lagen, solids, shape layers en basisbewerkingen.<br/>
- <span style=""white-space:pre;""> </span><span style=""text-decoration: underline;"">Objecten importeren:</span> Instructies over het importeren van verschillende soorten media (foto’s, audio) in After Effects om te gebruiken in projecten.<br/>
- <span style=""white-space:pre;""> </span><span style=""text-decoration: underline;"">Masks toepassen:</span> Leren hoe masks te creëren en toe te passen op lagen om specifieke delen van de compositie te isoleren en te bewerken.<br/>
- <span style=""white-space:pre;""> </span><span style=""text-decoration: underline;"">Compositing/layering:</span> Basisprincipes van compositing en het werken met meerdere lagen om complexe beelden en animaties te maken.<br/>
- <span style=""white-space:pre;""> </span><span style=""text-decoration: underline;"">Blendingmodes tussen layers:</span> Gebruik van blending modes om de interactie tussen verschillende lagen te beïnvloeden en unieke visuele effecten te creëren.<br/>
-<span style=""white-space:pre;""> </span><span style=""text-decoration: underline;"">Werken met verschillende rendersettings en de nodige toepassingen:</span> Kennis opdoen over de verschillende renderinstellingen in After Effects en hoe deze toe te passen om het beste resultaat voor verschillende <span style=""white-space:pre;""> </span>projecten te bereiken.<br/>
-<span style=""white-space:pre;""> </span><span style=""text-decoration: underline;"">Collecten van AE-projecten:</span> Vaardigheden ontwikkelen om After Effects-projecten efficiënt te organiseren, bestanden te verzamelen en projecten klaar te maken voor overdracht of archivering.<br/>
- <span style=""white-space:pre;""> </span><span style=""text-decoration: underline;"">Het gebruik van Parallax binnen After Effects (2.5D):</span> Technieken leren om een gevoel van diepte te creëren door lagen in verschillende snelheden te laten bewegen, wat een 2.5D-parallax effect oplevert.</div>","[{'code': 'GDM/0205', 'description': 'De student beheerst een basiskennis van typografische principes en kan deze toepassen in een eenvoudig ontwerp.', 'level': 'Leerdoel Elementair', 'category': 'BS'}, {'code': 'GDM/0207', 'description': 'De student past design principes zoals contrast, compositie, kleurgebruik, storytelling, enz., toe om een aantrekkelijk, evenwichtig en visueel aantrekkelijk mediaproduct te creëren.', 'level': 'Leerdoel Verdiepend-Verbredend', 'category': 'BS'}, {'code': 'GDM/0208', 'description': 'De student past creatieve denktechnieken en methoden toe om originele en creatieve ideeën te genereren als basis voor de uitwerking van een mediaproduct.', 'level': 'Leerdoel Verdiepend-Verbredend', 'category': 'BS'}, {'code': 'GDM/0315', 'description': 'De student past animatiesoftware vakkundig toe om motion design principes tot stand te brengen in audiovisuele mediaproducten.', 'level': 'Leerdoel Verdiepend-Verbredend', 'category': 'BS'}]","[]","[]","Zie Canvas.","[{'exam_chance': 'Evaluatie(s) voor de eerste examenkans', 'moment': 'eerste examenperiode binnen examenrooster', 'form': 'Werkstuk', 'percentage': '25,00', 'remark': ''}, {'exam_chance': 'Evaluatie(s) voor de eerste examenkans', 'moment': 'eerste examenperiode buiten examenrooster', 'form': 'Werkstuk', 'percentage': '75,00', 'remark': ''}, {'exam_chance': 'Evaluatie(s) voor de tweede examenkans', 'moment': 'derde examenperiode binnen examenrooster', 'form': 'Werkstuk', 'percentage': '100,00', 'remark': ''}]","- Studenten realiseren tijdens de lessenreeks werkstukken (Layout-opdrachten) die geëvalueerd worden. - Studenten realiseren tijdens de lessenreeks werkstukken (2D-opdrachten) die geëvalueerd worden. - Deze werkstukken worden gefinaliseerd in ""Taken in Zelfstudietijd"" en ingediend op de vooropgestelde data. - Bij te laat indienen van een opdracht, maar minder dan 24 uur na de deadline, wordt 1/3 van de gescoorde punten afgetrokken. - Na 24u te laat indienen, zal een nul worden toegekend voor deze opdracht. - Voor de tweede examenkans wordt een nieuwe opdracht gemaakt waarin alle eindcompetenties opnieuw worden beoordeeld en er mag niets hergebruikt worden van indieningen doorheen het academiejaar/vorige academiejaren. - AI mag niet gebruikt worden bij de opdrachten, tenzij anders vermeld. - Studenten leveren unieke mediaproducten af en hergebruiken geen elementen vanuit andere bronnen of personen, tenzij anders vermeld. Ook het aankopen van elementen ten voordele van de opdracht is niet toegestaan.","Contacttraject Audiovisual Design","https://bamaflexweb.arteveldehs.be/BMFUIDetailxOLOD.aspx?a=230219&b=1&c=1"
"Photoshop semester 1","2026-27","Bachelor in de grafische en digitale media","","1","3 studiepunten","83,00 uren","01.11.2026 (georganiseerd in semester 1)","op 20 (tot op een geheel getal)","wel","Duytschaever Tineke, Hemelsoet Ingrid, Langeraert Pieter, Snels Merel, Vanderweeën Benedikte","Nederlands","1","<div class=""clearfix""><p>Software pakket Photoshop, <strong>beeldbewerking op niet-destructieve manier</strong> (=met behoud van originele beelddata)</p>
<p>
De volgende inhouden komen aan bod:</p>
<ul>
<li>Beeldopbouw en canvasbeheer</li>
<li>Werken met lagen en laagstructuren</li>
<li>Gebruik van aanpassingslagen en laagstijlen</li>
<li>Slimme objecten en slimme filters</li>
<li>Creatieve toepassing van effecten met behoud van originele beelddata</li>
<li>Selectie- en maskertechnieken</li>
<li>Selecties maken, bewerken, bewaren en opnieuw gebruiken</li>
<li>Vrijstellen van beelden via laagmaskers en vectormaskers</li>
<li>Precisiewerk met paden en vormlagen</li>
<li>Dupliceer- en retoucheertechnieken</li>
<li>Gebruik van teken- en bewerkingstools</li>
<li>Toepassen van generatieve AI in Photoshop (bv. Generative Fill)</li>
</ul>
<p>Het doel is om een eenvoudige en <strong>geloofwaardige montage </strong>te kunnen maken:</p>
<ul>
<li>montage op niet-destructieve wijze</li>
<li>met toevoeging van <strong>schaduwen, blend, lichtinval en colourgrading </strong>toe te voegen, allemaal op<strong> niet-destructieve wijze.</strong></li>
</ul>
<br/><br/>
<ul>
</ul></div>","[{'code': 'GDM/0317', 'description': 'De student kan op een vakkundige en efficiënte wijze een goed georganiseerd en correct opgebouwde digitaal ontwerp opmaken in Photoshop.', 'level': 'Leerdoel Verdiepend-Verbredend', 'category': 'BS'}]","[]","[]","Dit olod wordt gegeven in een combinatie van praktijklessen, zelfstandig leren en opdrachten met permanente evaluatie. De student neemt tijdens de voorbereiding, studie, onderzoek en uitvoering het initiatief tot feedback. Zie ook de studiewijzer in Canvas.","[{'exam_chance': 'Evaluatie(s) voor de eerste examenkans', 'moment': 'eerste examenperiode binnen examenrooster', 'form': 'Schriftelijk', 'percentage': '75,00', 'remark': ''}, {'exam_chance': 'Evaluatie(s) voor de eerste examenkans', 'moment': 'eerste examenperiode buiten examenrooster', 'form': 'Werkstuk permanente evaluatie (Permanente evaluatie)', 'percentage': '25,00', 'remark': ''}, {'exam_chance': 'Evaluatie(s) voor de tweede examenkans', 'moment': 'derde examenperiode binnen examenrooster', 'form': 'Werkstuk', 'percentage': '100,00', 'remark': ''}]","Bij te laat indienen van een opdracht, maar minder dan 24 uur na de deadline, wordt 1/3 van de punten afgetrokken. Na 24u te laat indienen, zal een nul worden toegekend aan deze opdracht. De eerste examenkans bestaat voor 25% evaluatie van de opdrachten gedurende het semester en 75% uit examenopdracht op eigen laptop op de campus. De tweede examenkans bestaat uit een examenopdracht (100%) op de campus tijdens de examenperiode op eigen laptop.","Contacttraject Audiovisual Design","https://bamaflexweb.arteveldehs.be/BMFUIDetailxOLOD.aspx?a=230586&b=1&c=1"
"Story 1","2026-27","Bachelor in de grafische en digitale media","","1","5 studiepunten","150,00 uren","01.11.2026 (georganiseerd in semester 1)","op 20 (tot op een geheel getal)","wel","D'Hondt Glenn, Moeraert Eva, Weyens Barend","Nederlands","1","<div class=""clearfix""><ul>
<li>Wat is STORY? - Geschiedenis / filosofie</li>
<li>Het kader / kadrage</li>
<li>Opbouw van een verhaal / storyboard en animatic</li>
<li>Inspiratie, brainstormen en pitchen</li>
<li>Acteren en improvisatie</li>
<li>Van concept naar scénario en dialoog</li>
<li>Filmcultuur / inzicht 1.0</li>
</ul></div>","[{'code': 'GDM/0207', 'description': 'De student past design principes zoals contrast, compositie, kleurgebruik, storytelling, enz., toe om een aantrekkelijk, evenwichtig en visueel aantrekkelijk mediaproduct te creëren.', 'level': 'Leerdoel Verdiepend-Verbredend', 'category': 'BS'}, {'code': 'GDM/0208', 'description': 'De student past creatieve denktechnieken en methoden toe om originele en creatieve ideeën te genereren als basis voor de uitwerking van een mediaproduct.', 'level': 'Leerdoel Verdiepend-Verbredend', 'category': 'BS'}, {'code': 'GDM/0209', 'description': 'De student kan de gegenereerde ideeën omzetten in een goed gedefinieerd concept voor het mediaproduct.', 'level': 'Leerdoel Verdiepend-Verbredend', 'category': 'BS'}, {'code': 'GDM/0213', 'description': 'De student gebruikt feedback en inzichten om iteratief te werken aan het verfijnen en verbeteren van het mediaproduct.', 'level': 'Leerdoel Verdiepend-Verbredend', 'category': 'BS'}]","[]","[]","Zie Canvas.","[{'exam_chance': 'Evaluatie(s) voor de eerste examenkans', 'moment': 'eerste examenperiode binnen examenrooster', 'form': 'Werkstuk', 'percentage': '30,00', 'remark': ''}, {'exam_chance': 'Evaluatie(s) voor de eerste examenkans', 'moment': 'eerste examenperiode buiten examenrooster', 'form': 'Werkstuk', 'percentage': '70,00', 'remark': ''}, {'exam_chance': 'Evaluatie(s) voor de tweede examenkans', 'moment': 'derde examenperiode binnen examenrooster', 'form': 'Werkstuk', 'percentage': '100,00', 'remark': ''}]","Over het semester gespreid worden verschillende werkstukken gemaakt met specifieke deadlines. Voor de tweede examenkans wordt een nieuwe opdracht gemaakt waarin alle eindcompetenties opnieuw worden beoordeeld. Bij te laat indienen van een opdracht, maar minder dan 24 uur na de deadline, wordt 1/3 van de punten afgetrokken. Na 24u te laat indienen, zal een nul worden toegekend voor deze opdracht.","Contacttraject Audiovisual Design","https://bamaflexweb.arteveldehs.be/BMFUIDetailxOLOD.aspx?a=230584&b=1&c=1"
"Story 2","2026-27","Bachelor in de grafische en digitale media","","1","5 studiepunten","150,00 uren","15.03.2027 (georganiseerd in semester 2)","op 20 (tot op een geheel getal)","wel","D'Hondt Glenn, Weyens Barend","Nederlands","2","<div class=""clearfix""><ul>
<li>STORY / Plot en verhaalstructuur</li>
<li>Boetseren van tijd en ruimte / spanningsboog en dynamiek</li>
<li>Documentaire film / waarnemen - waarheid &amp; werkelijkheid</li>
<li>Van scenario naar uitvoering
    <ul>
<li>Research / Workflow</li>
<li>Tools en documenten</li>
</ul>
</li>
<li>Regie - De regisseur als inspirator en bewaker van het verhaal</li>
<li>Filmcultuur / inzicht 2.0</li>
</ul></div>","[{'code': 'GDM/0207', 'description': 'De student past design principes zoals contrast, compositie, kleurgebruik, storytelling, enz., toe om een aantrekkelijk, evenwichtig en visueel aantrekkelijk mediaproduct te creëren.', 'level': 'Leerdoel Verdiepend-Verbredend', 'category': 'BS'}, {'code': 'GDM/0208', 'description': 'De student past creatieve denktechnieken en methoden toe om originele en creatieve ideeën te genereren als basis voor de uitwerking van een mediaproduct.', 'level': 'Leerdoel Verdiepend-Verbredend', 'category': 'BS'}, {'code': 'GDM/0209', 'description': 'De student kan de gegenereerde ideeën omzetten in een goed gedefinieerd concept voor het mediaproduct.', 'level': 'Leerdoel Verdiepend-Verbredend', 'category': 'BS'}, {'code': 'GDM/0210', 'description': 'De student houdt rekening met de doelgroep, het doel en de boodschap van het mediaproduct bij het vormgeven van het concept.', 'level': 'Leerdoel Verdiepend-Verbredend', 'category': 'BS'}, {'code': 'GDM/0213', 'description': 'De student gebruikt feedback en inzichten om iteratief te werken aan het verfijnen en verbeteren van het mediaproduct.', 'level': 'Leerdoel Verdiepend-Verbredend', 'category': 'BS'}, {'code': 'GDM/0214', 'description': 'De student evalueert kritisch zijn/haar eigen werk en verzamelt feedback van anderen om het mediaproduct verder te verbeteren.', 'level': 'Leerdoel Verdiepend-Verbredend', 'category': 'BS'}]","[]","[]","Zie Canvas.","[{'exam_chance': 'Evaluatie(s) voor de eerste examenkans', 'moment': 'tweede examenperiode binnen examenrooster', 'form': 'Werkstuk', 'percentage': '30,00', 'remark': ''}, {'exam_chance': 'Evaluatie(s) voor de eerste examenkans', 'moment': 'tweede examenperiode buiten examenrooster', 'form': 'Werkstuk', 'percentage': '70,00', 'remark': ''}, {'exam_chance': 'Evaluatie(s) voor de tweede examenkans', 'moment': 'derde examenperiode binnen examenrooster', 'form': 'Werkstuk', 'percentage': '100,00', 'remark': ''}]","Over het semester gespreid worden verschillende werkstukken gemaakt met specifieke deadlines. Voor de tweede examenkans wordt een nieuwe opdracht gemaakt waarin alle eindcompetenties opnieuw worden beoordeeld. Bij te laat indienen van een opdracht, maar minder dan 24 uur na de deadline, wordt 1/3 van de punten afgetrokken. Na 24u te laat indienen, zal een nul worden toegekend voor deze opdracht.","Contacttraject Audiovisual Design","https://bamaflexweb.arteveldehs.be/BMFUIDetailxOLOD.aspx?a=230579&b=1&c=1"
"Talent Factory","2026-27","Bachelor in de grafische en digitale media","","1","5 studiepunten","136,00 uren","15.03.2027 (georganiseerd in semester 2)","op 20 (tot op een geheel getal)","wel","De Laender Annick, Hemelsoet Ingrid, Vandenberghe Peter, Vandermarcke Katrien, Van Speybroeck Marjolein","Nederlands","2","<div class=""clearfix""><p>In het opleidingsonderdeel Talent Factory (5 ECTS) van semester 2 gaan we op ontdekkingstocht naar:<br/>
<br/>
<strong>Wie ben IK nu?</strong><br/>
<br/>
Ontdekking van talenten en blinde vlek. Brainstorm over het eigen zijn. Inzetten van hefboomvaardigheden.<br/>
""Wie wil IK worden op het einde van het semester én op langere termijn als media-professional?""<br/>
<br/>
<strong>Goalsetting</strong></p>
<p>""Wat is mijn doelstelling?""; ""Welke subdoelen zijn er?"", ""Wat heb IK nodig om mijn doel te realiseren?""; ""Wat ga IK doen om mijn hiaten aan te vullen?""; ""Wat is mijn plan van aanpak?""</p>
<p>Topics als zelfsturing en oplossingsgericht denken, reflectie, stressmanagement &amp; selfcoaching, assertiviteit, feedback worden behandeld.</p>
<p><strong><br/>
Wie ben IK in een team?</strong><br/>
<br/>
""Hoe zet ik mijn talenten in een team?""</p>
<em>
<br/>
</em>
<br/>
<br/>
<br/>
</div>","[{'code': 'GDM/0501', 'description': 'De student begrijpt het begrip reflectie en erkent het belang van reflectie als middel voor persoonlijke en professionele groei.', 'level': 'Leerdoel Elementair', 'category': 'ALG'}, {'code': 'GDM/0502', 'description': 'De student begrijpt het SMART-acroniem en de betekenis van de verschillende componenten (Specifiek, Meetbaar, Acceptabel, Realistisch, Tijdgebonden).', 'level': 'Leerdoel Elementair', 'category': 'ALG'}, {'code': 'GDM/0503', 'description': 'De student heeft inzicht in eigen waardekader en interesses, herkent zijn eigen motivatie en kan keuzes maken in functie daarvan.', 'level': 'Leerdoel Elementair', 'category': 'ALG'}, {'code': 'GDM/0504', 'description': 'De student kan specifieke en meetbare doelstellingen formuleren voor reflectie op basis van SMART-principes.', 'level': 'Leerdoel Elementair', 'category': 'ALG'}, {'code': 'GDM/0506', 'description': 'De student identificeert en evalueert constructief en objectief de eigen talenten, groeimogelijkheden en valkuilen op persoonlijk vlak en binnen het eigen vakgebied.', 'level': 'Leerdoel Verdiepend-Verbredend', 'category': 'ALG'}, {'code': 'GDM/0507', 'description': 'De student stelt volgens de SMART principes concrete doelen voor verbetering en groei op, op basis van de geïdentificeerde groeimogelijkheden.', 'level': 'Leerdoel Verdiepend-Verbredend', 'category': 'ALG'}, {'code': 'GDM/0601', 'description': 'De student kent het belang van het gebruik van correcte professionele communicatie in het werkveld.', 'level': 'Leerdoel Elementair', 'category': 'BG'}, {'code': 'GDM/0602', 'description': 'De student heeft inzicht in de elementen (verbaal en non-verbaal) en de structuren van een duidelijke en krachtige presentatie.', 'level': 'Leerdoel Elementair', 'category': 'BG'}, {'code': 'GDM/0603', 'description': 'De student heeft in inzicht in verschillende communicatiestijlen die vaak voorkomen in professionele omgevingen.', 'level': 'Leerdoel Elementair', 'category': 'ALG'}, {'code': 'GDM/0604', 'description': 'De student communiceert gefundeerd en gestructureerd over zijn/haar persoonlijke en professionele ontwikkeling op assertieve wijze.', 'level': 'Leerdoel Verdiepend-Verbredend', 'category': 'BG'}, {'code': 'GDM/0702', 'description': 'De student heeft inzicht in de rollen en dynamieken die in een team kunnen voorkomen.', 'level': 'Leerdoel Elementair', 'category': 'BG'}, {'code': 'GDM/0703', 'description': 'De student kent de principes van conflicthantering.', 'level': 'Leerdoel Elementair', 'category': 'BG'}, {'code': 'GDM/0705', 'description': 'De student kent basisstrategieën voor effectieve samenwerking, zoals het stellen van gemeenschappelijke doelen, het verdelen van taken en het geven van constructieve feedback aan teamleden.', 'level': 'Leerdoel Elementair', 'category': 'BS'}]","[]","[]","Dit opleidingsonderdeel is een doordachte combinatie is van online en offline leeractiviteiten. In het kader van dit soort onderwijs bereid je de sessies grondig voor. Tijdens de les is actieve participatie vereist op basis van de gemaakte voorbereiding. Als de voorbereiding onvoldoende is gebeurd, kan de toegang tot de les ontzegd worden totdat de voorbereiding is gemaakt. Aanwezigheid voor dit vak wordt sterk aangeraden, aangezien hier in de sessies coaching en feedback zal gegeven worden. Voor meer info rond de onderwijsorganisatie en planning: zie Canvas.","[{'exam_chance': 'Evaluatie(s) voor de eerste examenkans', 'moment': 'tweede examenperiode buiten examenrooster', 'form': 'Mondeling', 'percentage': '60,00', 'remark': ''}, {'exam_chance': 'Evaluatie(s) voor de eerste examenkans', 'moment': 'tweede examenperiode buiten examenrooster', 'form': 'Rapporten', 'percentage': '40,00', 'remark': ''}, {'exam_chance': 'Evaluatie(s) voor de tweede examenkans', 'moment': 'derde examenperiode binnen examenrooster', 'form': 'Mondeling', 'percentage': '60,00', 'remark': ''}, {'exam_chance': 'Evaluatie(s) voor de tweede examenkans', 'moment': 'derde examenperiode binnen examenrooster', 'form': 'Rapporten', 'percentage': '40,00', 'remark': ''}]","Bij te laat indienen van de opdracht(en), maar minder dan 24 uur na de deadline, wordt 1/3 van de punten afgetrokken. Na 24 uur te laat indienen, zal een nul worden toegekend voor de opdracht(en). Voor meer info rond de evaluatie: zie de studiewijzer terug te vinden op de Canvas cursus van dit vak.","Contacttraject Audiovisual Design","https://bamaflexweb.arteveldehs.be/BMFUIDetailxOLOD.aspx?a=228093&b=1&c=1"
"Audio Video 3","2026-27","Bachelor in de grafische en digitale media","","2","10 studiepunten","284,00 uren","01.11.2026 (georganiseerd in semester 1)","op 20 (tot op een geheel getal)","wel","Piffet Philippe, Spek Sander, Sundermann Eli, Wysmans Michaël","Nederlands","3","<div class=""clearfix""><ul>
<li>Uitdieping van Première</li>
<li>Geluidsmontages</li>
<li>Postproductie: grading/shading</li>
<li>Kleurcorrectie van videomateriaal</li>
<li>Realisatie complexere audiovisuele producten</li>
</ul></div>","[{'code': 'GDM/0207', 'description': 'De student past design principes zoals contrast, compositie, kleurgebruik, storytelling, enz., toe om een aantrekkelijk, evenwichtig en visueel aantrekkelijk mediaproduct te creëren.', 'level': 'Leerdoel Verdiepend-Verbredend', 'category': 'BS'}, {'code': 'GDM/0314', 'description': 'De student past audiovisuele technologie vakkundig toe bij de productie van audiovisuele mediaproducten.', 'level': 'Leerdoel Verdiepend-Verbredend', 'category': 'BS'}, {'code': 'GDM/0412', 'description': 'De student kan design research initiëren, plannen en uitvoeren wat leidt tot een audiovisueel product dat een onderbouwd antwoord biedt op de noden en verwachtingen van de opdrachtgever, eindgebruiker en andere stakeholders.', 'level': 'Leerdoel Verdiepend-Verbredend', 'category': 'BS'}, {'code': 'GDM/0514', 'description': 'De student kan zijn persoonlijke en professionele merk ontwikkelen door middel van een doordacht en consistent portfolio en online aanwezigheid.', 'level': 'Leerdoel Verdiepend-Verbredend', 'category': 'BS'}, {'code': 'GDM/0520', 'description': 'De student ontwikkelt een portfolio dat zijn/haar vaardigheden en persoonlijkheid weerspiegelt.', 'level': 'Leerdoel Verdiepend-Verbredend', 'category': 'BG'}, {'code': 'GDM/0521', 'description': 'De student maakt de keuze welke werkstukken het beste het verhaal van zijn/haar persoonlijke merk ondersteunen en kiest deze voor publicatie in het portfolio en op sociale media.', 'level': 'Leerdoel Autonoom-Complex', 'category': 'BG'}, {'code': 'GDM/0522', 'description': 'De student past de principes van personal branding toe in het ontwerp van zijn/haar portfolio, en zorgt ervoor dat deze visuele identiteit consistent doorgetrokken wordt in de online aanwezigheid (bijvoorbeeld via sociale media-profielen en visuele content).', 'level': 'Leerdoel Verdiepend-Verbredend', 'category': 'BG'}]","[]","[]","Zie Canvas","[{'exam_chance': 'Evaluatie(s) voor de eerste examenkans', 'moment': 'eerste examenperiode binnen examenrooster', 'form': 'Werkstuk', 'percentage': '40,00', 'remark': ''}, {'exam_chance': 'Evaluatie(s) voor de eerste examenkans', 'moment': 'eerste examenperiode buiten examenrooster', 'form': 'Werkstuk', 'percentage': '60,00', 'remark': ''}, {'exam_chance': 'Evaluatie(s) voor de tweede examenkans', 'moment': 'derde examenperiode binnen examenrooster', 'form': 'Werkstuk', 'percentage': '100,00', 'remark': ''}]","Werkstuk: Tijdens het jaar worden verschillende werkstukken gemaakt met specifieke deadlines. Bij te laat indienen van een opdracht, maar minder dan 24 uur na de deadline, wordt 1/3 van de punten afgetrokken. Na 24u te laat indienen, zal een nul worden toegekend voor deze opdracht. Voor de tweede examenkans wordt een nieuwe opdracht gemaakt waarin alle eindcompetenties opnieuw worden beoordeeld.","Contacttraject Audiovisual Design","https://bamaflexweb.arteveldehs.be/BMFUIDetailxOLOD.aspx?a=230792&b=1&c=1"
"Audio Video 4","2026-27","Bachelor in de grafische en digitale media","","2","10 studiepunten","284,00 uren","15.03.2027 (georganiseerd in semester 2)","op 20 (tot op een geheel getal)","wel","Piffet Philippe, Spek Sander, Weyens Barend, Wysmans Michaël","Nederlands","4","<div class=""clearfix"">Complexe audiovisuele productie en organisatie <br/>
Grondige beheersing van alle audio en video technieken in het productieproces<br/>
De basisstappen van het filmproces vlot toepassen: script, decoupage, draaiboek, belichting, opname, regie, montage en postproductie</div>","[{'code': 'GDM/0207', 'description': 'De student past design principes zoals contrast, compositie, kleurgebruik, storytelling, enz., toe om een aantrekkelijk, evenwichtig en visueel aantrekkelijk mediaproduct te creëren.', 'level': 'Leerdoel Verdiepend-Verbredend', 'category': 'BS'}, {'code': 'GDM/0314', 'description': 'De student past audiovisuele technologie vakkundig toe bij de productie van audiovisuele mediaproducten.', 'level': 'Leerdoel Verdiepend-Verbredend', 'category': 'BS'}, {'code': 'GDM/0412', 'description': 'De student kan design research initiëren, plannen en uitvoeren wat leidt tot een audiovisueel product dat een onderbouwd antwoord biedt op de noden en verwachtingen van de opdrachtgever, eindgebruiker en andere stakeholders.', 'level': 'Leerdoel Verdiepend-Verbredend', 'category': 'BS'}, {'code': 'GDM/0514', 'description': 'De student kan zijn persoonlijke en professionele merk ontwikkelen door middel van een doordacht en consistent portfolio en online aanwezigheid.', 'level': 'Leerdoel Verdiepend-Verbredend', 'category': 'BS'}, {'code': 'GDM/0520', 'description': 'De student ontwikkelt een portfolio dat zijn/haar vaardigheden en persoonlijkheid weerspiegelt.', 'level': 'Leerdoel Verdiepend-Verbredend', 'category': 'BG'}, {'code': 'GDM/0521', 'description': 'De student maakt de keuze welke werkstukken het beste het verhaal van zijn/haar persoonlijke merk ondersteunen en kiest deze voor publicatie in het portfolio en op sociale media.', 'level': 'Leerdoel Verdiepend-Verbredend', 'category': 'BS'}, {'code': 'GDM/0522', 'description': 'De student past de principes van personal branding toe in het ontwerp van zijn/haar portfolio, en zorgt ervoor dat deze visuele identiteit consistent doorgetrokken wordt in de online aanwezigheid (bijvoorbeeld via sociale media-profielen en visuele content).', 'level': 'Leerdoel Verdiepend-Verbredend', 'category': 'BG'}]","[]","[]","Eén van de opdrachten betreft een meerdaagse roadtrip over de grenzen heen (ODG) voor het maken van een roadmovie. Studenten gaan in kleine groepjes voor maximum twee overnachtingen naar het buitenland. De locatie, transportwijze, logement en kostprijs wordt in onderlinge overeenkomst tussen de groepsleden beslist. De kostprijs van deze buitenlandse reis kan niet op de opleiding verhaald worden en is afhankelijk van de keuzes die gemaakt worden mbt. onder meer transport en logement. De timing van deze buitenlandse studiereis wordt in samenspraak tusen docenten en studenten beslist. Tijdens deze buitenlandse reis zijn de docenten stand-by voor advies en begeleiding.","[{'exam_chance': 'Evaluatie(s) voor de eerste examenkans', 'moment': 'tweede examenperiode binnen examenrooster', 'form': 'Werkstuk', 'percentage': '40,00', 'remark': ''}, {'exam_chance': 'Evaluatie(s) voor de eerste examenkans', 'moment': 'tweede examenperiode buiten examenrooster', 'form': 'Werkstuk', 'percentage': '60,00', 'remark': ''}, {'exam_chance': 'Evaluatie(s) voor de tweede examenkans', 'moment': 'derde examenperiode binnen examenrooster', 'form': 'Werkstuk', 'percentage': '100,00', 'remark': ''}]","Werkstuk: Tijdens het jaar worden verschillende werkstukken gemaakt met specifieke deadlines. Bij te laat indienen van een opdracht, maar minder dan 24 uur na de deadline, wordt 1/3 van de punten afgetrokken. Na 24u te laat indienen, zal een nul worden toegekend voor deze opdracht. Voor de tweede examenkans wordt een nieuwe opdracht gemaakt waarin alle eindcompetenties opnieuw worden beoordeeld.","Contacttraject Audiovisual Design","https://bamaflexweb.arteveldehs.be/BMFUIDetailxOLOD.aspx?a=230793&b=1&c=1"
"Creative Business Studio 1","2026-27","Bachelor in de grafische en digitale media","","2","5 studiepunten","131,00 uren","01.11.2026 (georganiseerd in semester 1)","op 20 (tot op een geheel getal)","wel","Desomviele Lieven, Vandenberghe Peter, Vanhees Rob, Verzele Els","Engels, Nederlands","3","<div class=""clearfix""><ul>
<li>    Markt- en positioneringanalyse </li>
<li>Gebruikersonderzoek door middel van desk research, interviews of andere vormen van field research. </li>
<li>Doelgroepomschrijving en customer insights worden verwerkt aan de hand van technieken zoals persona’s, customer empathy maps of customer journey mapping.   </li>
<li>Media-strategie incl. Propositie en  doelstellingen bepalen, mediaselectie </li>
<li>Creatieve briefing </li>
<li>De project management toolkit </li>
<li>Constructief samenwerken (constructief feedback geven en ontvangen, assertiviteit, leiderschap, besluitvorming, verbindend communiceren)</li>
<li>Presentatietechnieken</li>
</ul>
<p data-extension-version=""1.0.4"" id=""ConnectiveDocSignExtentionInstalled""> </p></div>","[{'code': 'GDM/0104', 'description': 'De student heeft inzicht in de basistechnieken om marketingonderzoek uit te voeren.', 'level': 'Leerdoel Elementair', 'category': 'BS'}, {'code': 'GDM/0108', 'description': 'De student analyseert zelfstandig markt, organisaties, producten en diensten en werkt een strategie uit voor een concrete opdrachtgever.', 'level': 'Leerdoel Verdiepend-Verbredend', 'category': 'BS'}, {'code': 'GDM/0109', 'description': 'De student past methoden en tools toe om strategisch te denken over organisatie, markt, product en dienst.', 'level': 'Leerdoel Verdiepend-Verbredend', 'category': 'BS'}, {'code': 'GDM/0110', 'description': 'De student past methoden en tools toe om een marktonderzoek uit te voeren.', 'level': 'Leerdoel Verdiepend-Verbredend', 'category': 'BS'}, {'code': 'GDM/0508', 'description': 'De student weet constructieve feedback over zijn/haar persoonlijke groei en ontwikkeling tot media professional te ontvangen en te geven en gebruikt dit om zichzelf verder te ontwikkelen.', 'level': 'Leerdoel Verdiepend-Verbredend', 'category': 'BS'}, {'code': 'GDM/0512', 'description': 'De student kan zijn reflecties op een diepgaande manier integreren in zijn dagelijkse professionele praktijk, waarbij hij lessen uit zelfreflectie toepast op concrete opdrachten en teaminteracties.', 'level': 'Leerdoel Verdiepend-Verbredend', 'category': 'BS'}, {'code': 'GDM/0605', 'description': 'De student communiceert gefundeerd en gestructureerd over een professioneel gebonden thema.', 'level': 'Leerdoel Verdiepend-Verbredend', 'category': 'BS'}, {'code': 'GDM/0605b', 'description': 'De student communiceert schriftelijk en mondeling op een heldere en professionele manier in het Engels over een topic in de creatieve sector.', 'level': 'Leerdoel Verdiepend-Verbredend', 'category': 'BG'}, {'code': 'GDM/0706', 'description': 'De student kent methoden en tools van projectmanagement', 'level': 'Leerdoel Verdiepend-Verbredend', 'category': 'BS'}, {'code': 'GDM/0707', 'description': 'De student kan omgaan met uitdagingen en conflicten die kunnen ontstaan tijdens samenwerkingsprocessen, en zoekt constructieve oplossingen om deze aan te pakken en te overwinnen.', 'level': 'Leerdoel Verdiepend-Verbredend', 'category': 'BS'}]","[]","[]","Zie Canvas","[{'exam_chance': 'Evaluatie(s) voor de eerste examenkans', 'moment': 'eerste examenperiode binnen examenrooster', 'form': 'Mondeling', 'percentage': '30,00', 'remark': ''}, {'exam_chance': 'Evaluatie(s) voor de eerste examenkans', 'moment': 'eerste examenperiode binnen examenrooster', 'form': 'Werkstuk', 'percentage': '30,00', 'remark': 'mondelinge presentatie van werkstuk in het Engels'}, {'exam_chance': 'Evaluatie(s) voor de eerste examenkans', 'moment': 'eerste examenperiode buiten examenrooster', 'form': 'Schriftelijk', 'percentage': '20,00', 'remark': ''}, {'exam_chance': 'Evaluatie(s) voor de eerste examenkans', 'moment': 'eerste examenperiode buiten examenrooster', 'form': 'Werkstuk', 'percentage': '20,00', 'remark': ''}, {'exam_chance': 'Evaluatie(s) voor de tweede examenkans', 'moment': 'derde examenperiode binnen examenrooster', 'form': 'Mondeling', 'percentage': '30,00', 'remark': ''}, {'exam_chance': 'Evaluatie(s) voor de tweede examenkans', 'moment': 'derde examenperiode binnen examenrooster', 'form': 'Schriftelijk', 'percentage': '20,00', 'remark': ''}, {'exam_chance': 'Evaluatie(s) voor de tweede examenkans', 'moment': 'derde examenperiode binnen examenrooster', 'form': 'Werkstuk', 'percentage': '50,00', 'remark': 'Mondelinge presentatie van werkstuk'}]","Schriftelijk examen Een onderdeel van de evaluatie betreft een vooruitgeschoven examen tijdens het semester. Dit examen bestaat uit meerkeuzevragen met vier antwoordmogelijkheden, waarbij telkens één antwoord correct is. Dit telt mee voor 20% van het eindtotaal.","Contacttraject Audiovisual Design","https://bamaflexweb.arteveldehs.be/BMFUIDetailxOLOD.aspx?a=230786&b=1&c=1"
"Creative Business Studio 2","2026-27","Bachelor in de grafische en digitale media","","2","5 studiepunten","131,00 uren","15.03.2027 (georganiseerd in semester 2)","op 20 (tot op een geheel getal)","wel","Desomviele Lieven, Vandenberghe Peter, Vanhees Rob","Nederlands","4","<div class=""clearfix""><ul>
<li>Het ontwikkelen van creatieve marketingcommunicatie-concepten : technieken en modellen</li>
<li>Op basis van een marcom-briefing concepten voor een campagne bedenken, uitwerken en presenteren</li>
<li>Maken van een campagne en presenteren</li>
<li>Mediaplan uitwerken en budgetteren</li>
<li>Productiebudget opmaken</li>
<li>Via Learning by Doing leren studenten zo effectief en efficiënt mogelijk samenwerken in hun team.</li>
<li>Sollicitatietraining ifv stagezoektocht</li>
</ul></div>","[{'code': 'GDM/0106', 'description': 'De student detecteert en interpreteert de communicatiestrategie en -doelstellingen van de stakeholders bij de creatie van een mediaproduct aan de hand van een briefing.', 'level': 'Leerdoel Verdiepend-Verbredend', 'category': 'BS'}, {'code': 'GDM/0107', 'description': 'De student past de relevante marketinginsights en -analytics toe voor het creatieproces van mediaproducten.', 'level': 'Leerdoel Autonoom-Complex', 'category': 'BS'}, {'code': 'GDM/0111', 'description': 'De student past methoden en tools toe om een marketingstrategie uit te voeren.', 'level': 'Leerdoel Verdiepend-Verbredend', 'category': 'BS'}, {'code': 'GDM/0511', 'description': 'De student bouwt een professioneel netwerk op en neemt deel aan internationale online en offline communities, conferenties en organisaties.', 'level': 'Leerdoel Verdiepend-Verbredend', 'category': 'BS'}, {'code': 'GDM/0515', 'description': 'De student kan zijn professionele waarde duidelijk en overtuigend communiceren, zowel schriftelijk als mondeling, aan diverse belanghebbenden binnen een bedrijf of tijdens sollicitaties.', 'level': 'Leerdoel Verdiepend-Verbredend', 'category': 'BS'}, {'code': 'GDM/0607', 'description': 'De student past zijn communicatiestijl aan aan verschillende situaties en doelgroepen (teamleden en docenten)', 'level': 'Leerdoel Verdiepend-Verbredend', 'category': 'BS'}, {'code': 'GDM/0610', 'description': 'De student drukt zich helder en in gepaste taal uit in een mondelinge presentatie in het Engels.', 'level': 'Leerdoel Verdiepend-Verbredend', 'category': 'BS'}, {'code': 'GDM/0704', 'description': 'De student heeft inzicht in zijn eigen kennis en vaardigheden en neemt op basis hiervan een relevante rol op binnen het team.', 'level': 'Leerdoel Verdiepend-Verbredend', 'category': 'BS'}, {'code': 'GDM/0813', 'description': 'De student kan een bedrijfsmodel opmaken om nieuwe organisaties/producten in de creatieve sector in kaart te brengen.', 'level': 'Leerdoel Verdiepend-Verbredend', 'category': 'BS'}]","[]","[]","Zie canvas","[{'exam_chance': 'Evaluatie(s) voor de eerste examenkans', 'moment': 'tweede examenperiode binnen examenrooster', 'form': 'Mondeling', 'percentage': '30,00', 'remark': ''}, {'exam_chance': 'Evaluatie(s) voor de eerste examenkans', 'moment': 'tweede examenperiode binnen examenrooster', 'form': 'Werkstuk', 'percentage': '30,00', 'remark': 'mondelinge presentatie van werkstuk'}, {'exam_chance': 'Evaluatie(s) voor de eerste examenkans', 'moment': 'tweede examenperiode buiten examenrooster', 'form': 'Schriftelijk', 'percentage': '25,00', 'remark': ''}, {'exam_chance': 'Evaluatie(s) voor de eerste examenkans', 'moment': 'tweede examenperiode buiten examenrooster', 'form': 'Werkstuk', 'percentage': '15,00', 'remark': ''}, {'exam_chance': 'Evaluatie(s) voor de tweede examenkans', 'moment': 'derde examenperiode binnen examenrooster', 'form': 'Mondeling', 'percentage': '30,00', 'remark': ''}, {'exam_chance': 'Evaluatie(s) voor de tweede examenkans', 'moment': 'derde examenperiode binnen examenrooster', 'form': 'Schriftelijk', 'percentage': '25,00', 'remark': ''}, {'exam_chance': 'Evaluatie(s) voor de tweede examenkans', 'moment': 'derde examenperiode binnen examenrooster', 'form': 'Werkstuk', 'percentage': '45,00', 'remark': ''}]","Schriftelijk examen Een onderdeel van de evaluatie betreft een vooruitgeschoven examen tijdens het semester. Dit examen bestaat uit meerkeuzevragen met vier antwoordmogelijkheden, waarbij telkens één antwoord correct is. Dit telt mee voor 20% van het eindtotaal.","Contacttraject Audiovisual Design","https://bamaflexweb.arteveldehs.be/BMFUIDetailxOLOD.aspx?a=230884&b=1&c=1"
"Keuzevak 1 AVD","2026-27","Bachelor in de grafische en digitale media","","2","5 studiepunten","","","","","","","3","","[]","[]","[]","","[]","","Contacttraject Audiovisual Design","https://bamaflexweb.arteveldehs.be/BMFUIDetailxOLOD.aspx?a=231218&b=1&c=1"
"Keuzevak 2 AVD","2026-27","Bachelor in de grafische en digitale media","","2","5 studiepunten","","","","","","","4","","[]","[]","[]","","[]","","Contacttraject Audiovisual Design","https://bamaflexweb.arteveldehs.be/BMFUIDetailxOLOD.aspx?a=231219&b=1&c=1"
"Motion 3: 2D","2026-27","Bachelor in de grafische en digitale media","","2","5 studiepunten","136,00 uren","01.11.2026 (georganiseerd in semester 1)","op 20 (tot op een geheel getal)","wel","Toppets Kristof","Nederlands","3","<div class=""clearfix""><p>Thema: Technieken<br/>
Verdere technische benadering van After Effects</p>
<ul>
<li>Shape layers</li>
<li>Vaste vormen vs vrije paden</li>
<li>Shape groups en nesting van groups</li>
<li>Shape effecten</li>
<li>Logische/geometrische animaties</li>
<li>Geannimeerde typografie</li>
<li>Morphing tussen verschillende vormen</li>
<li>Introductie effecten en filters in After Effects</li>
</ul></div>","[{'code': 'GDM/0207', 'description': 'De student past design principes zoals contrast, compositie, kleurgebruik, storytelling, enz., toe om een aantrekkelijk, evenwichtig en visueel aantrekkelijk mediaproduct te creëren.', 'level': 'Leerdoel Verdiepend-Verbredend', 'category': 'BS'}, {'code': 'GDM/0210', 'description': 'De student houdt rekening met de doelgroep, het doel en de boodschap van het mediaproduct bij het vormgeven van het concept.', 'level': 'Leerdoel Verdiepend-Verbredend', 'category': 'BS'}, {'code': 'GDM/0211', 'description': 'De student kan een complexe vraag analyseren, vereenvoudigen en vertalen naar visuele output (denk aan opdrachten zoals stappenplan, handleiding, infografiek, scenario,…)', 'level': 'Leerdoel Verdiepend-Verbredend', 'category': 'BS'}, {'code': 'GDM/0215', 'description': 'De student kan de keuzes en afwegingen die gemaakt zijn in het ontwerpproces op een professionele manier onderbouwen en verantwoorden naar de opdrachtgever/eindgebruiker', 'level': 'Leerdoel Verdiepend-Verbredend', 'category': 'BS'}, {'code': 'GDM/0315', 'description': 'De student past animatiesoftware vakkundig toe om motion design principes tot stand te brengen in audiovisuele mediaproducten.', 'level': 'Leerdoel Verdiepend-Verbredend', 'category': 'BS'}, {'code': 'GDM/0520', 'description': 'De student ontwikkelt een portfolio dat zijn/haar vaardigheden en persoonlijkheid weerspiegelt.', 'level': 'Leerdoel Verdiepend-Verbredend', 'category': 'BG'}, {'code': 'GDM/0521', 'description': 'De student maakt de keuze welke werkstukken het beste het verhaal van zijn/haar persoonlijke merk ondersteunen en kiest deze voor publicatie in het portfolio en op sociale media.', 'level': 'Leerdoel Verdiepend-Verbredend', 'category': 'BG'}, {'code': 'GDM/0522', 'description': 'De student past de principes van personal branding toe in het ontwerp van zijn/haar portfolio, en zorgt ervoor dat deze visuele identiteit consistent doorgetrokken wordt in de online aanwezigheid (bijvoorbeeld via sociale media-profielen en visuele content).', 'level': 'Leerdoel Verdiepend-Verbredend', 'category': 'BG'}]","[]","[]","","[{'exam_chance': 'Evaluatie(s) voor de eerste examenkans', 'moment': 'eerste examenperiode binnen examenrooster', 'form': 'Werkstuk', 'percentage': '50,00', 'remark': ''}, {'exam_chance': 'Evaluatie(s) voor de eerste examenkans', 'moment': 'eerste examenperiode buiten examenrooster', 'form': 'Werkstuk', 'percentage': '50,00', 'remark': ''}, {'exam_chance': 'Evaluatie(s) voor de tweede examenkans', 'moment': 'derde examenperiode binnen examenrooster', 'form': 'Werkstuk', 'percentage': '100,00', 'remark': ''}]","Werkstuk: Tijdens het jaar worden verschillende werkstukken gemaakt met specifieke deadlines. Bij te laat indienen van een opdracht, maar minder dan 24 uur na de deadline, wordt 1/3 van de punten afgetrokken. Na 24u te laat indienen, zal een nul worden toegekend voor deze opdracht. Voor de tweede examenkans wordt een nieuwe opdracht gemaakt waarin alle eindcompetenties opnieuw worden beoordeeld.","Contacttraject Audiovisual Design","https://bamaflexweb.arteveldehs.be/BMFUIDetailxOLOD.aspx?a=230794&b=1&c=1"
"Motion 3: 3D","2026-27","Bachelor in de grafische en digitale media","","2","5 studiepunten","136,00 uren","01.11.2026 (georganiseerd in semester 1)","op 20 (tot op een geheel getal)","wel","Scheirlinckx Jan","Nederlands","3","<div class=""clearfix"">Materials/Shaders:<br/>
<br/>
Toekennen en beheren van materialen: Studenten leren hoe ze materialen kunnen toepassen op 3D-objecten en hoe ze de verschillende eigenschappen van deze materialen kunnen beheren om realistische of artistieke effecten te bereiken.<br/>
Aanmaken van materialen: Er wordt aandacht besteed aan het creëren van specifieke materialen zoals glas, steen en metaal. Hierbij komen parameters zoals kleur, transparantie, helderheid en spiegeling aan bod om verschillende texturen en effecten te simuleren.<br/>
<br/>
Belichting:<br/>
<br/>
Analyse van lichtbronnen: Studenten leren de verschillende soorten lichtbronnen kennen, zoals puntlicht, spotlicht en omgevingslicht, en hoe deze het uiterlijk van een 3D-scène beïnvloeden.<br/>
Global Illumination en HDRI: Er wordt ingegaan op geavanceerde belichtingstechnieken zoals Global Illumination, die realistische lichtverspreiding in een scène simuleert, en HDRI, die high dynamic range beelden gebruikt voor omgevingsbelichting en reflecties.<br/>
<br/>
Animatie:<br/>
<br/>
Keyframing: Studenten leren objecten, camera's en lichtbronnen animeren door middel van keyframing, waarbij belangrijke posities en instellingen in de tijdslijn worden vastgelegd.<br/>
Gebruik van deformers: Door het gebruik van deformers kunnen objecten op verschillende manieren vervormd en geanimeerd worden, wat complexere animatie-effecten mogelijk maakt.<br/>
Eenvoudige rigs voor voertuigen: Er wordt uitgelegd hoe eenvoudige rigs gemaakt kunnen worden om voertuigen op een realistische manier te animeren, inclusief wielen, ophanging en bewegingsdynamiek.<br/>
<br/>
3D-Modeling:<br/>
<br/>
Volume builders: Studenten leren 3D-modellen creëren en bewerken met behulp van volume builders, die werken met voxel-gebaseerde modelleringstechnieken.<br/>
Cloners: Er wordt aandacht besteed aan het gebruik van cloners om herhalende structuren en patronen te maken, wat nuttig is voor het modelleren van objecten zoals gebouwen, vegetatie en menigtes.<br/>
Analyseren en toepassen van 3D-stijlen: Studenten leren verschillende artistieke stijlen te analyseren en toe te passen, zoals “Low Poly” (eenvoudige, hoekige vormen), “Cel Shading” (tekenfilmachtige schaduwen) en “Clay Modeling” (klei-achtige texturen).<br/>
<br/>
Special Effects:<br/>
<br/>
Emitters: Het gebruik van emitters voor het creëren van speciale effecten zoals rook, vuur, en partikelsystemen wordt behandeld.<br/>
Mograph: Studenten leren de mogelijkheden van mograph (motion graphics) tools kennen voor het maken van complexe animaties en effecten die vaak gebruikt worden in visuele effecten en motion graphics.</div>","[{'code': 'GDM/0207', 'description': 'De student past design principes zoals contrast, compositie, kleurgebruik, storytelling, enz., toe om een aantrekkelijk, evenwichtig en visueel aantrekkelijk mediaproduct te creëren.', 'level': 'Leerdoel Verdiepend-Verbredend', 'category': 'BS'}, {'code': 'GDM/0210', 'description': 'De student houdt rekening met de doelgroep, het doel en de boodschap van het mediaproduct bij het vormgeven van het concept.', 'level': 'Leerdoel Verdiepend-Verbredend', 'category': 'BS'}, {'code': 'GDM/0211', 'description': 'De student kan een complexe vraag analyseren, vereenvoudigen en vertalen naar visuele output (denk aan opdrachten zoals stappenplan, handleiding, infografiek, scenario,…)', 'level': 'Leerdoel Verdiepend-Verbredend', 'category': 'BS'}, {'code': 'GDM/0215', 'description': 'De student kan de keuzes en afwegingen die gemaakt zijn in het ontwerpproces op een professionele manier onderbouwen en verantwoorden naar de opdrachtgever/eindgebruiker', 'level': 'Leerdoel Verdiepend-Verbredend', 'category': 'BS'}, {'code': 'GDM/0315', 'description': 'De student past animatiesoftware vakkundig toe om motion design principes tot stand te brengen in audiovisuele mediaproducten.', 'level': 'Leerdoel Verdiepend-Verbredend', 'category': 'BS'}, {'code': 'GDM/0520', 'description': 'De student ontwikkelt een portfolio dat zijn/haar vaardigheden en persoonlijkheid weerspiegelt.', 'level': 'Leerdoel Verdiepend-Verbredend', 'category': 'BG'}, {'code': 'GDM/0521', 'description': 'De student maakt de keuze welke werkstukken het beste het verhaal van zijn/haar persoonlijke merk ondersteunen en kiest deze voor publicatie in het portfolio en op sociale media.', 'level': 'Leerdoel Verdiepend-Verbredend', 'category': 'BG'}, {'code': 'GDM/0522', 'description': 'De student past de principes van personal branding toe in het ontwerp van zijn/haar portfolio, en zorgt ervoor dat deze visuele identiteit consistent doorgetrokken wordt in de online aanwezigheid (bijvoorbeeld via sociale media-profielen en visuele content).', 'level': 'Leerdoel Verdiepend-Verbredend', 'category': 'BG'}]","[]","[]","","[{'exam_chance': 'Evaluatie(s) voor de eerste examenkans', 'moment': 'eerste examenperiode binnen examenrooster', 'form': 'Werkstuk', 'percentage': '35,00', 'remark': ''}, {'exam_chance': 'Evaluatie(s) voor de eerste examenkans', 'moment': 'eerste examenperiode buiten examenrooster', 'form': 'Werkstuk', 'percentage': '65,00', 'remark': ''}, {'exam_chance': 'Evaluatie(s) voor de tweede examenkans', 'moment': 'derde examenperiode binnen examenrooster', 'form': 'Werkstuk', 'percentage': '100,00', 'remark': ''}]","Studenten realiseren tijdens de lessenreeks werkstukken (3D-opdrachten) die geëvalueerd worden. Deze werkstukken worden gefinaliseerd in ""Taken in Zelfstudietijd"" en ingediend op de vooropgestelde data. Bij te laat indienen van een opdracht, maar minder dan 24 uur na de deadline, wordt 1/3 van de punten afgetrokken. Na 24u te laat indienen, zal een nul worden toegekend voor deze opdracht. Voor de tweede examenkans wordt een nieuwe opdracht gemaakt waarin alle eindcompetenties opnieuw worden beoordeeld.","Contacttraject Audiovisual Design","https://bamaflexweb.arteveldehs.be/BMFUIDetailxOLOD.aspx?a=230795&b=1&c=1"
"Motion 4: 2D","2026-27","Bachelor in de grafische en digitale media","","2","5 studiepunten","176,00 uren","15.03.2027 (georganiseerd in semester 2)","op 20 (tot op een geheel getal)","wel","Toppets Kristof","Nederlands","4","<div class=""clearfix""><p>Thema: Toepassing<br/>
Technieken toepassen in functie van mogelijke opdrachten binnen het werkveld.</p>
<ul>
<li>Verdere toepassing van effecten en filters in After Effects</li>
<li>Adjustment layers</li>
<li>Expressions</li>
<li>Aanmaken Mogrts</li>
<li>Tracking in AE</li>
<li>Matte painting</li>
<li>3D in AE</li>
</ul></div>","[{'code': 'GDM/0207', 'description': 'De student past design principes zoals contrast, compositie, kleurgebruik, storytelling, enz., toe om een aantrekkelijk, evenwichtig en visueel aantrekkelijk mediaproduct te creëren.', 'level': 'Leerdoel Verdiepend-Verbredend', 'category': 'BS'}, {'code': 'GDM/0210', 'description': 'De student houdt rekening met de doelgroep, het doel en de boodschap van het mediaproduct bij het vormgeven van het concept.', 'level': 'Leerdoel Verdiepend-Verbredend', 'category': 'BS'}, {'code': 'GDM/0211', 'description': 'De student kan een complexe vraag analyseren, vereenvoudigen en vertalen naar visuele output (denk aan opdrachten zoals stappenplan, handleiding, infografiek, scenario,…)', 'level': 'Leerdoel Verdiepend-Verbredend', 'category': 'BS'}, {'code': 'GDM/0215', 'description': 'De student kan de keuzes en afwegingen die gemaakt zijn in het ontwerpproces op een professionele manier onderbouwen en verantwoorden naar de opdrachtgever/eindgebruiker', 'level': 'Leerdoel Verdiepend-Verbredend', 'category': 'BS'}, {'code': 'GDM/0315', 'description': 'De student past animatiesoftware vakkundig toe om motion design principes tot stand te brengen in audiovisuele mediaproducten.', 'level': 'Leerdoel Verdiepend-Verbredend', 'category': 'BS'}, {'code': 'GDM/0520', 'description': 'De student ontwikkelt een portfolio dat zijn/haar vaardigheden en persoonlijkheid weerspiegelt.', 'level': 'Leerdoel Verdiepend-Verbredend', 'category': 'BG'}, {'code': 'GDM/0521', 'description': 'De student maakt de keuze welke werkstukken het beste het verhaal van zijn/haar persoonlijke merk ondersteunen en kiest deze voor publicatie in het portfolio en op sociale media.', 'level': 'Leerdoel Verdiepend-Verbredend', 'category': 'BG'}, {'code': 'GDM/0522', 'description': 'De student past de principes van personal branding toe in het ontwerp van zijn/haar portfolio, en zorgt ervoor dat deze visuele identiteit consistent doorgetrokken wordt in de online aanwezigheid (bijvoorbeeld via sociale media-profielen en visuele content).', 'level': 'Leerdoel Verdiepend-Verbredend', 'category': 'BG'}]","[]","[]","","[{'exam_chance': 'Evaluatie(s) voor de eerste examenkans', 'moment': 'tweede examenperiode binnen examenrooster', 'form': 'Werkstuk', 'percentage': '30,00', 'remark': ''}, {'exam_chance': 'Evaluatie(s) voor de eerste examenkans', 'moment': 'tweede examenperiode buiten examenrooster', 'form': 'Werkstuk', 'percentage': '70,00', 'remark': ''}, {'exam_chance': 'Evaluatie(s) voor de tweede examenkans', 'moment': 'derde examenperiode binnen examenrooster', 'form': 'Werkstuk', 'percentage': '100,00', 'remark': ''}]","Werkstuk: Tijdens het jaar worden verschillende werkstukken gemaakt met specifieke deadlines. Bij te laat indienen van een opdracht, maar minder dan 24 uur na de deadline, wordt 1/3 van de punten afgetrokken. Na 24u te laat indienen, zal een nul worden toegekend voor deze opdracht. Voor de tweede examenkans wordt een nieuwe opdracht gemaakt waarin alle eindcompetenties opnieuw worden beoordeeld.","Contacttraject Audiovisual Design","https://bamaflexweb.arteveldehs.be/BMFUIDetailxOLOD.aspx?a=230797&b=1&c=1"
"Motion 4: 3D","2026-27","Bachelor in de grafische en digitale media","","2","5 studiepunten","136,00 uren","15.03.2027 (georganiseerd in semester 2)","op 20 (tot op een geheel getal)","wel","Scheirlinckx Jan","Nederlands","4","<div class=""clearfix""><strong>Analyse van product-shots en advertising:</strong><br/>
Studenten leren hoe professionele product-shots en advertentiebeelden worden geanalyseerd. Dit omvat het begrijpen van compositie, belichting, materiaalgebruik en de algehele esthetiek. Door deze analyse kunnen studenten leren wat een product-shot overtuigend en realistisch maakt.<br/>
<strong>Realistisch modelleren:</strong><br/>
Methoden en technieken voor het maken van nauwkeurige en gedetailleerde 3D-modellen worden behandeld. Studenten leren om zowel organische als geometrische vormen te modelleren, waarbij aandacht wordt besteed aan de fijnere details en structuur van objecten om een realistische weergave te bereiken.<br/>
<strong>Realistische textures:</strong><br/>
Creëren en toepassen van texturen die modellen realistisch laten ogen. Studenten leren verschillende texturing-technieken, waaronder handpainting, foto-referentie gebruik en PBR (Physically Based Rendering). Ze leren ook hoe ze texturen kunnen aanpassen om specifieke eigenschappen zoals ruwheid, reflectie en bump mapping te creëren.<br/>
<strong>Effectbelichtingen:</strong><br/>
Toepassen van geavanceerde belichtingstechnieken om realisme te verhogen. Dit omvat het gebruik van verschillende lichtbronnen, zoals area lights, spotlights en HDRI-verlichting, om de sfeer en diepte van een scène te verbeteren.<br/>
<strong>Geavanceerde camera-rigs:</strong><br/>
Ontwerpen en gebruiken van complexe camera-rigs voor geavanceerde camerabewegingen. Studenten leren hoe ze camera's kunnen riggen voor dynamische en vloeiende bewegingen die vaak worden gebruikt in filmische shots en productpresentaties.<br/>
<strong>Materialen in Redshift:</strong><br/>
Aanmaken en beheren van materialen in Redshift. Studenten leren de basis van het werken met Redshift-shaders en -nodes, waarmee ze complexe en realistische materialen kunnen creëren. Dit omvat het gebruik van procedurale texturen en het combineren van verschillende shader-eigenschappen om specifieke materiaaleffecten te bereiken.<br/>
<strong>Rendertechnieken in Redshift:</strong><br/>
Leren van de belangrijkste functies en optimalisatietechnieken in Redshift. Studenten leren hoe ze renderinstellingen kunnen aanpassen voor fotorealistische output en hoe ze de renderprestaties kunnen optimaliseren zonder concessies te doen aan de beeldkwaliteit.<br/>
<strong>Werken met Mocap-data:</strong><br/>
Importeren en gebruiken van motion capture data om karakters te animeren. Studenten leren hoe ze Mocap-data kunnen bewerken en aanpassen om vloeiende en realistische bewegingen te creëren. Dit omvat het riggen van karakters voor Mocap en het synchroniseren van bewegingen met de 3D-modellen.<br/>
<strong>Montage van Mocap-data:</strong><br/>
Montage van Mocap-data tot een samenhangende sequentie. Studenten leren hoe ze verschillende Mocap-clips kunnen combineren en bewerken om een consistente en natuurlijke beweging te creëren. Dit omvat het aanpassen van timing en het naadloos laten overgaan van bewegingen.<br/>
<strong>Timing in karakteranimatie:</strong><br/>
Verbeteren van de timing en expressie in karakteranimaties. Studenten leren de principes van timing en spacing om realistische en expressieve animaties te maken. Dit omvat het gebruik van keyframes en in-betweens om de bewegingen van karakters te verfijnen.<br/>
<strong>3D animaties integreren in Video-footage:</strong><br/>
Technieken voor het naadloos integreren van 3D-animaties in bestaande videobeelden. Studenten leren hoe ze 3D-objecten kunnen tracken en matchen met de camerabewegingen in de video, en hoe ze de belichting en kleurcorrectie kunnen aanpassen om een uniforme look te bereiken.<br/>
<strong>360° HDRI-afbeeldingen aanmaken:</strong><br/>
Zelf maken van 360° HDRI-afbeeldingen voor belichting en reflecties in 3D-scènes. Studenten leren hoe ze HDRI-afbeeldingen kunnen maken met behulp van gespecialiseerde camera's en software, en hoe ze deze afbeeldingen kunnen gebruiken om realistische belichting en reflecties in hun 3D-scènes te creëren.<br/>
<strong>Belichting van 3D animaties aanpassen aan video-footage:</strong><br/>
Methoden om de belichting van 3D-elementen af te stemmen op de belichting van de achtergrondvideo. Studenten leren hoe ze lichtbronnen in hun 3D-scènes kunnen aanpassen om overeen te komen met de belichting in de video, en hoe ze schaduwen en reflecties kunnen matchen om een naadloze integratie te bereiken.</div>","[{'code': 'GDM/0207', 'description': 'De student past design principes zoals contrast, compositie, kleurgebruik, storytelling, enz., toe om een aantrekkelijk, evenwichtig en visueel aantrekkelijk mediaproduct te creëren.', 'level': 'Leerdoel Verdiepend-Verbredend', 'category': 'BS'}, {'code': 'GDM/0210', 'description': 'De student houdt rekening met de doelgroep, het doel en de boodschap van het mediaproduct bij het vormgeven van het concept.', 'level': 'Leerdoel Verdiepend-Verbredend', 'category': 'BS'}, {'code': 'GDM/0211', 'description': 'De student kan een complexe vraag analyseren, vereenvoudigen en vertalen naar visuele output (denk aan opdrachten zoals stappenplan, handleiding, infografiek, scenario,…)', 'level': 'Leerdoel Verdiepend-Verbredend', 'category': 'BS'}, {'code': 'GDM/0215', 'description': 'De student kan de keuzes en afwegingen die gemaakt zijn in het ontwerpproces op een professionele manier onderbouwen en verantwoorden naar de opdrachtgever/eindgebruiker', 'level': 'Leerdoel Verdiepend-Verbredend', 'category': 'BS'}, {'code': 'GDM/0315', 'description': 'De student past animatiesoftware vakkundig toe om motion design principes tot stand te brengen in audiovisuele mediaproducten.', 'level': 'Leerdoel Verdiepend-Verbredend', 'category': 'BS'}, {'code': 'GDM/0520', 'description': 'De student ontwikkelt een portfolio dat zijn/haar vaardigheden en persoonlijkheid weerspiegelt.', 'level': 'Leerdoel Verdiepend-Verbredend', 'category': 'BG'}, {'code': 'GDM/0521', 'description': 'De student maakt de keuze welke werkstukken het beste het verhaal van zijn/haar persoonlijke merk ondersteunen en kiest deze voor publicatie in het portfolio en op sociale media.', 'level': 'Leerdoel Verdiepend-Verbredend', 'category': 'BG'}, {'code': 'GDM/0522', 'description': 'De student past de principes van personal branding toe in het ontwerp van zijn/haar portfolio, en zorgt ervoor dat deze visuele identiteit consistent doorgetrokken wordt in de online aanwezigheid (bijvoorbeeld via sociale media-profielen en visuele content).', 'level': 'Leerdoel Verdiepend-Verbredend', 'category': 'BG'}]","[]","[]","","[{'exam_chance': 'Evaluatie(s) voor de eerste examenkans', 'moment': 'tweede examenperiode binnen examenrooster', 'form': 'Werkstuk', 'percentage': '35,00', 'remark': ''}, {'exam_chance': 'Evaluatie(s) voor de eerste examenkans', 'moment': 'tweede examenperiode buiten examenrooster', 'form': 'Werkstuk', 'percentage': '65,00', 'remark': ''}, {'exam_chance': 'Evaluatie(s) voor de tweede examenkans', 'moment': 'derde examenperiode binnen examenrooster', 'form': 'Werkstuk', 'percentage': '100,00', 'remark': ''}]","Studenten realiseren tijdens de lessenreeks werkstukken (3D-opdrachten) die geëvalueerd worden. Deze werkstukken worden gefinaliseerd in ""Taken in Zelfstudietijd"" en ingediend op de vooropgestelde data. Bij te laat indienen van een opdracht, maar minder dan 24 uur na de deadline, wordt 1/3 van de punten afgetrokken. Na 24u te laat indienen, zal een nul worden toegekend voor deze opdracht. Voor de tweede examenkans wordt een nieuwe opdracht gemaakt waarin alle eindcompetenties opnieuw worden beoordeeld.","Contacttraject Audiovisual Design","https://bamaflexweb.arteveldehs.be/BMFUIDetailxOLOD.aspx?a=230796&b=1&c=1"
"Afstudeerproject semester 2","2026-27","Bachelor in de grafische en digitale media","","3","15 studiepunten","416,00 uren","15.03.2027 (georganiseerd in semester 2)","op 20 (tot op een geheel getal)","wel","Anseel Stijn, Calis Bart, De Weirdt Dieter, Duytschaever Tineke, Knockaert Bart, Lambrecht Jannes, Langeraert Pieter, Lowagie Jelle, Moortgat Lotte, Peters Yves, Piffet Philippe, Pottie Jonas, Rutsaert Evelien, Scheirlinckx Jan, Snels Merel, Spek Sander, Staesens Rik, Temmerman Hans, Thys Joris, Toppets Kristof, Vandersleyen Wim, Van Raes Marieke, Vansevenant Fries, Verniest Joris, Weyens Barend, Wysmans Michaël","Nederlands","6","<div class=""clearfix""><p>De student produceert een vakproduct, waarbij de student eindverantwoordelijkheid draagt voor alle productiestappen.<br/>
De student stelt een gefundeerde productierapportering op (deels in het Engels), met daar in onder meer een onderzoeksverslag en een toelichting bij het productieproces.<br/>
De student presenteert alle zaken voor een jury in de context van een expo-opstelling.</p>
<p> In de Canvascursus vindt de student alle praktische informatie om het afstudeerproject te organiseren en realiseren.</p>
<div data-extension-version=""1.0.4"" id=""ConnectiveDocSignExtentionInstalled""> </div></div>","[{'code': 'GDM/0100A1', 'description': 'De student ontwerpt vanuit een analyse een mediaconcept dat past binnen de brede communicatiestrategie en/of de doelstellingen en randvoorwaarden van de stakeholder(s).', 'level': 'Leerdoel Autonoom-Complex', 'category': 'BS'}, {'code': 'GDM/0100A2', 'description': 'De student toont aan dat het mediaconcept op een gepaste manier binnen de communicatiestrategie of doelstellingen van de stakeholders kan worden ingezet.', 'level': 'Leerdoel Autonoom-Complex', 'category': 'BS'}, {'code': 'GDM/0200A1', 'description': 'De student bedenkt en ontwerpt een mediaproduct dat getuigt van originaliteit en creativiteit.', 'level': 'Leerdoel Autonoom-Complex', 'category': 'BS'}, {'code': 'GDM/0200A2', 'description': 'De student bedenkt en ontwerpt een mediaproduct dat vanuit design principes esthetisch verantwoord is en voldoet aan de noden en verwachtingen van opdrachtgever en/of eindgebruiker.', 'level': 'Leerdoel Autonoom-Complex', 'category': 'BS'}, {'code': 'GDM/0300A1', 'description': 'De student levert een mediaproduct op dat getuigt van professionele, vaktechnische competenties conform de geijkte productiestandaarden.', 'level': 'Leerdoel Autonoom-Complex', 'category': 'BS'}, {'code': 'GDM/0300A2', 'description': 'De student levert een eindproduct op dat voldoet aan de relevante vaktechnische kwaliteitseisen.', 'level': 'Leerdoel Autonoom-Complex', 'category': 'BS'}, {'code': 'GDM/0400A1', 'description': 'De student voert een kwaliteitsvol onderzoek uit op basis van design researcht.', 'level': 'Leerdoel Autonoom-Complex', 'category': 'BG'}, {'code': 'GDM/0400A2', 'description': 'De student toont aan dat het gevoerde onderzoek het mediaproduct valideert of versterkt waardoor het een antwoord biedt op de noden en verwachtingen van de opdrachtgever, eindgebruiker en/of andere stakeholders.', 'level': 'Leerdoel Autonoom-Complex', 'category': 'BG'}, {'code': 'GDM/0526', 'description': 'De student heeft een professioneel en visueel aantrekkelijk portfolio dat een reflectie is van de eigen vaardigheden en stijl.', 'level': 'Leerdoel Autonoom-Complex', 'category': 'BG'}, {'code': 'GDM/0527', 'description': 'De student past de principes van personal branding toe in het ontwerp van zijn/haar portfolio, en zorgt ervoor dat deze visuele identiteit consistent doorgetrokken wordt in de online aanwezigheid (bijvoorbeeld via sociale media-profielen en visuele content).', 'level': 'Leerdoel Autonoom-Complex', 'category': 'BG'}, {'code': 'GDM/0528', 'description': 'De student past zijn/haar online aanwezigheid (bijvoorbeeld LinkedIn, Instagram) strategisch aan om de zichtbaarheid te vergroten en doelgerichte contacten op te bouwen met potentiële werkgevers of opdrachtgevers.', 'level': 'Leerdoel Autonoom-Complex', 'category': 'BG'}, {'code': 'GDM/0600A1', 'description': 'De student communiceert doelgericht, helder, in gepaste taal en indien nodig meertalig met de verschillende  (internationale) stakeholders.', 'level': 'Leerdoel Autonoom-Complex', 'category': 'BG'}, {'code': 'GDM/0800A1', 'description': 'De student ziet opportuniteiten voor mediaproducten, diensten of ervaringen die economisch of maatschappelijk waardevol zijn en neemt  initiatief voor de ontwikkeling hiervan.', 'level': 'Leerdoel Autonoom-Complex', 'category': 'ALG'}, {'code': 'GDM/0800A2', 'description': 'De student handelt in professionele activiteiten steeds vanuit een duurzaam perspectief en houdt rekening  met ethische aspecten zoals privacy, veiligheid en inclusie.', 'level': 'Leerdoel Autonoom-Complex', 'category': 'ALG'}]","[]","[]","Zie Canvas. In reguliere weken zal het contactmoment bestaan uit een wekelijkse feedbacksessie met de afstudeerbegeleider en werktijd op campus. Uitzonderingen zijn de eerste week (intensievere coaching) en de evaluatiemomenten. Het afstudeerproject vindt plaats in de tweede helft van het semester. Afhankelijk van de academische kalender zullen er een of twee vooruitgeschoven coachingsmomenten zijn in de eerste helft van het semester.","[{'exam_chance': 'Evaluatie(s) voor de eerste examenkans', 'moment': 'tweede examenperiode binnen examenrooster', 'form': 'Rapporten', 'percentage': '40,00', 'remark': 'De student licht het rapport toe tijdens een mondelinge presentatie tijdens de ingeroosterde contactmomenten.'}, {'exam_chance': 'Evaluatie(s) voor de eerste examenkans', 'moment': 'tweede examenperiode binnen examenrooster', 'form': 'Werkstuk', 'percentage': '50,00', 'remark': 'De student presenteert het werkstuk voor een jury in de context van een expo-opstelling.'}, {'exam_chance': 'Evaluatie(s) voor de eerste examenkans', 'moment': 'tweede examenperiode buiten examenrooster', 'form': 'Mondeling', 'percentage': '10,00', 'remark': 'Tussentijdse evaluatie'}, {'exam_chance': 'Evaluatie(s) voor de tweede examenkans', 'moment': 'derde examenperiode binnen examenrooster', 'form': 'Rapporten', 'percentage': '50,00', 'remark': 'De student licht het rapport toe tijdens een mondelinge presentatie.'}, {'exam_chance': 'Evaluatie(s) voor de tweede examenkans', 'moment': 'derde examenperiode binnen examenrooster', 'form': 'Werkstuk', 'percentage': '50,00', 'remark': 'De student presenteert het werkstuk voor een jury in de context van een expo-opstelling.'}]","Zie Canvas.","Contacttraject Audiovisual Design","https://bamaflexweb.arteveldehs.be/BMFUIDetailxOLOD.aspx?a=227799&b=1&c=1"
"Afstudeerstage semester 2","2026-27","Bachelor in de grafische en digitale media","","3","15 studiepunten","425,00 uren","15.03.2027 (georganiseerd in semester 2)","op 20 (tot op een geheel getal)","niet","Anseel Stijn, Calis Bart, De Canck Inge, De Weirdt Dieter, Duytschaever Tineke, Knockaert Bart, Lambrecht Jannes, Langeraert Pieter, Lowagie Jelle, Moortgat Lotte, Peters Yves, Piffet Philippe, Pottie Jonas, Rutsaert Evelien, Scheirlinckx Jan, Snels Merel, Staesens Rik, Temmerman Hans, Thys Joris, Toppets Kristof, Vandersleyen Wim, Van Raes Marieke, Vansevenant Fries, Verniest Joris, Weyens Barend, Wysmans Michaël","Nederlands","6","<div class=""clearfix""><p>De stage-inhoud is heel uiteenlopend en vaak gediversifieerd naar specialiteit van de richting en persoonlijke interesse. Zij wordt opgemaakt in overleg met het stagebedrijf, de student en de opleiding.</p>
<p>De student loopt minimaal 47 voltijdse dagen stage in een stagebedrijf en rapporteert hierover. Details over de verslaggeving worden gecommuniceerd via de Canvascursus.<br/>
De student is verplicht fysiek aanwezig op het intervisiemoment en op de verplichte fysieke terugkommomenten voor het afstudeerproject. <br/>
<br/>
<br/>
</p>
<div data-extension-version=""1.0.4"" id=""ConnectiveDocSignExtentionInstalled""> </div></div>","[{'code': 'GDM/0500A1', 'description': 'De student toont aan dat hij zicht heeft op de eigen kennis, vaardigheden en groeimogelijkheden.', 'level': 'Leerdoel Autonoom-Complex', 'category': 'ALG'}, {'code': 'GDM/0500A2', 'description': 'De student professionaliseert zich om blijvend inzetbaar te zijn als mediaprofessional in complexe en gespecialiseerde contexten.', 'level': 'Leerdoel Autonoom-Complex', 'category': 'ALG'}, {'code': 'GDM/0500A3', 'description': 'De student bouwt een professioneel netwerk uit en onderhoudt dit actief.', 'level': 'Leerdoel Autonoom-Complex', 'category': 'ALG'}, {'code': 'GDM/0523', 'description': 'De student heeft een professioneel en visueel aantrekkelijk portfolio dat een reflectie is van de eigen vaardigheden en stijl.', 'level': 'Leerdoel Verdiepend-Verbredend', 'category': 'BG'}, {'code': 'GDM/0524', 'description': 'De student past de principes van personal branding toe in het ontwerp van zijn/haar portfolio, en zorgt ervoor dat deze visuele identiteit consistent doorgetrokken wordt in de online aanwezigheid (bijvoorbeeld via sociale media-profielen en visuele content).', 'level': 'Leerdoel Verdiepend-Verbredend', 'category': 'BG'}, {'code': 'GDM/0525', 'description': 'De student past zijn/haar online aanwezigheid (bijvoorbeeld LinkedIn, Instagram) strategisch aan om de zichtbaarheid te vergroten en doelgerichte contacten op te bouwen met potentiële werkgevers of opdrachtgevers.', 'level': 'Leerdoel Verdiepend-Verbredend', 'category': 'BG'}, {'code': 'GDM/0700A1', 'description': 'De student werkt op een proactieve en professionele wijze samen in een (multidisciplinair) team.', 'level': 'Leerdoel Autonoom-Complex', 'category': 'BG'}, {'code': 'GDM/0700A2', 'description': 'De student neemt verantwoordelijkheid op binnen een project en voert de eigen taken op een planmatige wijze uit.', 'level': 'Leerdoel Autonoom-Complex', 'category': 'BG'}, {'code': 'GDM/2022-23/0207', 'description': 'De student getuigt van een creatief en conceptueel denkvermogen.', 'level': 'Leerdoel Verdiepend-Verbredend', 'category': 'BS'}, {'code': 'GDM/2022-23/0308', 'description': 'De student  past een industriestandaard of werkmethode vakkundig toe.', 'level': 'Leerdoel Autonoom-Complex', 'category': 'BS'}, {'code': 'GDM/2022-23/0310', 'description': 'De student kiest een gepaste productietechniek op basis van het te ontwikkelen eindproduct.', 'level': 'Leerdoel Verdiepend-Verbredend', 'category': 'BS'}, {'code': 'GDM/2022-23/0607', 'description': 'De student kan overtuigend en professioneel communiceren omtrent een professioneel gebonden thema, schriftelijk en/of mondeling.', 'level': 'Leerdoel Verdiepend-Verbredend', 'category': 'BG'}, {'code': 'GDM/2022-23/0802', 'description': 'De student kan kritisch reflecteren op ethische, deontologische en duurzaamheidsgerelateerde kwesties binnen het vakgebied.', 'level': 'Leerdoel Verdiepend-Verbredend', 'category': 'ALG'}, {'code': 'GDM/2022-23/0803', 'description': 'De student kan vanuit een ethisch standpunt kritisch reflecteren op nieuwe technologieën, innovatieve modellen en designtrends.', 'level': 'Leerdoel Verdiepend-Verbredend', 'category': 'ALG'}]","[]","[]","Zie Canvas. Verplaatsingsonkosten kunnen niet op de opleiding verhaald worden.","[{'exam_chance': 'Evaluatie(s) voor de eerste examenkans', 'moment': 'tweede examenperiode buiten examenrooster', 'form': 'Observatie', 'percentage': '80,00', 'remark': ''}, {'exam_chance': 'Evaluatie(s) voor de eerste examenkans', 'moment': 'tweede examenperiode buiten examenrooster', 'form': 'Rapporten', 'percentage': '20,00', 'remark': 'Stageverslaggeving'}]","Bij te laat indienen van het stageboek/verslag, maar minder dan 24 uur na de deadline, wordt 1/3 van de punten afgetrokken. Na 24u te laat indienen, zal een nul worden toegekend voor het stageboek/verslag. De verslaggeving is een essentieel onderdeel van de stage en dient ingediend te worden om te kunnen slagen. Bepaalde competenties kunnen niet volledig beoordeeld worden bij afwezig van de verslaggeving. Er is geen tweede examenkans mogelijk, omdat een stage van een dergelijke duur niet kan ingepast worden in de tweede examenperiode. Gedetailleerde communicatie verloopt via de Canvascursus.","Contacttraject Audiovisual Design","https://bamaflexweb.arteveldehs.be/BMFUIDetailxOLOD.aspx?a=228272&b=1&c=1"
"Creative Business Studio 3","2026-27","Bachelor in de grafische en digitale media","","3","6 studiepunten","152,00 uren","01.11.2026 (georganiseerd in semester 1)","op 20 (tot op een geheel getal)","wel","Dehaemers Ann, De Laender Annick, Vandenberghe Peter, Vanhees Rob","Nederlands","5","<div class=""clearfix""><p>Creative business studio 3 is gericht op duurzaam, maatschappelijk ondernemen. De studenten doorlopen het Step-up traject van Unizo, dat zich richt op het ontwikkelen van specifieke vaardigheden en kennis die essentieel is voor het succesvol starten en runnen van een bedrijf. </p>
<p>Het olod bestaat uit  2 delen: </p>
<ul>
<li>een grafisch mediaproduct bedenken, produceren (of laten produceren), promoten en verkopen. </li>
<li>een business plan uitwerken om te beoordelen of het idee opschaalbaar is en/of als start-up levensvatbaar kan zijn.</li>
</ul>
<p>Thema's die aan bod komen zijn:</p>
<ol>
<li>Wie ben ik als ondernemer en wat zijn mijn ondernemerscompetenties.  </li>
<li>Concept bepalen voor de mini-onderneming.  </li>
<li>Haalbaarheidsstudie (commercieel – financieel – technisch) - SWOT analyse - Missie en visie bepalen</li>
<li>Administratieve formaliteiten – betalingen – boekhouding – organisatieplan – teamrollen - rolverdeling</li>
<li>Uitvoering: uitwerken idee - productie - promotie - verkoop</li>
<li>Deelname Step-up Markt</li>
<li>Business plan om te beoordelen of het idee levensvatbaar is. </li>
<li>Opschalen en start-up (fictief).<br/>
<br/>
<br/>
<br/>
</li>
</ol></div>","[{'code': 'GDM/0117', 'description': 'De student onderzoekt zijn of haar ondernemersprofiel en ontwikkelt bewustzijn van eigen ondernemerschapscompetenties, met aandacht voor duurzaamheid en maatschappelijke meerwaarde.', 'level': 'Leerdoel Verdiepend-Verbredend', 'category': 'BG'}, {'code': 'GDM/0118', 'description': 'De student ontwikkelt een creatief en realistisch concept voor een grafisch mediaproduct, en toetst dit aan de hand van een haalbaarheidsstudie (commercieel, technisch, financieel), inclusief SWOT-analyse, missie en visie.', 'level': 'Leerdoel Verdiepend-Verbredend', 'category': 'BG'}, {'code': 'GDM/0119', 'description': 'De student plant en realiseert het volledige productieproces van het mediaproduct, en voert een gerichte promotie- en verkoopstrategie uit, afgestemd op de doelgroep en marktinzichten.', 'level': 'Leerdoel Verdiepend-Verbredend', 'category': 'BG'}, {'code': 'GDM/0120', 'description': 'De student beheert de administratieve, organisatorische en financiële aspecten van de mini-onderneming (zoals betalingen, boekhouding en teamrollen) en past deze toe conform wettelijke en praktische vereisten.', 'level': 'Leerdoel Verdiepend-Verbredend', 'category': 'BG'}, {'code': 'GDM/0121', 'description': 'De student stelt een onderbouwd businessplan op waarin het potentieel van de onderneming voor opschaling en levensvatbaarheid als start-up kritisch wordt geanalyseerd, rekening houdend met duurzaam en maatschappelijk verantwoord ondernemen.', 'level': 'Leerdoel Verdiepend-Verbredend', 'category': 'BG'}]","[]","[]","Zie canvascursus. De studenten werken in groep aan een project. Elke groep neemt deel aan het Step-up traject van Unizo. Hieraan is een deelnamekost verbonden van 25 à 30 euro per student.","[{'exam_chance': 'Evaluatie(s) voor de eerste examenkans', 'moment': 'eerste examenperiode binnen examenrooster', 'form': 'Mondeling', 'percentage': '20,00', 'remark': ''}, {'exam_chance': 'Evaluatie(s) voor de eerste examenkans', 'moment': 'eerste examenperiode buiten examenrooster', 'form': 'Observatie', 'percentage': '20,00', 'remark': ''}, {'exam_chance': 'Evaluatie(s) voor de eerste examenkans', 'moment': 'eerste examenperiode buiten examenrooster', 'form': 'Werkstuk', 'percentage': '60,00', 'remark': ''}, {'exam_chance': 'Evaluatie(s) voor de tweede examenkans', 'moment': 'derde examenperiode binnen examenrooster', 'form': 'Mondeling', 'percentage': '40,00', 'remark': ''}, {'exam_chance': 'Evaluatie(s) voor de tweede examenkans', 'moment': 'derde examenperiode binnen examenrooster', 'form': 'Werkstuk', 'percentage': '60,00', 'remark': ''}]","Bij te laat indienen van een opdracht, maar minder dan 24 uur na de deadline, wordt 1/3 van de punten afgetrokken. Na 24 uur te laat indienen, zal een nul worden toegekend aan deze opdracht. Deelname aan de lessen en de Step-up markt is verplicht.","Contacttraject Audiovisual Design","https://bamaflexweb.arteveldehs.be/BMFUIDetailxOLOD.aspx?a=230954&b=1&c=1"
"Expedition","2026-27","Bachelor in de grafische en digitale media","","3","6 studiepunten","165,00 uren","01.11.2026 (georganiseerd in semester 1)","op 20 (tot op een geheel getal)","wel","D'Hondt Glenn, Lambrecht Jannes, Rutsaert Evelien, Temmerman Hans, Thys Joris, Vansevenant Fries, Weyens Barend","Nederlands","5","<div class=""clearfix"">In dit opleidingsonderdeel worden studenten gestimuleerd om in groepsverband te experimenteren en zich los te maken van traditionele denkkaders. In tegenstelling tot andere vakken ligt de focus niet op het afleveren van een afgewerkt en kwalitatief eindresultaat, maar op een creatieve en grondige verkenning van uiteenlopende oplossingsrichtingen. Studenten worden aangespoord om vakoverschrijdende benaderingen te ontwikkelen voor opgelegde vraagstukken, met bijzondere aandacht voor het proces van experimenteren als kern van het leertraject.</div>","[{'code': 'GDM/0255', 'description': 'De student kan binnen een grafische en digitale context onderzoeksvragen formuleren en via toegepast design research visuele en inhoudelijke ontwerpbeslissingen onderbouwen.', 'level': 'Leerdoel Verdiepend-Verbredend', 'category': 'BS'}, {'code': 'GDM/0256', 'description': 'De student kan op basis van een iteratief onderzoek een brede reeks grafische concepten ontwikkelen en deze op een doordachte en visueel overtuigende manier presenteren.', 'level': 'Leerdoel Verdiepend-Verbredend', 'category': 'BS'}, {'code': 'GDM/0257', 'description': 'De student kan beeld en tekst doelgericht combineren waarbij visuele communicatie de storytelling en conceptuele kracht binnen grafisch ontwerp versterkt.', 'level': 'Leerdoel Verdiepend-Verbredend', 'category': 'BS'}, {'code': 'GDM/0258', 'description': 'De student kan visuele concepten overtuigend presenteren via grafisch onderbouwde pitches waarbij storytelling en beeldtaal strategisch worden ingezet.', 'level': '1', 'category': 'BS'}, {'code': 'GDM/0259', 'description': 'De student kan functioneren binnen een wisselende, multidisciplinaire groepscontext die een professionele grafische studio simuleert en daarbij actief bijdragen aan proces en collectieve output.', 'level': 'Leerdoel Verdiepend-Verbredend', 'category': 'BS'}]","[]","[]","Zie Canvas","[{'exam_chance': 'Evaluatie(s) voor de eerste examenkans', 'moment': 'eerste examenperiode binnen examenrooster', 'form': 'Werkstuk', 'percentage': '20,00', 'remark': ''}, {'exam_chance': 'Evaluatie(s) voor de eerste examenkans', 'moment': 'eerste examenperiode buiten examenrooster', 'form': 'Werkstuk permanente evaluatie (Permanente evaluatie)', 'percentage': '80,00', 'remark': ''}, {'exam_chance': 'Evaluatie(s) voor de tweede examenkans', 'moment': 'derde examenperiode binnen examenrooster', 'form': 'Werkstuk', 'percentage': '100,00', 'remark': ''}]","- Verspreid over het semester worden verschillende werkstukken gemaakt met specifieke deadlines - Bij de tweede examenkans wordt één opdracht uitgewerkt waarin alle eindcompetenties kunnen worden beoordeeld - Bij te laat indienen van een opdracht, maar minder dan 24 uur na de deadline, wordt 1/3 van de punten afgetrokken. Wanneer een deadline met meer dan 24u is overschreden, zal een nul worden toegekend","Contacttraject Audiovisual Design","https://bamaflexweb.arteveldehs.be/BMFUIDetailxOLOD.aspx?a=231143&b=1&c=1"
"Expert Track AVD","2026-27","Bachelor in de grafische en digitale media","","3","12 studiepunten","","","","","","","5","","[]","[]","[]","","[]","","Contacttraject Audiovisual Design","https://bamaflexweb.arteveldehs.be/BMFUIDetailxOLOD.aspx?a=231213&b=1&c=1"
"Launch Your Own Brand","2026-27","Bachelor in de grafische en digitale media","","3","3 studiepunten","75,00 uren","01.11.2026 (georganiseerd in semester 1)","op 20 (tot op een geheel getal)","wel","Moriau Hadewych, Snels Merel","Engels","5","<div class=""clearfix"">Studenten moeten zich op het einde van de opleiding overtuigend kunnen positioneren binnen het werkveld.<br/>
<br/>
Daarbij zijn niet enkel technische vaardigheden belangrijk, maar ook:<br/>
<br/>
storytelling<br/>
zelfpositionering<br/>
professionele maturiteit<br/>
online aanwezigheid<br/>
networking<br/>
zichtbaarheid van sterktes en interesses<br/>
<br/>
Het vak vertrekt vanuit:<br/>
personal branding<br/>
portfolio-opbouw<br/>
“ik als mediaprofessional”<br/>
<br/>
Het uiteindelijke doel is studenten sterker in het werkveld te laten staan en hun carrière als het ware “in de stelling te zetten”.<br/>
<br/>
De student leert:<br/>
zichzelf professioneel presenteren<br/>
hun sterktes strategisch communiceren<br/>
een coherent professioneel profiel uitbouwen<br/>
communiceren via verschillende media en platformen<br/>
professioneel netwerken<br/>
authentiek en overtuigend storytelling inzetten</div>","[{'code': 'GDM/0515', 'description': 'De student kan zijn professionele waarde duidelijk en overtuigend communiceren, zowel schriftelijk als mondeling, aan diverse belanghebbenden binnen een bedrijf of tijdens sollicitaties.', 'level': 'Leerdoel Verdiepend-Verbredend', 'category': 'BG'}, {'code': 'GDM/0522', 'description': 'De student past de principes van personal branding toe in het ontwerp van zijn/haar portfolio, en zorgt ervoor dat deze visuele identiteit consistent doorgetrokken wordt in de online aanwezigheid (bijvoorbeeld via sociale media-profielen en visuele content).', 'level': 'Leerdoel Verdiepend-Verbredend', 'category': 'BS'}, {'code': 'GDM/0528', 'description': 'De student past zijn/haar online aanwezigheid (bijvoorbeeld LinkedIn, Instagram) strategisch aan om de zichtbaarheid te vergroten en doelgerichte contacten op te bouwen met potentiële werkgevers of opdrachtgevers.', 'level': '1', 'category': 'BG'}, {'code': 'GDM/0605b', 'description': 'De student communiceert schriftelijk en mondeling op een heldere en professionele manier in het Engels over een topic in de creatieve sector.', 'level': 'Leerdoel Verdiepend-Verbredend', 'category': 'BG'}, {'code': 'GDM/0816', 'description': 'De student kan de administratieve, professionele en organisatorische basisprocessen toepassen die nodig zijn voor het opstarten van een freelance praktijk binnen de creatieve sector.', 'level': 'Leerdoel Verdiepend-Verbredend', 'category': 'BG'}]","[]","[]","Het vak bestaat uit een combinatie van hoorcolleges, gastsprekers en interactieve werkcolleges.","[{'exam_chance': 'Evaluatie(s) voor de eerste examenkans', 'moment': 'eerste examenperiode binnen examenrooster', 'form': 'Mondeling', 'percentage': '50,00', 'remark': ''}, {'exam_chance': 'Evaluatie(s) voor de eerste examenkans', 'moment': 'eerste examenperiode binnen examenrooster', 'form': 'Werkstuk', 'percentage': '20,00', 'remark': ''}, {'exam_chance': 'Evaluatie(s) voor de eerste examenkans', 'moment': 'eerste examenperiode buiten examenrooster', 'form': 'Werkstuk', 'percentage': '30,00', 'remark': ''}, {'exam_chance': 'Evaluatie(s) voor de tweede examenkans', 'moment': 'derde examenperiode binnen examenrooster', 'form': 'Mondeling', 'percentage': '50,00', 'remark': ''}, {'exam_chance': 'Evaluatie(s) voor de tweede examenkans', 'moment': 'derde examenperiode binnen examenrooster', 'form': 'Werkstuk', 'percentage': '50,00', 'remark': ''}]","Als een opdracht te laat wordt ingeleverd, maar minder dan 24 uur na de deadline, wordt 1/3 van de punten afgetrokken. Na 24 uur te laat ingeleverd te hebben, wordt een 0 toegekend voor deze opdracht.","Contacttraject Audiovisual Design","https://bamaflexweb.arteveldehs.be/BMFUIDetailxOLOD.aspx?a=232500&b=1&c=1"
"Media Ethics","2026-27","Bachelor in de grafische en digitale media","","3","3 studiepunten","81,00 uren","01.11.2026 (georganiseerd in semester 1)","op 20 (tot op een geheel getal)","wel","","Nederlands","5","<div class=""clearfix""><p>In dit vak worden volgende thema's aangereikt en uitgediept:</p>
<ul>
<li>Religie, zingeving en levensbeschouwing: toelichting bij de drie begrippen.</li>
<li>Leven in een pluralistische samenleving: eigen positiebepaling</li>
<li>De rol van communicatie, journalistiek &amp; media: (interlevensbeschouwelijke) dialoog? Polarisering? Dialoog in de polarisering?</li>
<li>Ethische dilemma's ivm communicatie, media &amp; levensbeschouwing: analyseren, presenteren.</li>
<li>Debat aangaan omtrent ethische dilemma's en zingevingsvragen.</li>
<li>Inspiratiebronnen verkennen voor een zinvol leven en ethisch handelen.</li>
</ul></div>","[{'code': 'GDM/2022-23/0607', 'description': 'De student kan overtuigend en professioneel communiceren omtrent een professioneel gebonden thema, schriftelijk en/of mondeling.', 'level': 'Leerdoel Verdiepend-Verbredend', 'category': 'BG'}, {'code': 'GDM/2022-23/0802', 'description': 'De student kan kritisch reflecteren op ethische, deontologische en duurzaamheidsgerelateerde kwesties binnen het vakgebied.', 'level': 'Leerdoel Verdiepend-Verbredend', 'category': 'ALG'}, {'code': 'GDM/2022-23/0803', 'description': 'De student kan vanuit een ethisch standpunt kritisch reflecteren op nieuwe technologieën, innovatieve modellen en designtrends.', 'level': 'Leerdoel Verdiepend-Verbredend', 'category': 'ALG'}]","[]","[]","Zie Canvas.","[{'exam_chance': 'Evaluatie(s) voor de eerste examenkans', 'moment': 'eerste examenperiode binnen examenrooster', 'form': 'Mondeling', 'percentage': '60,00', 'remark': 'De student dient zijn portfolio in ter voorbereiding van het examen op moment van deadline in het uurrooster.'}, {'exam_chance': 'Evaluatie(s) voor de eerste examenkans', 'moment': 'eerste examenperiode buiten examenrooster', 'form': 'Mondeling', 'percentage': '30,00', 'remark': ''}, {'exam_chance': 'Evaluatie(s) voor de eerste examenkans', 'moment': 'eerste examenperiode buiten examenrooster', 'form': 'Rapporten', 'percentage': '10,00', 'remark': ''}, {'exam_chance': 'Evaluatie(s) voor de tweede examenkans', 'moment': 'derde examenperiode binnen examenrooster', 'form': 'Mondeling', 'percentage': '100,00', 'remark': ''}]","Bij te laat indienen van een opdracht, maar minder dan 24 uur na de deadline, wordt 1/3 van de punten afgetrokken. Na 24u te laat indienen, zal een nul worden toegekend aan deze opdracht.","Contacttraject Audiovisual Design","https://bamaflexweb.arteveldehs.be/BMFUIDetailxOLOD.aspx?a=230953&b=1&c=1"
"Creative Business Essentials","2026-27","Bachelor in de grafische en digitale media","","1","5 studiepunten","138,00 uren","15.03.2027 (georganiseerd in semester 2)","op 20 (tot op een geheel getal)","wel","De Canck Inge, De Laender Annick, Vandenberghe Peter, Vanhees Rob","Nederlands","2","<div class=""clearfix""><p><strong>Creative Business Essentials </strong> bestaat uit 4 onderdelen:</p>
<p><span style=""text-decoration: underline;"">Sectoranalyse</span></p>
<ul>
<li>Kennis maken met de sector door inzichten te krijgen in het landschap van de grafische en digitale mediasector waardoor je je kan oriënteren binnen de verschillende disciplines. </li>
<li>Introductie personal branding en portfolio.</li>
<li>Aanmaak van LinkedIn-profiel.</li>
</ul>
<p><span style=""text-decoration: underline;"">Economie voor de creatieve sector</span></p>
<ul>
<li>Verwerven van economisch inzicht als videograaf, webdesigner, print expert, grafisch vormgever … om bedrijven te evalueren, beleidsbeslissingen te nemen en projecten te kunnen budgetteren en managen. </li>
<li>Basiskennis boekhoudkundige verplichtingen, factuur aanmaken.</li>
</ul>
<p><span style=""text-decoration: underline;"">Marketing</span> </p>
<ul>
<li>
    Inleiding tot het basisreferentiekader van marketing, essentieel voor het ontwikkelen van campagnes en grafische of digitale mediaproducten voor opdrachtgevers.</li>
<li>Verwerven van basiskennis en vertrouwd raken met kernbegrippen en terminologie, met focus op de praktische toepassing van de leerstof.</li>
</ul>
<p>
 </p>
<p><span style=""text-decoration: underline;"">Juridisch en ethisch kader </span></p>
<ul>
<li>
    Bij de ontwikkeling van een mediaproduct rekening houden met het correcte wettelijk kader alsook de afspraken binnen de sector kunnen interpreteren. Door de grenzen te kennen bij het gebruik van media (grafisch, audio, foto, video,...) materiaal behoud je als professional de beroepsethiek en kan je juist refereren bij het gebruik van niet eigen materiaal. </li>
<li>Heeft inzicht in de formaliteiten en in de keuze van de ondernemingsvorm bij de opstart van een onderneming.</li>
</ul></div>","[{'code': 'GDM/0101', 'description': 'De student kent het belang van marketingkennis in de media- en creatieve sector.', 'level': 'Leerdoel Elementair', 'category': 'BS'}, {'code': 'GDM/0102', 'description': 'De student begrijpt de basisprincipes en - concepten van marketing.', 'level': 'Leerdoel Elementair', 'category': 'BS'}, {'code': 'GDM/0103', 'description': 'De student heeft  inzicht in marketingstrategieën.', 'level': 'Leerdoel Elementair', 'category': 'BS'}, {'code': 'GDM/0105', 'description': 'De student heeft inzicht in de manier waarop marktanalysegegevens gebruikt worden om markttrends en consumentengedrag te begrijpen.', 'level': 'Leerdoel Elementair', 'category': 'BS'}, {'code': 'GDM/0505', 'description': 'De student kent de belangrijkste bronnen om op de hoogte te blijven van ontwikkelingen, innovaties en trends die zich afspelen in de grafische, creatieve en mediasector.', 'level': 'Leerdoel Elementair', 'category': 'BG'}, {'code': 'GDM/0516', 'description': 'De student begrijpt het doel en de waarde van een portfolio, personal branding en online aanwezigheid in de zoektocht naar werk.', 'level': 'Leerdoel Elementair', 'category': 'BG'}, {'code': 'GDM/0517', 'description': 'De student kan uitleggen wat personal branding is, waarom het belangrijk is voor de zichtbaarheid van een creatief professional, en hoe dit in het portfolio en sociale media geïntegreerd kan worden.', 'level': 'Leerdoel Elementair', 'category': 'BG'}, {'code': 'GDM/0518', 'description': 'De student begrijpt hoe visuele branding, zoals logo, typografie en kleurgebruik, kan bijdragen aan een consistente en professionele uitstraling van het portfolio en de sociale mediakanalen.', 'level': 'Leerdoel Elementair', 'category': 'BG'}, {'code': 'GDM/0519', 'description': 'De student begrijpt het belang van storytelling en gebruikt het om zijn/haar werk en persoonlijke merk op een overtuigende manier te presenteren, zowel in het portfolio als op sociale mediakanalen.', 'level': 'Leerdoel Elementair', 'category': 'BG'}, {'code': 'GDM/0701', 'description': 'De student kent de verschillende functieprofielen in de creatieve sector en hun verhouding tot elkaar.', 'level': 'Leerdoel Elementair', 'category': 'ALG'}, {'code': 'GDM/0802', 'description': 'De student kent de belangrijkste stakeholders van de grafische, creatieve mediasector en hun relevantie.', 'level': 'Leerdoel Elementair', 'category': 'BG'}, {'code': 'GDM/0803', 'description': 'De student begrijpt de basisprincipes van kostenbeheersing, cashflow en investeringen van een KMO in de creatieve sector en heeft inzicht in wat een financieel gezond bedrijf is.', 'level': 'Leerdoel Elementair', 'category': 'ALG'}, {'code': 'GDM/0805', 'description': 'De student kent bedrijfsmodellen en kan deze invullen om nieuwe organisaties/producten in de creatieve sector in kaart te brengen.', 'level': 'Leerdoel Elementair', 'category': 'ALG'}, {'code': 'GDM/0806', 'description': 'De student begrijpt de mechanismen die in een creatief bedrijf gebruikt worden om een werknemer te beoordelen.', 'level': 'Leerdoel Elementair', 'category': 'ALG'}, {'code': 'GDM/0808', 'description': 'De student heeft inzicht in de wetgeving en de gedragscodes waarmee hij in het creatieproces van mediaproducten moet rekening houden en herkent overtredingen hiertegen.', 'level': 'Leerdoel Elementair', 'category': 'ALG'}, {'code': 'GDM/0809', 'description': 'De student heeft inzicht in de regelgeving rond vertrouwelijkheid en integriteit van gegevens (m.n. privacy).', 'level': 'Leerdoel Elementair', 'category': 'ALG'}]","[]","[]","Zie Canvas.","[{'exam_chance': 'Evaluatie(s) voor de eerste examenkans', 'moment': 'tweede examenperiode binnen examenrooster', 'form': 'Schriftelijk', 'percentage': '65,00', 'remark': ''}, {'exam_chance': 'Evaluatie(s) voor de eerste examenkans', 'moment': 'tweede examenperiode buiten examenrooster', 'form': 'Werkstuk', 'percentage': '35,00', 'remark': ''}, {'exam_chance': 'Evaluatie(s) voor de tweede examenkans', 'moment': 'derde examenperiode binnen examenrooster', 'form': 'Schriftelijk', 'percentage': '65,00', 'remark': ''}, {'exam_chance': 'Evaluatie(s) voor de tweede examenkans', 'moment': 'derde examenperiode binnen examenrooster', 'form': 'Werkstuk', 'percentage': '35,00', 'remark': ''}]","Bij te laat indienen van een opdracht, maar minder dan 24 uur na de deadline, wordt 1/3 van de punten afgetrokken. Na 24u te laat indienen, zal een nul worden toegekend voor deze opdracht.","Contacttraject Cross Media Design","https://bamaflexweb.arteveldehs.be/BMFUIDetailxOLOD.aspx?a=228013&b=1&c=1"
"Creative Studio","2026-27","Bachelor in de grafische en digitale media","","1","5 studiepunten","132,00 uren","01.11.2026 (georganiseerd in semester 1)","op 20 (tot op een geheel getal)","wel","Kopatz Janine, Snels Merel, Staesens Rik, Thys Joris","Nederlands","1","<div class=""clearfix""><p>Creative Studio biedt studenten de juiste inzichten en tools om een creatief proces op te starten en succesvol te doorlopen. Het vak legt de nadruk niet zozeer op het eindproduct, maar eerder op het proces dat nodig is om originele en creatieve grafische resultaten te bereiken, inclusief:</p>
<p>• Begrijpen wat creativiteit is en hoe ideeën gegenereerd worden<br/>
• De eigen creatieve modus activeren wanneer nodig<br/>
• Out-of-the-box denken en creatieve denktechnieken en methoden toepassen<br/>
• Technieken om ideeën visueel te communiceren en af te stemmen met de klant<br/>
• Feedback interpreteren en gebruiken voor professionele groei<br/>
• Experimenteren en doorgedreven onderzoek uitvoeren<br/>
• Design principes herkennen en toepassen in eigen werk<br/>
• Dagelijkse gewoontes ontwikkelen die creativiteit en groei stimuleren<br/>
• Reflecteren op de eigen creatieve praktijk</p>
<div data-extension-version=""1.0.4"" id=""ConnectiveDocSignExtentionInstalled""> </div></div>","[{'code': 'GDM/0207', 'description': 'De student past design principes zoals contrast, compositie, kleurgebruik, storytelling, enz., toe om een aantrekkelijk, evenwichtig en visueel aantrekkelijk mediaproduct te creëren.', 'level': 'Leerdoel Verdiepend-Verbredend', 'category': 'BS'}, {'code': 'GDM/0208', 'description': 'De student past creatieve denktechnieken en methoden toe om originele en creatieve ideeën te genereren als basis voor de uitwerking van een mediaproduct.', 'level': 'Leerdoel Verdiepend-Verbredend', 'category': 'BS'}, {'code': 'GDM/0209', 'description': 'De student kan de gegenereerde ideeën omzetten in een goed gedefinieerd concept voor het mediaproduct.', 'level': 'Leerdoel Verdiepend-Verbredend', 'category': 'BS'}, {'code': 'GDM/0213', 'description': 'De student gebruikt feedback en inzichten om iteratief te werken aan het verfijnen en verbeteren van het mediaproduct.', 'level': 'Leerdoel Verdiepend-Verbredend', 'category': 'BS'}, {'code': 'GDM/0215', 'description': 'De student kan de keuzes en afwegingen die gemaakt zijn in het ontwerpproces op een professionele manier onderbouwen en verantwoorden naar de opdrachtgever/eindgebruiker', 'level': 'Leerdoel Verdiepend-Verbredend', 'category': 'BS'}]","[]","[]","De wekelijkse lesmomenten zijn een combinatie van hoorcolleges, workshops en praktijkoefeningen. Buiten de lesmomenten werkt de student zelfstandig aan zijn semestertaak en eindopdracht.","[{'exam_chance': 'Evaluatie(s) voor de eerste examenkans', 'moment': 'eerste examenperiode buiten examenrooster', 'form': 'Werkstuk permanente evaluatie (Permanente evaluatie)', 'percentage': '100,00', 'remark': 'Semestertaak 40% (werkstuk permanente evaluatie)Wekelijkse klasopdrachten 30% (werkstuk permanente evaluatie)Eindopdracht 30% (werkstuk)'}, {'exam_chance': 'Evaluatie(s) voor de tweede examenkans', 'moment': 'derde examenperiode binnen examenrooster', 'form': 'Werkstuk', 'percentage': '100,00', 'remark': 'Semestertaak 50%Eindopdracht 50% (werkstuk)'}]","De evaluatie van de eerste examenkans opgedeeld in 3 stukken: semestertaak (40% - werkstuk permanente evaluatie), klasopdrachten (30% - werkstuk permanente evaluatie) en eindopdracht (30% - werkstuk). Indien aanwezigheid tijdens de contactmomenten niet mogelijk is, mogen klasopdrachten zelfstanding ingehaald en ingediend worden via Canvas, mits geldige reden van afwezigheid. De evaluatie van de tweede examenkans is opgedeeld in 2 stukken: semestertaak (50% - werkstuk permanente evaluatie) en eindopdracht (50% - werkstuk). Bij te laat indienen van een opdracht, maar minder dan 24 uur na de deadline, wordt 1/3 van de punten afgetrokken. Vaaf 24u te laat indienen, zal een nul worden toegekend voor deze opdracht.","Contacttraject Cross Media Design","https://bamaflexweb.arteveldehs.be/BMFUIDetailxOLOD.aspx?a=227885&b=1&c=1"
"Design Principles semester 1","2026-27","Bachelor in de grafische en digitale media","","1","4 studiepunten","126,00 uren","01.11.2026 (georganiseerd in semester 1)","op 20 (tot op een geheel getal)","wel","Taalvak:","Engels","1","<div class=""clearfix"">- Belangrijkste kunst- en design-stromingen en hun relevantie voor hedendaags ontwerp.<br/>
- Communicatiepsychologie voor verschillende media.<br/>
- Design Principes en hun toepassingen in verschillende media.<br/>
- Typografie (Anatomie van letters, gebruik van fonts in diverse media, basics in lay-out for motion)<br/>
- Universal design (Accessible, Usable, Inclusive) in het ontwerpen van media.</div>","[{'code': 'GDM/0201', 'description': 'De student begrijpt de basistechnieken van creatief denken.', 'level': 'Leerdoel Elementair', 'category': 'BS'}, {'code': 'GDM/0202', 'description': 'De student heeft inzicht in de principes van multimediale communicatie en het betreffende vakjargon.', 'level': 'Leerdoel Elementair', 'category': 'BS'}, {'code': 'GDM/0203', 'description': 'De student kent de culturele en historische achtergrond van hedendaagse visuele communicatie.', 'level': 'Leerdoel Elementair', 'category': 'BS'}, {'code': 'GDM/0204', 'description': 'De student heeft een goed begrip van design principes en hun toepassingen binnen de verschillende visuele communicatie disciplines', 'level': 'Leerdoel Elementair', 'category': 'BS'}, {'code': 'GDM/0811', 'description': 'De student heeft inzicht in de principes van Universal Design zoals toegankelijkheid, bruikbaarheid, inclusie en flexibiliteit voor het ontwerpen van mediaproducten.', 'level': 'Leerdoel Elementair', 'category': 'ALG'}]","[]","[]","","[{'exam_chance': 'Evaluatie(s) voor de eerste examenkans', 'moment': 'eerste examenperiode binnen examenrooster', 'form': 'Schriftelijk', 'percentage': '75,00', 'remark': ''}, {'exam_chance': 'Evaluatie(s) voor de eerste examenkans', 'moment': 'eerste examenperiode buiten examenrooster', 'form': 'Schriftelijk', 'percentage': '25,00', 'remark': 'Vooruitgeschoven examen'}, {'exam_chance': 'Evaluatie(s) voor de tweede examenkans', 'moment': 'derde examenperiode binnen examenrooster', 'form': 'Schriftelijk', 'percentage': '100,00', 'remark': ''}]","Schriftelijk examen Het vak wordt geëvalueerd met een vooruitgeschoven examen en een eindexamen aan het einde van het semester. Beide examens bestaan uit meerkeuzevragen met vier antwoordmogelijkheden, waarbij telkens één antwoord correct is. Er wordt geen cesuur toegepast op het examen. Het vooruitgeschoven examen telt mee voor 25% van het totaal. Het eindexamen telt mee voor 75% van het totaal. De leerstof van het vooruitgeschoven examen wordt niet hernomen voor het eindexamen. De student kan kiezen om het examen in het Engels of het Nederlands af te leggen.","Contacttraject Cross Media Design","https://bamaflexweb.arteveldehs.be/BMFUIDetailxOLOD.aspx?a=228322&b=1&c=1"
"Design Research","2026-27","Bachelor in de grafische en digitale media","","1","5 studiepunten","140,00 uren","15.03.2027 (georganiseerd in semester 2)","op 20 (tot op een geheel getal)","wel","Kopatz Janine, Lowagie Jelle, Vanderweeën Benedikte, Verzele Els","Nederlands","2","<div class=""clearfix"">
- De relevantie van onderzoek, specifiek binnen design en media<br/>
- Onderzoeksmethodologie (formuleren onderzoeksvraag, kwantitatief vs. kwalitatief, onderzoeksmethoden, ...)<br/>
- De fasen en bijbehorende methoden binnen een Design Thinking-onderzoek<br/>
- Op elementair niveau zelf een onderzoek opzetten om informatie te vergaren, via bronnen of via eigen onderzoeksactiviteiten<br/>
<ul></ul>
<br class=""t-last-br""/>
<div data-extension-version=""1.0.4"" id=""ConnectiveDocSignExtentionInstalled""> </div></div>","[{'code': 'GDM/0401', 'description': 'De student kent het nut van onderzoek voor een designer, en snapt hoe\\xa0onderzoeksconclusies\\xa0een impact kunnen hebben op (het ontwerp van) een mediaproduct.', 'level': 'Leerdoel Elementair', 'category': 'BG'}, {'code': 'GDM/0402', 'description': ""De student kent het proces van 'design thinking' en kent de verschillende fasen."", 'level': 'Leerdoel Elementair', 'category': 'BG'}, {'code': 'GDM/0403', 'description': ""De student kent het verschil tussen een complexe ('wicked') vraag en een enkelvoudige design- of ontwikkelvraag."", 'level': 'Leerdoel Elementair', 'category': 'BG'}, {'code': 'GDM/0404', 'description': ""De student kan een afgebakende onderzoeksvraag formuleren, vooral in functie van 'design thinking'."", 'level': 'Leerdoel Elementair', 'category': 'BG'}, {'code': 'GDM/0406', 'description': 'De student kent verschillende typen van onderzoeksmethoden, met de toepassingen en voor- en nadelen, voor probleemdefinitie (discover &\\xa0define).', 'level': 'Leerdoel Elementair', 'category': 'BG'}, {'code': 'GDM/0407', 'description': 'De student kent verschillende typen van onderzoeksmethoden, met de toepassingen en voor- en nadelen, voor idee-generatie (ideation).', 'level': 'Leerdoel Elementair', 'category': 'BG'}, {'code': 'GDM/0408', 'description': ""De student kan deze verschillende typen van onderzoeksmethoden koppelen aan fasen in het 'design thinking'-proces."", 'level': 'Leerdoel Elementair', 'category': 'BG'}, {'code': 'GDM/0409', 'description': 'De student heeft de kennis en vaardigheden om op elementair niveau informatie te vergaren, via bronnen of via eigen onderzoeksactiviteiten.', 'level': 'Leerdoel Elementair', 'category': 'BG'}]","[]","[]","Zie Canvas.","[{'exam_chance': 'Evaluatie(s) voor de eerste examenkans', 'moment': 'tweede examenperiode binnen examenrooster', 'form': 'Schriftelijk', 'percentage': '70,00', 'remark': ''}, {'exam_chance': 'Evaluatie(s) voor de eerste examenkans', 'moment': 'tweede examenperiode buiten examenrooster', 'form': 'Werkstuk', 'percentage': '30,00', 'remark': ''}, {'exam_chance': 'Evaluatie(s) voor de tweede examenkans', 'moment': 'derde examenperiode binnen examenrooster', 'form': 'Schriftelijk', 'percentage': '100,00', 'remark': ''}]","Bij te laat indienen van een opdracht, maar minder dan 24 uur na de deadline, wordt 1/3 van de punten afgetrokken. Na 24 uur te laat indienen, zal een nul worden toegekend aan deze opdracht.","Contacttraject Cross Media Design","https://bamaflexweb.arteveldehs.be/BMFUIDetailxOLOD.aspx?a=228092&b=1&c=1"
"Graphic Design 1","2026-27","Bachelor in de grafische en digitale media","","1","5 studiepunten","136,00 uren","01.11.2026 (georganiseerd in semester 1)","op 20 (tot op een geheel getal)","wel","Duytschaever Tineke, Kopatz Janine, Langeraert Pieter, Vandenberghe Peter, Vandermarcke Katrien, Van Raes Marieke","Nederlands","1","<div class=""clearfix""><p>Het opleidingsonderdeel richt zich op het ontwikkelen van een basis in grafisch denken en handelen via een stapsgewijze opbouw van analyse, toepassing en conceptontwikkeling.</p>
<p>
<br/>
Studenten maken kennis met en oefenen op vormstudie (stilering, compositie en vlakverdeling) en leren basisprincipes van grafisch ontwerp zoals contrast, hiërarchie en kleurgebruik herkennen en toepassen. Hierbij wordt zowel analoog als digitaal gewerkt, met aandacht voor technische vaardigheden zoals snijden, monteren en presenteren.<br/>
<br/>
Door middel van analytische oefeningen leren studenten visuele voorbeelden onderzoeken en benoemen hoe esthetiek en communicatie samen functioneren. Deze inzichten worden vertaald naar gerichte toepassingen waarin typografie, beeld en eenvoudige grafische elementen gecombineerd worden tot een samenhangend geheel.<br/>
<br/>
Daarnaast wordt ingezet op ideeëngeneratie en het verkennen van meerdere oplossingsrichtingen via associatief denken en variatiestudies. Studenten leren hun ontwerpproces documenteren en onderbouwen aan de hand van analyse, studie, doorgedreven studie en realisatie.<br/>
<br/>
Het opleidingsonderdeel mondt uit in een geïntegreerde opdracht waarin studenten een eenvoudig grafisch concept ontwikkelen en uitwerken, met aandacht voor samenhang tussen vorm, inhoud en context.</p></div>","[{'code': 'GDM/0205', 'description': 'De student beheerst een basiskennis van typografische principes en kan deze toepassen in een eenvoudig ontwerp.', 'level': 'Leerdoel Elementair', 'category': 'BS'}, {'code': 'GDM/0207', 'description': 'De student past design principes zoals contrast, compositie, kleurgebruik, storytelling, enz., toe om een aantrekkelijk, evenwichtig en visueel aantrekkelijk mediaproduct te creëren.', 'level': 'Leerdoel Verdiepend-Verbredend', 'category': 'BS'}, {'code': 'GDM/0208', 'description': 'De student past creatieve denktechnieken en methoden toe om originele en creatieve ideeën te genereren als basis voor de uitwerking van een mediaproduct.', 'level': 'Leerdoel Verdiepend-Verbredend', 'category': 'BS'}, {'code': 'GDM/0209', 'description': 'De student kan de gegenereerde ideeën omzetten in een goed gedefinieerd concept voor het mediaproduct.', 'level': 'Leerdoel Verdiepend-Verbredend', 'category': 'BS'}]","[]","[]","Het opleidingsonderdeel wordt georganiseerd via een combinatie van hoor- en werkcolleges, aangevuld met gerichte taken in zelfstudietijd. Contactmomenten worden ingezet voor het introduceren van kernprincipes, het analyseren van voorbeelden en het begeleiden van oefeningen en opdrachten. Deze momenten worden afgewisseld met actieve werkvormen waarbij studenten principes onmiddellijk toepassen, keuzes verwoorden en feedback ontvangen. De zelfstudietijd wordt gebruikt voor het verder uitwerken van opdrachten en het opbouwen van het productiedossier. Studenten doorlopen hierbij verschillende fases van het ontwerpproces, waaronder analyse, studie (variaties), doorgedreven studie (gerichte iteratie) en realisatie. Deze fases worden gestructureerd opgevolgd en sluiten aan op de contactmomenten. Door deze combinatie van begeleid oefenen tijdens de les en zelfstandig verder werken buiten de les, ontwikkelen studenten stapsgewijs hun vaardigheden in het analyseren, toepassen en onderbouwen van ontwerpbeslissingen.","[{'exam_chance': 'Evaluatie(s) voor de eerste examenkans', 'moment': 'eerste examenperiode binnen examenrooster', 'form': 'Werkstuk', 'percentage': '40,00', 'remark': ''}, {'exam_chance': 'Evaluatie(s) voor de eerste examenkans', 'moment': 'eerste examenperiode buiten examenrooster', 'form': 'Werkstuk permanente evaluatie (Permanente evaluatie)', 'percentage': '60,00', 'remark': ''}, {'exam_chance': 'Evaluatie(s) voor de tweede examenkans', 'moment': 'derde examenperiode binnen examenrooster', 'form': 'Werkstuk', 'percentage': '100,00', 'remark': ''}]","Algemeen Bij te laat indienen van een opdracht, maar minder dan 24 uur na de deadline, wordt 1/3 van de punten afgetrokken. Na 24 uur te laat indienen, zal een nul worden toegekend voor deze opdracht. De student ontwikkelt diverse vormgevingsopdrachten met aandacht voor de volgende criteria: Volledigheid van de opdracht (cf. briefing) De opdracht voldoet aan de gevraagde inhoud, context en specificaties. Proces en evolutie van de opdracht Het productiedossier toont een duidelijke opbouw via analyse, studie, doorgedreven studie en realisatie. Er is sprake van zichtbare variatie, iteratie en gerichte keuzes. Onderbouwing van ontwerpkeuzes De student kan keuzes in typografie, compositie, kleur en beeldgebruik verwoorden en koppelen aan relevante principes. Toepassing van vormgevingsprincipes Basisprincipes zoals contrast, hiërarchie, compositie en kleurgebruik worden correct en doelgericht toegepast. Technische correctheid en afwerking De opdracht is technisch correct uitgevoerd en zorgvuldig afgewerkt. Eerste examenkans Tijdens het semester wordt via Canvas en tijdens de lessen feedback gegeven op ingediende opdrachten. Feedback maakt integraal deel uit van het leerproces en wordt verwacht verwerkt te worden in volgende iteraties. Er is geen afzonderlijk examen, wel een semesterafsluitende opdracht (40% van de totale evaluatie), waarin zowel proces als eindresultaat worden beoordeeld. Tweede examenkans Voor de tweede examenkans wordt een nieuwe opdracht gemaakt waarin alle eindcompetenties opnieuw worden beoordeeld. Hierbij wordt zowel het ontwikkelingsproces (analyse, variatie, keuze en onderbouwing) als het eindresultaat geëvalueerd.","Contacttraject Cross Media Design","https://bamaflexweb.arteveldehs.be/BMFUIDetailxOLOD.aspx?a=230580&b=1&c=1"
"Graphic Design 2","2026-27","Bachelor in de grafische en digitale media","","1","10 studiepunten","275,00 uren","15.03.2027 (georganiseerd in semester 2)","op 20 (tot op een geheel getal)","wel","Duytschaever Tineke, Langeraert Pieter, Staesens Rik, Vande Populiere Eva, Van Raes Marieke","Nederlands","2","<div class=""clearfix""><p>Creatieve ontwerp- en uitvoeringsmogelijkheden i.f.v. crossmediale producten.<br/>
<br/>
De inhoud is een variabele integratie van</p>
<ul>
<li>vormgeving</li>
<li>tekenvaardigheden</li>
<li>beeldbewerking</li>
<li>lay-out, typografie en digitale opmaak i.f.v. specifieke opdrachten</li>
</ul></div>","[{'code': 'GDM/0205', 'description': 'De student beheerst een basiskennis van typografische principes en kan deze toepassen in een eenvoudig ontwerp.', 'level': 'Leerdoel Elementair', 'category': 'BS'}, {'code': 'GDM/0206', 'description': 'De student is in staat om een grafische stijl te ontwikkelen die consistent is met een merkidentiteit.', 'level': 'Leerdoel Autonoom-Complex', 'category': 'BS'}, {'code': 'GDM/0207', 'description': 'De student past design principes zoals contrast, compositie, kleurgebruik, storytelling, enz., toe om een aantrekkelijk, evenwichtig en visueel aantrekkelijk mediaproduct te creëren.', 'level': 'Leerdoel Verdiepend-Verbredend', 'category': 'BS'}, {'code': 'GDM/0208', 'description': 'De student past creatieve denktechnieken en methoden toe om originele en creatieve ideeën te genereren als basis voor de uitwerking van een mediaproduct.', 'level': 'Leerdoel Verdiepend-Verbredend', 'category': 'BS'}, {'code': 'GDM/0209', 'description': 'De student kan de gegenereerde ideeën omzetten in een goed gedefinieerd concept voor het mediaproduct.', 'level': 'Leerdoel', 'category': 'BS'}, {'code': 'GDM/0210', 'description': 'De student houdt rekening met de doelgroep, het doel en de boodschap van het mediaproduct bij het vormgeven van het concept.', 'level': 'Leerdoel Verdiepend-Verbredend', 'category': 'BS'}, {'code': 'GDM/0213', 'description': 'De student gebruikt feedback en inzichten om iteratief te werken aan het verfijnen en verbeteren van het mediaproduct.', 'level': 'Leerdoel Verdiepend-Verbredend', 'category': 'BS'}, {'code': 'GDM/0214', 'description': 'De student evalueert kritisch zijn/haar eigen werk en verzamelt feedback van anderen om het mediaproduct verder te verbeteren.', 'level': 'Leerdoel Verdiepend-Verbredend', 'category': 'BS'}, {'code': 'GDM/0215', 'description': 'De student kan de keuzes en afwegingen die gemaakt zijn in het ontwerpproces op een professionele manier onderbouwen en verantwoorden naar de opdrachtgever/eindgebruiker', 'level': 'Leerdoel Verdiepend-Verbredend', 'category': 'BS'}]","[]","[]","Dit olod wordt georganiseerd via klassikale briefings, begeleide werkmomenten en individuele ondersteuning tijdens het lesmoment. Studenten krijgen per opdracht een briefing en werken deze zowel tijdens de lesmomenten als zelfstandig uit. Wekelijks kunnen zij op eigen initiatief feedback vragen om hun werkproces bij te sturen. Doorheen het semester worden meerdere opdrachten gegeven die bijdragen aan de permanente evaluatie.","[{'exam_chance': 'Evaluatie(s) voor de eerste examenkans', 'moment': 'tweede examenperiode binnen examenrooster', 'form': 'Werkstuk', 'percentage': '40,00', 'remark': 'Fysiek indienen van werkstuk op campus - geen presentatie'}, {'exam_chance': 'Evaluatie(s) voor de eerste examenkans', 'moment': 'tweede examenperiode buiten examenrooster', 'form': 'Werkstuk permanente evaluatie (Permanente evaluatie)', 'percentage': '60,00', 'remark': ''}, {'exam_chance': 'Evaluatie(s) voor de tweede examenkans', 'moment': 'derde examenperiode binnen examenrooster', 'form': 'Werkstuk', 'percentage': '100,00', 'remark': 'fysiek indienen van werkstuk op campus - geen presentatie'}]","Permanente evaluatie in minstens 2 evaluatiemomenten verspreid over het semester en 1 laatste evaluatiemoment voor de eindopdracht Bij te laat indienen van een opdracht, maar minder dan 24 uur na de deadline, wordt 1/3 van de punten afgetrokken. Na 24u te laat indienen, worden geen punten meer toegekend. Voor de tweede examenkans wordt een nieuwe opdracht gemaakt waarin alle eindcompetenties opnieuw worden beoordeeld.","Contacttraject Cross Media Design","https://bamaflexweb.arteveldehs.be/BMFUIDetailxOLOD.aspx?a=227957&b=1&c=1"
"Illustrator semester 1","2026-27","Bachelor in de grafische en digitale media","","1","3 studiepunten","83,00 uren","01.11.2026 (georganiseerd in semester 1)","op 20 (tot op een geheel getal)","wel","Duytschaever Tineke, Hemelsoet Ingrid, Langeraert Pieter, Vande Populiere Eva","Nederlands","1","<div class=""clearfix""><p>Software pakket Adobe Illustrator:</p>
<ul>
<li>Werken met documenten</li>
<li>Basishandelingen</li>
<li>Basisvormen en actieve vormen</li>
<li>Vormen combineren</li>
<li>Laagorganisatie en tekengebieden</li>
<li>Objecten kleuren</li>
<li>Objecten transformeren</li>
<li>Paden tekenen en bewerken</li>
<li>Maskers</li>
<li>Objecten positioneren met grid, hulplijnen, transformatiepalet</li>
<li>Vormkenmerken</li>
<li>Effecten en vervormingen</li>
</ul>
<p>
Georganiseerde files kunnen aanleveren die op efficiënte manier altijd aanpasbaar zijn volgens de wensen van de klant. </p>
</div>","[{'code': 'GDM/0316', 'description': 'De student kan op een vakkundige en efficiënte wijze een goed georganiseerd en correct opgebouwde digitaal ontwerp opmaken in Illustrator.', 'level': 'Leerdoel Verdiepend-Verbredend', 'category': 'BS'}]","[]","[]","Dit olod wordt gegeven in een combinatie van praktijklessen, zelfstandig leren en opdrachten met permanente evaluatie. De student neemt tijdens de voorbereiding, studie, onderzoek en uitvoering het initiatief tot feedback. Zie ook de studiewijzer in Canvas.","[{'exam_chance': 'Evaluatie(s) voor de eerste examenkans', 'moment': 'eerste examenperiode binnen examenrooster', 'form': 'Schriftelijk', 'percentage': '75,00', 'remark': ''}, {'exam_chance': 'Evaluatie(s) voor de eerste examenkans', 'moment': 'eerste examenperiode buiten examenrooster', 'form': 'Werkstuk permanente evaluatie (Permanente evaluatie)', 'percentage': '25,00', 'remark': ''}, {'exam_chance': 'Evaluatie(s) voor de tweede examenkans', 'moment': 'derde examenperiode binnen examenrooster', 'form': 'Schriftelijk', 'percentage': '100,00', 'remark': ''}]","Bij te laat indienen van een opdracht, maar minder dan 24 uur na de deadline, wordt 1/3 van de punten afgetrokken. Na 24u te laat indienen, zal een nul worden toegekend aan deze opdracht. De eerste examenkans bestaat voor 25% evaluatie van de opdrachten gedurende het semester en 75% uit examenopdracht op eigen laptop op de campus. De tweede examenkans bestaat uit een examenopdracht (100%) op de campus tijdens de examenperiode op eigen laptop.","Contacttraject Cross Media Design","https://bamaflexweb.arteveldehs.be/BMFUIDetailxOLOD.aspx?a=230587&b=1&c=1"
"Lay-out software","2026-27","Bachelor in de grafische en digitale media","","1","5 studiepunten","120,00 uren","01.11.2026 (georganiseerd in semester 1)","op 20 (tot op een geheel getal)","wel","Dehaemers Ann, Staesens Rik, Vande Populiere Eva","Nederlands","1","<div class=""clearfix""><ul>
<li>Vakterminologie opmaaksoftware</li>
<li>Efficiënt gebruik van de opmaaksoftware</li>
<li>Instellingen van de opmaaksoftware in functie van de automatisatie van een werkdocument bij nazetoefeningen en bij uitvoeren van een grafisch product</li>
<li>Inzicht in de drukvoorbereiding van een grafisch product</li>
<li>Een printmedia met de beschikbare tools (software) digitaal uitvoeren</li>
<li>Een digitaal eindproduct analyseren en verbeteren</li>
<li>Technische aspecten van een ontwerp in vraag stellen</li>
<li>Efficiënt gebruik van tekst- (en beeldmateriaal)</li>
<li>Enkelvoudig en meerbladig drukwerk lay-outen (advertentie, flyers, magazine en folders) </li>
</ul></div>","[{'code': 'GDM/0318', 'description': 'De student kan op een vakkundige en efficiënte wijze een goed georganiseerd en correct opgebouwde digitaal ontwerp opmaken in InDesign.', 'level': 'Leerdoel Verdiepend-Verbredend', 'category': 'BS'}, {'code': 'GDM/0319', 'description': 'De student kan enkelvoudig en meerbladig drukwerk op een vakkundige en efficiënte wijze lay-outen.', 'level': 'Leerdoel Verdiepend-Verbredend', 'category': 'BS'}, {'code': 'GDM/0320', 'description': 'De student maakt een ontwerp technisch drukklaar, volgens correcte industriestandaarden en werkmethodes om optimaal, kwalitatief en repeteerbaar te reproduceren.', 'level': 'Leerdoel Verdiepend-Verbredend', 'category': 'BS'}]","[]","[]","Tijdens hoor- en werkcolleges worden theoretische en praktische kennis en vaardigheden gekoppeld aan oefeningen. De student neemt tijdens de voorbereiding, studie, onderzoek en uitvoering het initiatief tot feedback.","[{'exam_chance': 'Evaluatie(s) voor de eerste examenkans', 'moment': 'eerste examenperiode binnen examenrooster', 'form': 'Schriftelijk', 'percentage': '70,00', 'remark': ''}, {'exam_chance': 'Evaluatie(s) voor de eerste examenkans', 'moment': 'eerste examenperiode buiten examenrooster', 'form': 'Werkstuk permanente evaluatie (Permanente evaluatie)', 'percentage': '30,00', 'remark': ''}, {'exam_chance': 'Evaluatie(s) voor de tweede examenkans', 'moment': 'derde examenperiode binnen examenrooster', 'form': 'Schriftelijk', 'percentage': '100,00', 'remark': ''}]","Werkstuk Bij te laat indienen van een opdracht, maar minder dan 24 uur na de deadline, wordt 1/3 van de punten afgetrokken. Na 24u te laat indienen, zal een nul worden toegekend op deze opdracht. Het werkstuk bestaat uit 70% examenopdracht op het einde van het semester en 30% evaluatie van de opdrachten gedurende het semester. Het werkstuk in de tweede examenkans bestaat uit een voorbereidende opdracht, gevolgd door een examenopdracht op de campus.","Contacttraject Cross Media Design","https://bamaflexweb.arteveldehs.be/BMFUIDetailxOLOD.aspx?a=228397&b=1&c=1"
"Media Technology","2026-27","Bachelor in de grafische en digitale media","","1","5 studiepunten","139,00 uren","01.11.2026 (georganiseerd in semester 1)","op 20 (tot op een geheel getal)","wel","Pas Jens","Nederlands","1","<div class=""clearfix""><p>Het vak Mediatechnologie biedt een brede en fundamentele inleiding in de technologische bouwstenen van hedendaagse media. Studenten verwerven een helder overzicht van hoe verschillende mediatechnologieën functioneren en hoe ze complementair samenwerken binnen mediaproductie en -gebruik. De cursus focust op inzicht in onderliggende principes en systemen. </p>
<p>
Door deze brede benadering ontwikkelen studenten een geïntegreerd begrip van beeld, geluid, drukwerk en digitale media, wat hen toelaat om verbanden te leggen tussen verschillende technologieën en beter onderbouwde keuzes te maken in hun verdere opleiding en praktijk.</p>
<p>Belangrijkste onderdelen van de cursus:<br/>
•	Inleiding tot mediatechnologie en haar toepassingsdomeinen<br/>
•	Basisprincipes van elektriciteit als fundament voor technologie<br/>
•	ICT-basiskennis: hardware, opslag, netwerken en systeemarchitecturen<br/>
•	Digitale representatie van informatie (beeld en geluid)<br/>
•	Printtechnologie en drukprocessen<br/>
•	3D-technologie: modeling, scanning, printing en animatie<br/>
•	Immersieve media: AR, VR en XR<br/>
•	Bestandsformaten, compressie en opslagmedia<br/>
•	Videotechnologie: beeldvorming, compressie en distributie<br/>
•	Audiotechnologie: opname, signaalverwerking en digitalisering<br/>
•	Distributie van media (o.a. streaming en narrowcasting)<br/>
• Introductie in Artificiële Intelligentie</p>
<br/><br/>
<br/><br/>
</div>","[{'code': 'GDM/0301', 'description': 'De student kent de toepassingen, materialen en productiemethoden van verschillende 3D-toepassingen.', 'level': 'Leerdoel Elementair', 'category': 'BS'}, {'code': 'GDM/0302', 'description': 'De student kent de verschillende fasen van een 3D- productieproces.', 'level': 'Leerdoel Elementair', 'category': 'BS'}, {'code': 'GDM/0303', 'description': 'De student kent en begrijpt de terminologie en werking van audiovisuele technologie.', 'level': 'Leerdoel Elementair', 'category': 'BS'}, {'code': 'GDM/0304', 'description': 'De student kent en begrijpt de terminologie en werking van printtechnologie.', 'level': 'Leerdoel Elementair', 'category': 'BS'}, {'code': 'GDM/0305', 'description': 'De student heeft inzciht in de verschillende fasen van een printproductieproces: prepress, press en postpress.', 'level': 'Leerdoel Elementair', 'category': 'BS'}, {'code': 'GDM/0307', 'description': 'De student kent de toepassingen, materialen en productiemethoden van verschillende printtoepassingen.', 'level': 'Leerdoel Elementair', 'category': 'BS'}, {'code': 'GDM/0308', 'description': 'De student kent en begrijpt de terminologie en werking van computer- en internet technologie.', 'level': 'Leerdoel Elementair', 'category': 'BS'}, {'code': 'GDM/0399996', 'description': 'De student kan de basisprincipes, werk¬processen en toepassings¬mogelijkheden van hedendaagse AI systemen helder toelichten.', 'level': 'Leerdoel Verdiepend-Verbredend', 'category': 'BS'}]","[]","[]","De onderwijsorganisatie betreft hoorcollege's die op de campus worden georganiseerd. Details over de structuur van de college's en de onderwerpen vind je terug in de studiewijzer op Canvas.","[{'exam_chance': 'Evaluatie(s) voor de eerste examenkans', 'moment': 'eerste examenperiode binnen examenrooster', 'form': 'Schriftelijk', 'percentage': '75,00', 'remark': ''}, {'exam_chance': 'Evaluatie(s) voor de eerste examenkans', 'moment': 'eerste examenperiode buiten examenrooster', 'form': 'Schriftelijk', 'percentage': '25,00', 'remark': 'Vooruitgeschoven examen na de herfstperiode'}, {'exam_chance': 'Evaluatie(s) voor de tweede examenkans', 'moment': 'derde examenperiode binnen examenrooster', 'form': 'Schriftelijk', 'percentage': '100,00', 'remark': ''}]","Schriftelijk examen Het vak wordt geëvalueerd met een vooruitgeschoven examen en een eindexamen aan het einde van het semester. Beide examens bestaan uit meerkeuzevragen met vier antwoordmogelijkheden, waarbij telkens één antwoord correct is. Er wordt geen cesuur toegepast op het examen. Het vooruitgeschoven examen telt mee voor 25% van het totaal. Het eindexamen telt mee voor 75% van het totaal. De leerstof van het vooruitgeschoven examen wordt niet hernomen voor het eindexamen.","Contacttraject Cross Media Design","https://bamaflexweb.arteveldehs.be/BMFUIDetailxOLOD.aspx?a=228780&b=1&c=1"
"Photoshop semester 1","2026-27","Bachelor in de grafische en digitale media","","1","3 studiepunten","83,00 uren","01.11.2026 (georganiseerd in semester 1)","op 20 (tot op een geheel getal)","wel","Duytschaever Tineke, Hemelsoet Ingrid, Langeraert Pieter, Snels Merel, Vanderweeën Benedikte","Nederlands","1","<div class=""clearfix""><p>Software pakket Photoshop, <strong>beeldbewerking op niet-destructieve manier</strong> (=met behoud van originele beelddata)</p>
<p>
De volgende inhouden komen aan bod:</p>
<ul>
<li>Beeldopbouw en canvasbeheer</li>
<li>Werken met lagen en laagstructuren</li>
<li>Gebruik van aanpassingslagen en laagstijlen</li>
<li>Slimme objecten en slimme filters</li>
<li>Creatieve toepassing van effecten met behoud van originele beelddata</li>
<li>Selectie- en maskertechnieken</li>
<li>Selecties maken, bewerken, bewaren en opnieuw gebruiken</li>
<li>Vrijstellen van beelden via laagmaskers en vectormaskers</li>
<li>Precisiewerk met paden en vormlagen</li>
<li>Dupliceer- en retoucheertechnieken</li>
<li>Gebruik van teken- en bewerkingstools</li>
<li>Toepassen van generatieve AI in Photoshop (bv. Generative Fill)</li>
</ul>
<p>Het doel is om een eenvoudige en <strong>geloofwaardige montage </strong>te kunnen maken:</p>
<ul>
<li>montage op niet-destructieve wijze</li>
<li>met toevoeging van <strong>schaduwen, blend, lichtinval en colourgrading </strong>toe te voegen, allemaal op<strong> niet-destructieve wijze.</strong></li>
</ul>
<br/><br/>
<ul>
</ul></div>","[{'code': 'GDM/0317', 'description': 'De student kan op een vakkundige en efficiënte wijze een goed georganiseerd en correct opgebouwde digitaal ontwerp opmaken in Photoshop.', 'level': 'Leerdoel Verdiepend-Verbredend', 'category': 'BS'}]","[]","[]","Dit olod wordt gegeven in een combinatie van praktijklessen, zelfstandig leren en opdrachten met permanente evaluatie. De student neemt tijdens de voorbereiding, studie, onderzoek en uitvoering het initiatief tot feedback. Zie ook de studiewijzer in Canvas.","[{'exam_chance': 'Evaluatie(s) voor de eerste examenkans', 'moment': 'eerste examenperiode binnen examenrooster', 'form': 'Schriftelijk', 'percentage': '75,00', 'remark': ''}, {'exam_chance': 'Evaluatie(s) voor de eerste examenkans', 'moment': 'eerste examenperiode buiten examenrooster', 'form': 'Werkstuk permanente evaluatie (Permanente evaluatie)', 'percentage': '25,00', 'remark': ''}, {'exam_chance': 'Evaluatie(s) voor de tweede examenkans', 'moment': 'derde examenperiode binnen examenrooster', 'form': 'Werkstuk', 'percentage': '100,00', 'remark': ''}]","Bij te laat indienen van een opdracht, maar minder dan 24 uur na de deadline, wordt 1/3 van de punten afgetrokken. Na 24u te laat indienen, zal een nul worden toegekend aan deze opdracht. De eerste examenkans bestaat voor 25% evaluatie van de opdrachten gedurende het semester en 75% uit examenopdracht op eigen laptop op de campus. De tweede examenkans bestaat uit een examenopdracht (100%) op de campus tijdens de examenperiode op eigen laptop.","Contacttraject Cross Media Design","https://bamaflexweb.arteveldehs.be/BMFUIDetailxOLOD.aspx?a=230586&b=1&c=1"
"Talent Factory","2026-27","Bachelor in de grafische en digitale media","","1","5 studiepunten","136,00 uren","15.03.2027 (georganiseerd in semester 2)","op 20 (tot op een geheel getal)","wel","De Laender Annick, Hemelsoet Ingrid, Vandenberghe Peter, Vandermarcke Katrien, Van Speybroeck Marjolein","Nederlands","2","<div class=""clearfix""><p>In het opleidingsonderdeel Talent Factory (5 ECTS) van semester 2 gaan we op ontdekkingstocht naar:<br/>
<br/>
<strong>Wie ben IK nu?</strong><br/>
<br/>
Ontdekking van talenten en blinde vlek. Brainstorm over het eigen zijn. Inzetten van hefboomvaardigheden.<br/>
""Wie wil IK worden op het einde van het semester én op langere termijn als media-professional?""<br/>
<br/>
<strong>Goalsetting</strong></p>
<p>""Wat is mijn doelstelling?""; ""Welke subdoelen zijn er?"", ""Wat heb IK nodig om mijn doel te realiseren?""; ""Wat ga IK doen om mijn hiaten aan te vullen?""; ""Wat is mijn plan van aanpak?""</p>
<p>Topics als zelfsturing en oplossingsgericht denken, reflectie, stressmanagement &amp; selfcoaching, assertiviteit, feedback worden behandeld.</p>
<p><strong><br/>
Wie ben IK in een team?</strong><br/>
<br/>
""Hoe zet ik mijn talenten in een team?""</p>
<em>
<br/>
</em>
<br/>
<br/>
<br/>
</div>","[{'code': 'GDM/0501', 'description': 'De student begrijpt het begrip reflectie en erkent het belang van reflectie als middel voor persoonlijke en professionele groei.', 'level': 'Leerdoel Elementair', 'category': 'ALG'}, {'code': 'GDM/0502', 'description': 'De student begrijpt het SMART-acroniem en de betekenis van de verschillende componenten (Specifiek, Meetbaar, Acceptabel, Realistisch, Tijdgebonden).', 'level': 'Leerdoel Elementair', 'category': 'ALG'}, {'code': 'GDM/0503', 'description': 'De student heeft inzicht in eigen waardekader en interesses, herkent zijn eigen motivatie en kan keuzes maken in functie daarvan.', 'level': 'Leerdoel Elementair', 'category': 'ALG'}, {'code': 'GDM/0504', 'description': 'De student kan specifieke en meetbare doelstellingen formuleren voor reflectie op basis van SMART-principes.', 'level': 'Leerdoel Elementair', 'category': 'ALG'}, {'code': 'GDM/0506', 'description': 'De student identificeert en evalueert constructief en objectief de eigen talenten, groeimogelijkheden en valkuilen op persoonlijk vlak en binnen het eigen vakgebied.', 'level': 'Leerdoel Verdiepend-Verbredend', 'category': 'ALG'}, {'code': 'GDM/0507', 'description': 'De student stelt volgens de SMART principes concrete doelen voor verbetering en groei op, op basis van de geïdentificeerde groeimogelijkheden.', 'level': 'Leerdoel Verdiepend-Verbredend', 'category': 'ALG'}, {'code': 'GDM/0601', 'description': 'De student kent het belang van het gebruik van correcte professionele communicatie in het werkveld.', 'level': 'Leerdoel Elementair', 'category': 'BG'}, {'code': 'GDM/0602', 'description': 'De student heeft inzicht in de elementen (verbaal en non-verbaal) en de structuren van een duidelijke en krachtige presentatie.', 'level': 'Leerdoel Elementair', 'category': 'BG'}, {'code': 'GDM/0603', 'description': 'De student heeft in inzicht in verschillende communicatiestijlen die vaak voorkomen in professionele omgevingen.', 'level': 'Leerdoel Elementair', 'category': 'ALG'}, {'code': 'GDM/0604', 'description': 'De student communiceert gefundeerd en gestructureerd over zijn/haar persoonlijke en professionele ontwikkeling op assertieve wijze.', 'level': 'Leerdoel Verdiepend-Verbredend', 'category': 'BG'}, {'code': 'GDM/0702', 'description': 'De student heeft inzicht in de rollen en dynamieken die in een team kunnen voorkomen.', 'level': 'Leerdoel Elementair', 'category': 'BG'}, {'code': 'GDM/0703', 'description': 'De student kent de principes van conflicthantering.', 'level': 'Leerdoel Elementair', 'category': 'BG'}, {'code': 'GDM/0705', 'description': 'De student kent basisstrategieën voor effectieve samenwerking, zoals het stellen van gemeenschappelijke doelen, het verdelen van taken en het geven van constructieve feedback aan teamleden.', 'level': 'Leerdoel Elementair', 'category': 'BS'}]","[]","[]","Dit opleidingsonderdeel is een doordachte combinatie is van online en offline leeractiviteiten. In het kader van dit soort onderwijs bereid je de sessies grondig voor. Tijdens de les is actieve participatie vereist op basis van de gemaakte voorbereiding. Als de voorbereiding onvoldoende is gebeurd, kan de toegang tot de les ontzegd worden totdat de voorbereiding is gemaakt. Aanwezigheid voor dit vak wordt sterk aangeraden, aangezien hier in de sessies coaching en feedback zal gegeven worden. Voor meer info rond de onderwijsorganisatie en planning: zie Canvas.","[{'exam_chance': 'Evaluatie(s) voor de eerste examenkans', 'moment': 'tweede examenperiode buiten examenrooster', 'form': 'Mondeling', 'percentage': '60,00', 'remark': ''}, {'exam_chance': 'Evaluatie(s) voor de eerste examenkans', 'moment': 'tweede examenperiode buiten examenrooster', 'form': 'Rapporten', 'percentage': '40,00', 'remark': ''}, {'exam_chance': 'Evaluatie(s) voor de tweede examenkans', 'moment': 'derde examenperiode binnen examenrooster', 'form': 'Mondeling', 'percentage': '60,00', 'remark': ''}, {'exam_chance': 'Evaluatie(s) voor de tweede examenkans', 'moment': 'derde examenperiode binnen examenrooster', 'form': 'Rapporten', 'percentage': '40,00', 'remark': ''}]","Bij te laat indienen van de opdracht(en), maar minder dan 24 uur na de deadline, wordt 1/3 van de punten afgetrokken. Na 24 uur te laat indienen, zal een nul worden toegekend voor de opdracht(en). Voor meer info rond de evaluatie: zie de studiewijzer terug te vinden op de Canvas cursus van dit vak.","Contacttraject Cross Media Design","https://bamaflexweb.arteveldehs.be/BMFUIDetailxOLOD.aspx?a=228093&b=1&c=1"
"UX/UI Design 1 semester 2","2026-27","Bachelor in de grafische en digitale media","","1","5 studiepunten","139,00 uren","15.03.2027 (georganiseerd in semester 2)","op 20 (tot op een geheel getal)","wel","Rutsaert Evelien, Vanderpoorten Michael","Nederlands","2","<div class=""clearfix""><p><strong>1. Information Architecture</strong><br/>
Alle werkdocumenten en de flow die worden toegepast bij het opzetten van een digitaal product.<br/>
<br/>
<strong>2. Design Principles</strong><br/>
Toepassen van de design principes op een digitaal product.<br/>
<br/>
<strong>3. Design Tools</strong><br/>
Prototypes en Designs maken met design tools met oog voor Usability (gebruiksvriendelijkheid) en Accessibility (toegankelijkheid).</p>
<p><strong>4. Design Systems</strong></p></div>","[{'code': 'GDM/0207', 'description': 'De student past design principes zoals contrast, compositie, kleurgebruik, storytelling, enz., toe om een aantrekkelijk, evenwichtig en visueel aantrekkelijk mediaproduct te creëren.', 'level': 'Leerdoel Verdiepend-Verbredend', 'category': 'BS'}, {'code': 'GDM/0210', 'description': 'De student houdt rekening met de doelgroep, het doel en de boodschap van het mediaproduct bij het vormgeven van het concept.', 'level': 'Leerdoel Verdiepend-Verbredend', 'category': 'BS'}]","[]","[]","Zie Canvas.","[{'exam_chance': 'Evaluatie(s) voor de eerste examenkans', 'moment': 'tweede examenperiode binnen examenrooster', 'form': 'Schriftelijk', 'percentage': '20,00', 'remark': ''}, {'exam_chance': 'Evaluatie(s) voor de eerste examenkans', 'moment': 'tweede examenperiode binnen examenrooster', 'form': 'Werkstuk', 'percentage': '40,00', 'remark': ''}, {'exam_chance': 'Evaluatie(s) voor de eerste examenkans', 'moment': 'tweede examenperiode buiten examenrooster', 'form': 'Werkstuk permanente evaluatie (Permanente evaluatie)', 'percentage': '40,00', 'remark': ''}, {'exam_chance': 'Evaluatie(s) voor de tweede examenkans', 'moment': 'derde examenperiode binnen examenrooster', 'form': 'Schriftelijk', 'percentage': '20,00', 'remark': ''}, {'exam_chance': 'Evaluatie(s) voor de tweede examenkans', 'moment': 'derde examenperiode binnen examenrooster', 'form': 'Werkstuk', 'percentage': '80,00', 'remark': ''}]","Bij te laat indienen van een opdracht, maar minder dan 24 uur na de deadline, wordt 1/3 van de punten afgetrokken. Na 24u te laat indienen, zal een nul worden toegekend voor deze opdracht. Het schriftelijk examen bestaat uit meerkeuzevragen met vier antwoordmogelijkheden, waarbij telkens één antwoord correct is. Er wordt geen cesuur toegepast op het examen.","Contacttraject Cross Media Design","https://bamaflexweb.arteveldehs.be/BMFUIDetailxOLOD.aspx?a=228181&b=1&c=1"
"2D Motion Design","2026-27","Bachelor in de grafische en digitale media","","2","5 studiepunten","176,00 uren","15.03.2027 (georganiseerd in semester 2)","op 20 (tot op een geheel getal)","wel","Anseel Stijn, Verbeke Olivier","Nederlands","4","<div class=""clearfix""><ul>
<li>Aanleren van de software die nodig is om 2D motion graphics te creëren.</li>
<li>Kennis van grafische technieken, lay-out en compositie leren toepassen in een bewegende context, waarbij </li>
<li>Leren ontwerpen vanuit een 'motion-first' mentaliteit.</li>
</ul></div>","[{'code': 'GDM/0207', 'description': 'De student past design principes zoals contrast, compositie, kleurgebruik, storytelling, enz., toe om een aantrekkelijk, evenwichtig en visueel aantrekkelijk mediaproduct te creëren.', 'level': 'Leerdoel Verdiepend-Verbredend', 'category': 'BS'}, {'code': 'GDM/0208', 'description': 'De student past creatieve denktechnieken en methoden toe om originele en creatieve ideeën te genereren als basis voor de uitwerking van een mediaproduct.', 'level': 'Leerdoel Verdiepend-Verbredend', 'category': 'BS'}, {'code': 'GDM/0209', 'description': 'De student kan de gegenereerde ideeën omzetten in een goed gedefinieerd concept voor het mediaproduct.', 'level': 'Leerdoel Verdiepend-Verbredend', 'category': 'BS'}, {'code': 'GDM/0315', 'description': 'De student past animatiesoftware vakkundig toe om motion design principes tot stand te brengen in audiovisuele mediaproducten.', 'level': 'Leerdoel Verdiepend-Verbredend', 'category': 'BS'}, {'code': 'GDM/0520', 'description': 'De student ontwikkelt een portfolio dat zijn/haar vaardigheden en persoonlijkheid weerspiegelt.', 'level': 'Leerdoel Verdiepend-Verbredend', 'category': 'BG'}, {'code': 'GDM/0521', 'description': 'De student maakt de keuze welke werkstukken het beste het verhaal van zijn/haar persoonlijke merk ondersteunen en kiest deze voor publicatie in het portfolio en op sociale media.', 'level': 'Leerdoel Verdiepend-Verbredend', 'category': 'BG'}, {'code': 'GDM/0522', 'description': 'De student past de principes van personal branding toe in het ontwerp van zijn/haar portfolio, en zorgt ervoor dat deze visuele identiteit consistent doorgetrokken wordt in de online aanwezigheid (bijvoorbeeld via sociale media-profielen en visuele content).', 'level': 'Leerdoel Verdiepend-Verbredend', 'category': 'BG'}]","[]","[]","Zie Canvas. De basis van de softwaretechnieken zal via vooraf opgenomen video tutorials aangeleerd worden. Oefeningen op creatief leren toepassen van aangeleerde softwaretechnieken worden begeleid tijdens de contactmomenten.","[{'exam_chance': 'Evaluatie(s) voor de eerste examenkans', 'moment': 'tweede examenperiode buiten examenrooster', 'form': 'Werkstuk permanente evaluatie (Permanente evaluatie)', 'percentage': '100,00', 'remark': ''}, {'exam_chance': 'Evaluatie(s) voor de tweede examenkans', 'moment': 'derde examenperiode binnen examenrooster', 'form': 'Werkstuk', 'percentage': '100,00', 'remark': ''}]","Bij te laat indienen van een opdracht, maar minder dan 24 uur na de deadline, wordt 1/3 van de punten afgetrokken. Na 24u te laat indienen, zal een nul worden toegekend voor de opdracht.","Contacttraject Cross Media Design","https://bamaflexweb.arteveldehs.be/BMFUIDetailxOLOD.aspx?a=230790&b=1&c=1"
"Creative Business Studio 1","2026-27","Bachelor in de grafische en digitale media","","2","5 studiepunten","131,00 uren","01.11.2026 (georganiseerd in semester 1)","op 20 (tot op een geheel getal)","wel","Desomviele Lieven, Vandenberghe Peter, Vanhees Rob, Verzele Els","Engels, Nederlands","3","<div class=""clearfix""><ul>
<li>    Markt- en positioneringanalyse </li>
<li>Gebruikersonderzoek door middel van desk research, interviews of andere vormen van field research. </li>
<li>Doelgroepomschrijving en customer insights worden verwerkt aan de hand van technieken zoals persona’s, customer empathy maps of customer journey mapping.   </li>
<li>Media-strategie incl. Propositie en  doelstellingen bepalen, mediaselectie </li>
<li>Creatieve briefing </li>
<li>De project management toolkit </li>
<li>Constructief samenwerken (constructief feedback geven en ontvangen, assertiviteit, leiderschap, besluitvorming, verbindend communiceren)</li>
<li>Presentatietechnieken</li>
</ul>
<p data-extension-version=""1.0.4"" id=""ConnectiveDocSignExtentionInstalled""> </p></div>","[{'code': 'GDM/0104', 'description': 'De student heeft inzicht in de basistechnieken om marketingonderzoek uit te voeren.', 'level': 'Leerdoel Elementair', 'category': 'BS'}, {'code': 'GDM/0108', 'description': 'De student analyseert zelfstandig markt, organisaties, producten en diensten en werkt een strategie uit voor een concrete opdrachtgever.', 'level': 'Leerdoel Verdiepend-Verbredend', 'category': 'BS'}, {'code': 'GDM/0109', 'description': 'De student past methoden en tools toe om strategisch te denken over organisatie, markt, product en dienst.', 'level': 'Leerdoel Verdiepend-Verbredend', 'category': 'BS'}, {'code': 'GDM/0110', 'description': 'De student past methoden en tools toe om een marktonderzoek uit te voeren.', 'level': 'Leerdoel Verdiepend-Verbredend', 'category': 'BS'}, {'code': 'GDM/0508', 'description': 'De student weet constructieve feedback over zijn/haar persoonlijke groei en ontwikkeling tot media professional te ontvangen en te geven en gebruikt dit om zichzelf verder te ontwikkelen.', 'level': 'Leerdoel Verdiepend-Verbredend', 'category': 'BS'}, {'code': 'GDM/0512', 'description': 'De student kan zijn reflecties op een diepgaande manier integreren in zijn dagelijkse professionele praktijk, waarbij hij lessen uit zelfreflectie toepast op concrete opdrachten en teaminteracties.', 'level': 'Leerdoel Verdiepend-Verbredend', 'category': 'BS'}, {'code': 'GDM/0605', 'description': 'De student communiceert gefundeerd en gestructureerd over een professioneel gebonden thema.', 'level': 'Leerdoel Verdiepend-Verbredend', 'category': 'BS'}, {'code': 'GDM/0605b', 'description': 'De student communiceert schriftelijk en mondeling op een heldere en professionele manier in het Engels over een topic in de creatieve sector.', 'level': 'Leerdoel Verdiepend-Verbredend', 'category': 'BG'}, {'code': 'GDM/0706', 'description': 'De student kent methoden en tools van projectmanagement', 'level': 'Leerdoel Verdiepend-Verbredend', 'category': 'BS'}, {'code': 'GDM/0707', 'description': 'De student kan omgaan met uitdagingen en conflicten die kunnen ontstaan tijdens samenwerkingsprocessen, en zoekt constructieve oplossingen om deze aan te pakken en te overwinnen.', 'level': 'Leerdoel Verdiepend-Verbredend', 'category': 'BS'}]","[]","[]","Zie Canvas","[{'exam_chance': 'Evaluatie(s) voor de eerste examenkans', 'moment': 'eerste examenperiode binnen examenrooster', 'form': 'Mondeling', 'percentage': '30,00', 'remark': ''}, {'exam_chance': 'Evaluatie(s) voor de eerste examenkans', 'moment': 'eerste examenperiode binnen examenrooster', 'form': 'Werkstuk', 'percentage': '30,00', 'remark': 'mondelinge presentatie van werkstuk in het Engels'}, {'exam_chance': 'Evaluatie(s) voor de eerste examenkans', 'moment': 'eerste examenperiode buiten examenrooster', 'form': 'Schriftelijk', 'percentage': '20,00', 'remark': ''}, {'exam_chance': 'Evaluatie(s) voor de eerste examenkans', 'moment': 'eerste examenperiode buiten examenrooster', 'form': 'Werkstuk', 'percentage': '20,00', 'remark': ''}, {'exam_chance': 'Evaluatie(s) voor de tweede examenkans', 'moment': 'derde examenperiode binnen examenrooster', 'form': 'Mondeling', 'percentage': '30,00', 'remark': ''}, {'exam_chance': 'Evaluatie(s) voor de tweede examenkans', 'moment': 'derde examenperiode binnen examenrooster', 'form': 'Schriftelijk', 'percentage': '20,00', 'remark': ''}, {'exam_chance': 'Evaluatie(s) voor de tweede examenkans', 'moment': 'derde examenperiode binnen examenrooster', 'form': 'Werkstuk', 'percentage': '50,00', 'remark': 'Mondelinge presentatie van werkstuk'}]","Schriftelijk examen Een onderdeel van de evaluatie betreft een vooruitgeschoven examen tijdens het semester. Dit examen bestaat uit meerkeuzevragen met vier antwoordmogelijkheden, waarbij telkens één antwoord correct is. Dit telt mee voor 20% van het eindtotaal.","Contacttraject Cross Media Design","https://bamaflexweb.arteveldehs.be/BMFUIDetailxOLOD.aspx?a=230786&b=1&c=1"
"Creative Business Studio 2","2026-27","Bachelor in de grafische en digitale media","","2","5 studiepunten","131,00 uren","15.03.2027 (georganiseerd in semester 2)","op 20 (tot op een geheel getal)","wel","Desomviele Lieven, Vandenberghe Peter, Vanhees Rob","Nederlands","4","<div class=""clearfix""><ul>
<li>Het ontwikkelen van creatieve marketingcommunicatie-concepten : technieken en modellen</li>
<li>Op basis van een marcom-briefing concepten voor een campagne bedenken, uitwerken en presenteren</li>
<li>Maken van een campagne en presenteren</li>
<li>Mediaplan uitwerken en budgetteren</li>
<li>Productiebudget opmaken</li>
<li>Via Learning by Doing leren studenten zo effectief en efficiënt mogelijk samenwerken in hun team.</li>
<li>Sollicitatietraining ifv stagezoektocht</li>
</ul></div>","[{'code': 'GDM/0106', 'description': 'De student detecteert en interpreteert de communicatiestrategie en -doelstellingen van de stakeholders bij de creatie van een mediaproduct aan de hand van een briefing.', 'level': 'Leerdoel Verdiepend-Verbredend', 'category': 'BS'}, {'code': 'GDM/0107', 'description': 'De student past de relevante marketinginsights en -analytics toe voor het creatieproces van mediaproducten.', 'level': 'Leerdoel Autonoom-Complex', 'category': 'BS'}, {'code': 'GDM/0111', 'description': 'De student past methoden en tools toe om een marketingstrategie uit te voeren.', 'level': 'Leerdoel Verdiepend-Verbredend', 'category': 'BS'}, {'code': 'GDM/0511', 'description': 'De student bouwt een professioneel netwerk op en neemt deel aan internationale online en offline communities, conferenties en organisaties.', 'level': 'Leerdoel Verdiepend-Verbredend', 'category': 'BS'}, {'code': 'GDM/0515', 'description': 'De student kan zijn professionele waarde duidelijk en overtuigend communiceren, zowel schriftelijk als mondeling, aan diverse belanghebbenden binnen een bedrijf of tijdens sollicitaties.', 'level': 'Leerdoel Verdiepend-Verbredend', 'category': 'BS'}, {'code': 'GDM/0607', 'description': 'De student past zijn communicatiestijl aan aan verschillende situaties en doelgroepen (teamleden en docenten)', 'level': 'Leerdoel Verdiepend-Verbredend', 'category': 'BS'}, {'code': 'GDM/0610', 'description': 'De student drukt zich helder en in gepaste taal uit in een mondelinge presentatie in het Engels.', 'level': 'Leerdoel Verdiepend-Verbredend', 'category': 'BS'}, {'code': 'GDM/0704', 'description': 'De student heeft inzicht in zijn eigen kennis en vaardigheden en neemt op basis hiervan een relevante rol op binnen het team.', 'level': 'Leerdoel Verdiepend-Verbredend', 'category': 'BS'}, {'code': 'GDM/0813', 'description': 'De student kan een bedrijfsmodel opmaken om nieuwe organisaties/producten in de creatieve sector in kaart te brengen.', 'level': 'Leerdoel Verdiepend-Verbredend', 'category': 'BS'}]","[]","[]","Zie canvas","[{'exam_chance': 'Evaluatie(s) voor de eerste examenkans', 'moment': 'tweede examenperiode binnen examenrooster', 'form': 'Mondeling', 'percentage': '30,00', 'remark': ''}, {'exam_chance': 'Evaluatie(s) voor de eerste examenkans', 'moment': 'tweede examenperiode binnen examenrooster', 'form': 'Werkstuk', 'percentage': '30,00', 'remark': 'mondelinge presentatie van werkstuk'}, {'exam_chance': 'Evaluatie(s) voor de eerste examenkans', 'moment': 'tweede examenperiode buiten examenrooster', 'form': 'Schriftelijk', 'percentage': '25,00', 'remark': ''}, {'exam_chance': 'Evaluatie(s) voor de eerste examenkans', 'moment': 'tweede examenperiode buiten examenrooster', 'form': 'Werkstuk', 'percentage': '15,00', 'remark': ''}, {'exam_chance': 'Evaluatie(s) voor de tweede examenkans', 'moment': 'derde examenperiode binnen examenrooster', 'form': 'Mondeling', 'percentage': '30,00', 'remark': ''}, {'exam_chance': 'Evaluatie(s) voor de tweede examenkans', 'moment': 'derde examenperiode binnen examenrooster', 'form': 'Schriftelijk', 'percentage': '25,00', 'remark': ''}, {'exam_chance': 'Evaluatie(s) voor de tweede examenkans', 'moment': 'derde examenperiode binnen examenrooster', 'form': 'Werkstuk', 'percentage': '45,00', 'remark': ''}]","Schriftelijk examen Een onderdeel van de evaluatie betreft een vooruitgeschoven examen tijdens het semester. Dit examen bestaat uit meerkeuzevragen met vier antwoordmogelijkheden, waarbij telkens één antwoord correct is. Dit telt mee voor 20% van het eindtotaal.","Contacttraject Cross Media Design","https://bamaflexweb.arteveldehs.be/BMFUIDetailxOLOD.aspx?a=230884&b=1&c=1"
"Graphic Design 3","2026-27","Bachelor in de grafische en digitale media","","2","10 studiepunten","272,00 uren","01.11.2026 (georganiseerd in semester 1)","op 20 (tot op een geheel getal)","wel","Knockaert Bart, Staesens Rik, Temmerman Hans, Vandersleyen Wim, Van Raes Marieke","Nederlands","3","<div class=""clearfix""><p>In Graphic Design 3 leren studenten vanuit een opdrachtbriefing authentieke concepten te bedenken en toe te passen in een verscheidenheid aan crossmediale projecten. Ze leren hoe ze hun ideeën kunnen vertalen naar een eigentijds ontwerp op basis van relevant onderzoek en persoonlijke feedback.</p></div>","[{'code': 'GDM/0205', 'description': 'De student beheerst een basiskennis van typografische principes en kan deze toepassen in een eenvoudig ontwerp.', 'level': 'Leerdoel Verdiepend-Verbredend', 'category': 'BS'}, {'code': 'GDM/0206', 'description': 'De student is in staat om een grafische stijl te ontwikkelen die consistent is met een merkidentiteit.', 'level': 'Leerdoel Verdiepend-Verbredend', 'category': 'BS'}, {'code': 'GDM/0207', 'description': 'De student past design principes zoals contrast, compositie, kleurgebruik, storytelling, enz., toe om een aantrekkelijk, evenwichtig en visueel aantrekkelijk mediaproduct te creëren.', 'level': 'Leerdoel Verdiepend-Verbredend', 'category': 'BS'}, {'code': 'GDM/0208', 'description': 'De student past creatieve denktechnieken en methoden toe om originele en creatieve ideeën te genereren als basis voor de uitwerking van een mediaproduct.', 'level': 'Leerdoel Verdiepend-Verbredend', 'category': 'BS'}, {'code': 'GDM/0215', 'description': 'De student kan de keuzes en afwegingen die gemaakt zijn in het ontwerpproces op een professionele manier onderbouwen en verantwoorden naar de opdrachtgever/eindgebruiker', 'level': 'Leerdoel Verdiepend-Verbredend', 'category': 'BS'}, {'code': 'GDM/0320', 'description': 'De student maakt een ontwerp technisch drukklaar, volgens correcte industriestandaarden en werkmethodes om optimaal, kwalitatief en repeteerbaar te reproduceren.', 'level': 'Leerdoel Verdiepend-Verbredend', 'category': 'BS'}, {'code': 'GDM/0349', 'description': 'De student is in staat om op een vakkundige wijze de juiste uitvoeringstechniek te gebruiken voor een ontwerp.', 'level': 'Leerdoel Verdiepend-Verbredend', 'category': 'BS'}, {'code': 'GDM/0414', 'description': 'De student kan design research initiëren, plannen en uitvoeren wat leidt tot een grafisch mediaproduct dat een onderbouwd antwoord biedt op de noden en verwachtingen van de opdrachtgever, eindgebruiker en andere stakeholders.', 'level': 'Leerdoel Verdiepend-Verbredend', 'category': 'BS'}, {'code': 'GDM/0415', 'description': 'De student kan aantonen dat de toepassing van één of meerdere stappen van een design onderzoek invloed heeft op het eindresultaat.', 'level': 'Leerdoel Verdiepend-Verbredend', 'category': 'BS'}, {'code': 'GDM/0514', 'description': 'De student kan zijn persoonlijke en professionele merk ontwikkelen door middel van een doordacht en consistent portfolio en online aanwezigheid.', 'level': 'Leerdoel Verdiepend-Verbredend', 'category': 'BS'}, {'code': 'GDM/0520', 'description': 'De student ontwikkelt een portfolio dat zijn/haar vaardigheden en persoonlijkheid weerspiegelt.', 'level': 'Leerdoel Verdiepend-Verbredend', 'category': 'BG'}, {'code': 'GDM/0521', 'description': 'De student maakt de keuze welke werkstukken het beste het verhaal van zijn/haar persoonlijke merk ondersteunen en kiest deze voor publicatie in het portfolio en op sociale media.', 'level': 'Leerdoel Verdiepend-Verbredend', 'category': 'BG'}, {'code': 'GDM/0522', 'description': 'De student past de principes van personal branding toe in het ontwerp van zijn/haar portfolio, en zorgt ervoor dat deze visuele identiteit consistent doorgetrokken wordt in de online aanwezigheid (bijvoorbeeld via sociale media-profielen en visuele content).', 'level': 'Leerdoel Verdiepend-Verbredend', 'category': 'BG'}]","[]","[]","","[{'exam_chance': 'Evaluatie(s) voor de eerste examenkans', 'moment': 'eerste examenperiode binnen examenrooster', 'form': 'Werkstuk', 'percentage': '40,00', 'remark': ''}, {'exam_chance': 'Evaluatie(s) voor de eerste examenkans', 'moment': 'eerste examenperiode buiten examenrooster', 'form': 'Werkstuk permanente evaluatie (Permanente evaluatie)', 'percentage': '60,00', 'remark': ''}, {'exam_chance': 'Evaluatie(s) voor de tweede examenkans', 'moment': 'derde examenperiode binnen examenrooster', 'form': 'Werkstuk', 'percentage': '100,00', 'remark': ''}]","Er zijn verschillende opdrachten gespreid over het semester met specifieke deadlines. Er is ook een aparte eindopdracht waarvan de punten worden opgeteld bij de andere opdrachten om één punt te vormen aan het einde van het semester. Opdrachten kunnen onderling verschillende gewichten hebben. Als een opdracht te laat wordt ingeleverd, maar minder dan 24 uur na de deadline, wordt 1/3 van de punten afgetrokken. Na 24 uur te laat ingeleverd te hebben, wordt een 0 toegekend voor deze opdracht. Voor de tweede examenkans wordt een nieuwe opdracht gemaakt waarin alle eindcompetenties opnieuw worden beoordeeld.","Contacttraject Cross Media Design","https://bamaflexweb.arteveldehs.be/BMFUIDetailxOLOD.aspx?a=230788&b=1&c=1"
"Graphic Design 4","2026-27","Bachelor in de grafische en digitale media","","2","10 studiepunten","393,00 uren","15.03.2027 (georganiseerd in semester 2)","op 20 (tot op een geheel getal)","wel","Kopatz Janine, Temmerman Hans, Vande Populiere Eva, Vandersleyen Wim, Vansevenant Fries","Nederlands","4","<div class=""clearfix""><p>- De student werkt grafische opdrachten uit volgens een concept, waarbij die op zoek gaat naar de meest passende oplossing op maat van de (fictieve) opdrachtgever.</p>
<p>- Opdrachten worden technisch correct uitgevoerd, zodat ze feilloos kunnen worden geproduceerd.</p>
<p>- Opdrachten worden uitgewerkt volgende de hedendaagse grafische trends, waarbij de student ruimte heeft om zijn eigen interesses en capaciteiten te ontplooien.</p>
<p>- De student maakt cross-mediale totaalprojecten op basis van analyse en design thinking waar concept en creativiteit voorop staan. </p>
<p>- De student kan met de nodige professionaliteit Adobe Indesign, Illustrator, Photoshop, After effects, ... inzetten.</p>
<p>- De student kan de juiste vorm/drager kiezen.</p>
<p>- De student kan totaalconcepten realiseren gebaseerd op visuele storytelling.</p>
<br/><br/>
</div>","[{'code': 'GDM/0205', 'description': 'De student beheerst een basiskennis van typografische principes en kan deze toepassen in een eenvoudig ontwerp.', 'level': 'Leerdoel Verdiepend-Verbredend', 'category': 'BS'}, {'code': 'GDM/0206', 'description': 'De student is in staat om een grafische stijl te ontwikkelen die consistent is met een merkidentiteit.', 'level': 'Leerdoel Verdiepend-Verbredend', 'category': 'BS'}, {'code': 'GDM/0207', 'description': 'De student past design principes zoals contrast, compositie, kleurgebruik, storytelling, enz., toe om een aantrekkelijk, evenwichtig en visueel aantrekkelijk mediaproduct te creëren.', 'level': 'Leerdoel Verdiepend-Verbredend', 'category': 'BS'}, {'code': 'GDM/0208', 'description': 'De student past creatieve denktechnieken en methoden toe om originele en creatieve ideeën te genereren als basis voor de uitwerking van een mediaproduct.', 'level': 'Leerdoel Verdiepend-Verbredend', 'category': 'BS'}, {'code': 'GDM/0215', 'description': 'De student kan de keuzes en afwegingen die gemaakt zijn in het ontwerpproces op een professionele manier onderbouwen en verantwoorden naar de opdrachtgever/eindgebruiker', 'level': 'Leerdoel Verdiepend-Verbredend', 'category': 'BS'}, {'code': 'GDM/0320', 'description': 'De student maakt een ontwerp technisch drukklaar, volgens correcte industriestandaarden en werkmethodes om optimaal, kwalitatief en repeteerbaar te reproduceren.', 'level': 'Leerdoel Verdiepend-Verbredend', 'category': 'BS'}, {'code': 'GDM/0349', 'description': 'De student is in staat om op een vakkundige wijze de juiste uitvoeringstechniek te gebruiken voor een ontwerp.', 'level': 'Leerdoel Verdiepend-Verbredend', 'category': 'BS'}, {'code': 'GDM/0414', 'description': 'De student kan design research initiëren, plannen en uitvoeren wat leidt tot een grafisch mediaproduct dat een onderbouwd antwoord biedt op de noden en verwachtingen van de opdrachtgever, eindgebruiker en andere stakeholders.', 'level': 'Leerdoel Verdiepend-Verbredend', 'category': 'BS'}, {'code': 'GDM/0415', 'description': 'De student kan aantonen dat de toepassing van één of meerdere stappen van een design onderzoek invloed heeft op het eindresultaat.', 'level': 'Leerdoel Verdiepend-Verbredend', 'category': 'BS'}, {'code': 'GDM/0514', 'description': 'De student kan zijn persoonlijke en professionele merk ontwikkelen door middel van een doordacht en consistent portfolio en online aanwezigheid.', 'level': 'Leerdoel Verdiepend-Verbredend', 'category': 'BS'}, {'code': 'GDM/0520', 'description': 'De student ontwikkelt een portfolio dat zijn/haar vaardigheden en persoonlijkheid weerspiegelt.', 'level': 'Leerdoel Verdiepend-Verbredend', 'category': 'BG'}, {'code': 'GDM/0521', 'description': 'De student maakt de keuze welke werkstukken het beste het verhaal van zijn/haar persoonlijke merk ondersteunen en kiest deze voor publicatie in het portfolio en op sociale media.', 'level': 'Leerdoel Verdiepend-Verbredend', 'category': 'BG'}, {'code': 'GDM/0522', 'description': 'De student past de principes van personal branding toe in het ontwerp van zijn/haar portfolio, en zorgt ervoor dat deze visuele identiteit consistent doorgetrokken wordt in de online aanwezigheid (bijvoorbeeld via sociale media-profielen en visuele content).', 'level': 'Leerdoel Verdiepend-Verbredend', 'category': 'BG'}, {'code': 'GDM/0523', 'description': 'De student heeft een professioneel en visueel aantrekkelijk portfolio dat een reflectie is van de eigen vaardigheden en stijl.', 'level': 'Leerdoel Verdiepend-Verbredend', 'category': 'BG'}]","[]","[]","Briefings, lessen, instructies en inspirerende sessies tijdens de contactmomenten. Sommige briefings lopen over meerdere weken, andere moeten binnen de dag worden afgerond (rush). Feedback vraag je op eigen initiatief aan jouw begeleidende docent. Per opdracht wordt een andere docent aan jou toegewezen. Feedback achteraf gebeurt via verbeterrubrieken in Canvas.","[{'exam_chance': 'Evaluatie(s) voor de eerste examenkans', 'moment': 'tweede examenperiode binnen examenrooster', 'form': 'Werkstuk', 'percentage': '40,00', 'remark': ''}, {'exam_chance': 'Evaluatie(s) voor de eerste examenkans', 'moment': 'tweede examenperiode buiten examenrooster', 'form': 'Werkstuk permanente evaluatie (Permanente evaluatie)', 'percentage': '60,00', 'remark': ''}, {'exam_chance': 'Evaluatie(s) voor de tweede examenkans', 'moment': 'derde examenperiode binnen examenrooster', 'form': 'Werkstuk', 'percentage': '100,00', 'remark': ''}]","- Verspreid over het semester worden verschillende werkstukken gemaakt met specifieke deadlines - Bij de tweede examenkans wordt een opdracht uitgewerkt waarin alle eindcompetenties kunnen worden beoordeeld - Bij te laat indienen van een opdracht, maar minder dan 24 uur na de deadline, wordt 1/3 van de punten afgetrokken. - Na 24u te laat indienen, zal een nul worden toegekend voor deze opdracht.","Contacttraject Cross Media Design","https://bamaflexweb.arteveldehs.be/BMFUIDetailxOLOD.aspx?a=230787&b=1&c=1"
"Keuzevak 1 CMD","2026-27","Bachelor in de grafische en digitale media","","2","5 studiepunten","","","","","","","3","","[]","[]","[]","","[]","","Contacttraject Cross Media Design","https://bamaflexweb.arteveldehs.be/BMFUIDetailxOLOD.aspx?a=231220&b=1&c=1"
"Keuzevak 2 CMD","2026-27","Bachelor in de grafische en digitale media","","2","5 studiepunten","","","","","","","4","","[]","[]","[]","","[]","","Contacttraject Cross Media Design","https://bamaflexweb.arteveldehs.be/BMFUIDetailxOLOD.aspx?a=231221&b=1&c=1"
"Print Production semester 1","2026-27","Bachelor in de grafische en digitale media","","2","5 studiepunten","138,00 uren","01.11.2026 (georganiseerd in semester 1)","op 20 (tot op een geheel getal)","wel","Dehaemers Ann, Lowagie Jelle","Nederlands","3","<div class=""clearfix""><p>KLEUR</p>
<ul>
<li>kleuren scherm versus kleuren drukwerk</li>
<li>RGB-communicatie</li>
<li>CMYK-communicatie</li>
<li>Rasteren</li>
<li>Zwartgeneratie en kleurscheidingen</li>
<li>Kleurbeheer: inleiding tot color management</li>
</ul>
<p>DRUKTECHNIEKEN</p>
<ul>
<li>verschillende druktechnieken kunnen herkennen en bespreken</li>
<li>Offset, diepdruk, flexo, zeefdruk, digitaal drukken</li>
<li>begrijpen wat de de invloed is van de druktechniek op een grafisch design &amp; kleurkeuze</li>
</ul>
<p>DRUKDRAGER (papier en inleiding tot kunststof)</p>
<ul>
<li>geschiedenis en ontwikkeling</li>
<li>grondstoffen en productieproces</li>
<li>eigenschappen van de drukdrager</li>
<li>ecologisch aspect en duurzaamheid</li>
<li>keuze van drukdrager in verband kunnen brengen met prijs, bedrukbaarheid, duurzaamheid en voornamelijk esthetiek</li>
<li>begrijpen wat de invloed is van de drukdrager op een grafisch design</li>
</ul>
<p>AFWERKEN</p>
<ul>
<li>verschillende afwerkingstechnieken kunnen herkennen, bespreken en digitaal aanbrengen in een file</li>
<li>verschillende veredelingstechnieken kunnen herkennen, bespreken en digitaal aanbrengen in een file</li>
</ul>
<p>WORKFLOW</p>
<ul>
<li>PDF's analyseren voor print doeleinden</li>
<li>Pantone kleuren &amp;.technische spotkleuren in een PDF</li>
<li>Kleurbeheer en profielen in Adobe software</li>
<li>Aanmaken PDF's volgens richtlijnen van VIGC en GWG</li>
<li>Handtekenen van PDF's in Adobe software</li>
<li>Corrigeren van PDF's in Adobe Acrobat software</li>
<li>PDF's generen voor multimedia</li>
<li>Inleiding tot prepress workflow software</li>
<li>Insluiten van multimediale elementen</li>
</ul>
<p>PRAKTIJK</p>
<ul>
<li>Kleuren vergelijken en analyseren (digitale print versus analoge print)</li>
<li>Uitvoeren van verschillende druktechnieken</li>
</ul></div>","[{'code': 'GDM/0304', 'description': 'De student kent en begrijpt de terminologie en werking van printtechnologie.', 'level': 'Leerdoel Elementair', 'category': 'BS'}, {'code': 'GDM/0305', 'description': 'De student heeft inzciht in de verschillende fasen van een printproductieproces: prepress, press en postpress.', 'level': 'Leerdoel Elementair', 'category': 'BS'}, {'code': 'GDM/0306', 'description': 'De student heeft inzicht in de esthetische aspecten en eigenschappen van grondstoffen en technieken die het eindresultaat visueel beïnvloeden', 'level': 'Leerdoel Elementair', 'category': 'BS'}, {'code': 'GDM/0350', 'description': 'De student verklaart hoe beeld en kleur gereproduceerd worden in een mediaproductie en legt uit hoe de kwaliteit ervan beheerd kan worden.', 'level': 'Leerdoel Elementair', 'category': 'BS'}, {'code': 'GDM/0351', 'description': 'De student heeft inzicht in de geschiedenis, de eigenschap en de ontwikkeling van grondstoffen.', 'level': 'Leerdoel Elementair', 'category': 'BS'}, {'code': 'GDM/0352', 'description': 'De student kent de industriestandaarden en werkmethodes om zo efficiënt mogelijk tot een voorspelbaar resultaat te komen.', 'level': 'Leerdoel Elementair', 'category': 'BS'}]","[]","[]","Zie studiewijzer in Canvas.","[{'exam_chance': 'Evaluatie(s) voor de eerste examenkans', 'moment': 'eerste examenperiode binnen examenrooster', 'form': 'Schriftelijk', 'percentage': '80,00', 'remark': ''}, {'exam_chance': 'Evaluatie(s) voor de eerste examenkans', 'moment': 'eerste examenperiode buiten examenrooster', 'form': 'Werkstuk', 'percentage': '20,00', 'remark': ''}, {'exam_chance': 'Evaluatie(s) voor de tweede examenkans', 'moment': 'derde examenperiode binnen examenrooster', 'form': 'Schriftelijk', 'percentage': '80,00', 'remark': ''}, {'exam_chance': 'Evaluatie(s) voor de tweede examenkans', 'moment': 'derde examenperiode binnen examenrooster', 'form': 'Werkstuk', 'percentage': '20,00', 'remark': ''}]","Bij te laat indienen van een opdracht, maar minder dan 24 uur na de deadline, wordt 1/3 van de punten afgetrokken. Na 24u te laat indienen, zal een nul worden toegekend aan deze opdracht. De eerste examenkans bestaat uit een taak/opdracht en een schriftelijk examen. De tweede examenkans bestaat uit een taak/opdracht en een schriftelijk examen.","Contacttraject Cross Media Design","https://bamaflexweb.arteveldehs.be/BMFUIDetailxOLOD.aspx?a=230789&b=1&c=1"
"UX/UI Design 2 semester 1","2026-27","Bachelor in de grafische en digitale media","","2","5 studiepunten","137,50 uren","01.11.2026 (georganiseerd in semester 1)","op 20 (tot op een geheel getal)","wel","Rutsaert Evelien, Vanderpoorten Michael","Nederlands","3","<div class=""clearfix""><p>In dit vak verdiep je je in het ontwerpen van interfaces met aandacht voor gebruikerservaring, ontwerpethiek en visuele verfijning. <br/>
Je ontwikkelt een kritisch perspectief op designkeuzes en hun invloed op gebruikers.</p></div>","[{'code': 'GDM/0207', 'description': 'De student past design principes zoals contrast, compositie, kleurgebruik, storytelling, enz., toe om een aantrekkelijk, evenwichtig en visueel aantrekkelijk mediaproduct te creëren.', 'level': 'Leerdoel Verdiepend-Verbredend', 'category': 'BS'}, {'code': 'GDM/0211', 'description': 'De student kan een complexe vraag analyseren, vereenvoudigen en vertalen naar visuele output (denk aan opdrachten zoals stappenplan, handleiding, infografiek, scenario,…)', 'level': 'Leerdoel Verdiepend-Verbredend', 'category': 'BS'}, {'code': 'GDM/0328', 'description': 'De student ontwerpt en/of implementeert gebruiksvriendelijke, toegankelijke gebruikersinterfaces voor een media-applicatie.', 'level': 'Leerdoel Verdiepend-Verbredend', 'category': 'BS'}, {'code': 'GDM/0399194', 'description': 'De student interpreteert en analyseert een opdracht vanuit verschillende standpunten met het oog op het ontwerpen en ontwikkelen van een media-applicatie.', 'level': 'Leerdoel Verdiepend-Verbredend', 'category': 'BS'}, {'code': 'GDM/0520', 'description': 'De student ontwikkelt een portfolio dat zijn/haar vaardigheden en persoonlijkheid weerspiegelt.', 'level': 'Leerdoel Verdiepend-Verbredend', 'category': 'BG'}, {'code': 'GDM/0521', 'description': 'De student maakt de keuze welke werkstukken het beste het verhaal van zijn/haar persoonlijke merk ondersteunen en kiest deze voor publicatie in het portfolio en op sociale media.', 'level': 'Leerdoel Verdiepend-Verbredend', 'category': 'BG'}, {'code': 'GDM/0522', 'description': 'De student past de principes van personal branding toe in het ontwerp van zijn/haar portfolio, en zorgt ervoor dat deze visuele identiteit consistent doorgetrokken wordt in de online aanwezigheid (bijvoorbeeld via sociale media-profielen en visuele content).', 'level': 'Leerdoel Verdiepend-Verbredend', 'category': 'BG'}]","[]","[]","Zie Canvas.","[{'exam_chance': 'Evaluatie(s) voor de eerste examenkans', 'moment': 'eerste examenperiode binnen examenrooster', 'form': 'Werkstuk', 'percentage': '75,00', 'remark': ''}, {'exam_chance': 'Evaluatie(s) voor de eerste examenkans', 'moment': 'eerste examenperiode buiten examenrooster', 'form': 'Werkstuk permanente evaluatie (Permanente evaluatie)', 'percentage': '25,00', 'remark': ''}, {'exam_chance': 'Evaluatie(s) voor de tweede examenkans', 'moment': 'derde examenperiode binnen examenrooster', 'form': 'Werkstuk', 'percentage': '100,00', 'remark': ''}]","Bij te laat indienen van een opdracht, maar minder dan 24 uur na de deadline, wordt 1/3 van de punten afgetrokken. Na 24u te laat indienen, zal een nul worden toegekend voor deze opdracht.","Contacttraject Cross Media Design","https://bamaflexweb.arteveldehs.be/BMFUIDetailxOLOD.aspx?a=230886&b=1&c=1"
"Verdiepend keuzeopleidingsonderdeel","2026-27","Bachelor in de grafische en digitale media","","2","5 studiepunten","","","","","","","3","","[]","[]","[]","","[]","","Contacttraject Cross Media Design","https://bamaflexweb.arteveldehs.be/BMFUIDetailxOLOD.aspx?a=231217&b=1&c=1"
"Afstudeerproject semester 2","2026-27","Bachelor in de grafische en digitale media","","3","15 studiepunten","416,00 uren","15.03.2027 (georganiseerd in semester 2)","op 20 (tot op een geheel getal)","wel","Anseel Stijn, Calis Bart, De Weirdt Dieter, Duytschaever Tineke, Knockaert Bart, Lambrecht Jannes, Langeraert Pieter, Lowagie Jelle, Moortgat Lotte, Peters Yves, Piffet Philippe, Pottie Jonas, Rutsaert Evelien, Scheirlinckx Jan, Snels Merel, Spek Sander, Staesens Rik, Temmerman Hans, Thys Joris, Toppets Kristof, Vandersleyen Wim, Van Raes Marieke, Vansevenant Fries, Verniest Joris, Weyens Barend, Wysmans Michaël","Nederlands","6","<div class=""clearfix""><p>De student produceert een vakproduct, waarbij de student eindverantwoordelijkheid draagt voor alle productiestappen.<br/>
De student stelt een gefundeerde productierapportering op (deels in het Engels), met daar in onder meer een onderzoeksverslag en een toelichting bij het productieproces.<br/>
De student presenteert alle zaken voor een jury in de context van een expo-opstelling.</p>
<p> In de Canvascursus vindt de student alle praktische informatie om het afstudeerproject te organiseren en realiseren.</p>
<div data-extension-version=""1.0.4"" id=""ConnectiveDocSignExtentionInstalled""> </div></div>","[{'code': 'GDM/0100A1', 'description': 'De student ontwerpt vanuit een analyse een mediaconcept dat past binnen de brede communicatiestrategie en/of de doelstellingen en randvoorwaarden van de stakeholder(s).', 'level': 'Leerdoel Autonoom-Complex', 'category': 'BS'}, {'code': 'GDM/0100A2', 'description': 'De student toont aan dat het mediaconcept op een gepaste manier binnen de communicatiestrategie of doelstellingen van de stakeholders kan worden ingezet.', 'level': 'Leerdoel Autonoom-Complex', 'category': 'BS'}, {'code': 'GDM/0200A1', 'description': 'De student bedenkt en ontwerpt een mediaproduct dat getuigt van originaliteit en creativiteit.', 'level': 'Leerdoel Autonoom-Complex', 'category': 'BS'}, {'code': 'GDM/0200A2', 'description': 'De student bedenkt en ontwerpt een mediaproduct dat vanuit design principes esthetisch verantwoord is en voldoet aan de noden en verwachtingen van opdrachtgever en/of eindgebruiker.', 'level': 'Leerdoel Autonoom-Complex', 'category': 'BS'}, {'code': 'GDM/0300A1', 'description': 'De student levert een mediaproduct op dat getuigt van professionele, vaktechnische competenties conform de geijkte productiestandaarden.', 'level': 'Leerdoel Autonoom-Complex', 'category': 'BS'}, {'code': 'GDM/0300A2', 'description': 'De student levert een eindproduct op dat voldoet aan de relevante vaktechnische kwaliteitseisen.', 'level': 'Leerdoel Autonoom-Complex', 'category': 'BS'}, {'code': 'GDM/0400A1', 'description': 'De student voert een kwaliteitsvol onderzoek uit op basis van design researcht.', 'level': 'Leerdoel Autonoom-Complex', 'category': 'BG'}, {'code': 'GDM/0400A2', 'description': 'De student toont aan dat het gevoerde onderzoek het mediaproduct valideert of versterkt waardoor het een antwoord biedt op de noden en verwachtingen van de opdrachtgever, eindgebruiker en/of andere stakeholders.', 'level': 'Leerdoel Autonoom-Complex', 'category': 'BG'}, {'code': 'GDM/0526', 'description': 'De student heeft een professioneel en visueel aantrekkelijk portfolio dat een reflectie is van de eigen vaardigheden en stijl.', 'level': 'Leerdoel Autonoom-Complex', 'category': 'BG'}, {'code': 'GDM/0527', 'description': 'De student past de principes van personal branding toe in het ontwerp van zijn/haar portfolio, en zorgt ervoor dat deze visuele identiteit consistent doorgetrokken wordt in de online aanwezigheid (bijvoorbeeld via sociale media-profielen en visuele content).', 'level': 'Leerdoel Autonoom-Complex', 'category': 'BG'}, {'code': 'GDM/0528', 'description': 'De student past zijn/haar online aanwezigheid (bijvoorbeeld LinkedIn, Instagram) strategisch aan om de zichtbaarheid te vergroten en doelgerichte contacten op te bouwen met potentiële werkgevers of opdrachtgevers.', 'level': 'Leerdoel Autonoom-Complex', 'category': 'BG'}, {'code': 'GDM/0600A1', 'description': 'De student communiceert doelgericht, helder, in gepaste taal en indien nodig meertalig met de verschillende  (internationale) stakeholders.', 'level': 'Leerdoel Autonoom-Complex', 'category': 'BG'}, {'code': 'GDM/0800A1', 'description': 'De student ziet opportuniteiten voor mediaproducten, diensten of ervaringen die economisch of maatschappelijk waardevol zijn en neemt  initiatief voor de ontwikkeling hiervan.', 'level': 'Leerdoel Autonoom-Complex', 'category': 'ALG'}, {'code': 'GDM/0800A2', 'description': 'De student handelt in professionele activiteiten steeds vanuit een duurzaam perspectief en houdt rekening  met ethische aspecten zoals privacy, veiligheid en inclusie.', 'level': 'Leerdoel Autonoom-Complex', 'category': 'ALG'}]","[]","[]","Zie Canvas. In reguliere weken zal het contactmoment bestaan uit een wekelijkse feedbacksessie met de afstudeerbegeleider en werktijd op campus. Uitzonderingen zijn de eerste week (intensievere coaching) en de evaluatiemomenten. Het afstudeerproject vindt plaats in de tweede helft van het semester. Afhankelijk van de academische kalender zullen er een of twee vooruitgeschoven coachingsmomenten zijn in de eerste helft van het semester.","[{'exam_chance': 'Evaluatie(s) voor de eerste examenkans', 'moment': 'tweede examenperiode binnen examenrooster', 'form': 'Rapporten', 'percentage': '40,00', 'remark': 'De student licht het rapport toe tijdens een mondelinge presentatie tijdens de ingeroosterde contactmomenten.'}, {'exam_chance': 'Evaluatie(s) voor de eerste examenkans', 'moment': 'tweede examenperiode binnen examenrooster', 'form': 'Werkstuk', 'percentage': '50,00', 'remark': 'De student presenteert het werkstuk voor een jury in de context van een expo-opstelling.'}, {'exam_chance': 'Evaluatie(s) voor de eerste examenkans', 'moment': 'tweede examenperiode buiten examenrooster', 'form': 'Mondeling', 'percentage': '10,00', 'remark': 'Tussentijdse evaluatie'}, {'exam_chance': 'Evaluatie(s) voor de tweede examenkans', 'moment': 'derde examenperiode binnen examenrooster', 'form': 'Rapporten', 'percentage': '50,00', 'remark': 'De student licht het rapport toe tijdens een mondelinge presentatie.'}, {'exam_chance': 'Evaluatie(s) voor de tweede examenkans', 'moment': 'derde examenperiode binnen examenrooster', 'form': 'Werkstuk', 'percentage': '50,00', 'remark': 'De student presenteert het werkstuk voor een jury in de context van een expo-opstelling.'}]","Zie Canvas.","Contacttraject Cross Media Design","https://bamaflexweb.arteveldehs.be/BMFUIDetailxOLOD.aspx?a=227799&b=1&c=1"
"Afstudeerstage semester 2","2026-27","Bachelor in de grafische en digitale media","","3","15 studiepunten","425,00 uren","15.03.2027 (georganiseerd in semester 2)","op 20 (tot op een geheel getal)","niet","Anseel Stijn, Calis Bart, De Canck Inge, De Weirdt Dieter, Duytschaever Tineke, Knockaert Bart, Lambrecht Jannes, Langeraert Pieter, Lowagie Jelle, Moortgat Lotte, Peters Yves, Piffet Philippe, Pottie Jonas, Rutsaert Evelien, Scheirlinckx Jan, Snels Merel, Staesens Rik, Temmerman Hans, Thys Joris, Toppets Kristof, Vandersleyen Wim, Van Raes Marieke, Vansevenant Fries, Verniest Joris, Weyens Barend, Wysmans Michaël","Nederlands","6","<div class=""clearfix""><p>De stage-inhoud is heel uiteenlopend en vaak gediversifieerd naar specialiteit van de richting en persoonlijke interesse. Zij wordt opgemaakt in overleg met het stagebedrijf, de student en de opleiding.</p>
<p>De student loopt minimaal 47 voltijdse dagen stage in een stagebedrijf en rapporteert hierover. Details over de verslaggeving worden gecommuniceerd via de Canvascursus.<br/>
De student is verplicht fysiek aanwezig op het intervisiemoment en op de verplichte fysieke terugkommomenten voor het afstudeerproject. <br/>
<br/>
<br/>
</p>
<div data-extension-version=""1.0.4"" id=""ConnectiveDocSignExtentionInstalled""> </div></div>","[{'code': 'GDM/0500A1', 'description': 'De student toont aan dat hij zicht heeft op de eigen kennis, vaardigheden en groeimogelijkheden.', 'level': 'Leerdoel Autonoom-Complex', 'category': 'ALG'}, {'code': 'GDM/0500A2', 'description': 'De student professionaliseert zich om blijvend inzetbaar te zijn als mediaprofessional in complexe en gespecialiseerde contexten.', 'level': 'Leerdoel Autonoom-Complex', 'category': 'ALG'}, {'code': 'GDM/0500A3', 'description': 'De student bouwt een professioneel netwerk uit en onderhoudt dit actief.', 'level': 'Leerdoel Autonoom-Complex', 'category': 'ALG'}, {'code': 'GDM/0523', 'description': 'De student heeft een professioneel en visueel aantrekkelijk portfolio dat een reflectie is van de eigen vaardigheden en stijl.', 'level': 'Leerdoel Verdiepend-Verbredend', 'category': 'BG'}, {'code': 'GDM/0524', 'description': 'De student past de principes van personal branding toe in het ontwerp van zijn/haar portfolio, en zorgt ervoor dat deze visuele identiteit consistent doorgetrokken wordt in de online aanwezigheid (bijvoorbeeld via sociale media-profielen en visuele content).', 'level': 'Leerdoel Verdiepend-Verbredend', 'category': 'BG'}, {'code': 'GDM/0525', 'description': 'De student past zijn/haar online aanwezigheid (bijvoorbeeld LinkedIn, Instagram) strategisch aan om de zichtbaarheid te vergroten en doelgerichte contacten op te bouwen met potentiële werkgevers of opdrachtgevers.', 'level': 'Leerdoel Verdiepend-Verbredend', 'category': 'BG'}, {'code': 'GDM/0700A1', 'description': 'De student werkt op een proactieve en professionele wijze samen in een (multidisciplinair) team.', 'level': 'Leerdoel Autonoom-Complex', 'category': 'BG'}, {'code': 'GDM/0700A2', 'description': 'De student neemt verantwoordelijkheid op binnen een project en voert de eigen taken op een planmatige wijze uit.', 'level': 'Leerdoel Autonoom-Complex', 'category': 'BG'}, {'code': 'GDM/2022-23/0207', 'description': 'De student getuigt van een creatief en conceptueel denkvermogen.', 'level': 'Leerdoel Verdiepend-Verbredend', 'category': 'BS'}, {'code': 'GDM/2022-23/0308', 'description': 'De student  past een industriestandaard of werkmethode vakkundig toe.', 'level': 'Leerdoel Autonoom-Complex', 'category': 'BS'}, {'code': 'GDM/2022-23/0310', 'description': 'De student kiest een gepaste productietechniek op basis van het te ontwikkelen eindproduct.', 'level': 'Leerdoel Verdiepend-Verbredend', 'category': 'BS'}, {'code': 'GDM/2022-23/0607', 'description': 'De student kan overtuigend en professioneel communiceren omtrent een professioneel gebonden thema, schriftelijk en/of mondeling.', 'level': 'Leerdoel Verdiepend-Verbredend', 'category': 'BG'}, {'code': 'GDM/2022-23/0802', 'description': 'De student kan kritisch reflecteren op ethische, deontologische en duurzaamheidsgerelateerde kwesties binnen het vakgebied.', 'level': 'Leerdoel Verdiepend-Verbredend', 'category': 'ALG'}, {'code': 'GDM/2022-23/0803', 'description': 'De student kan vanuit een ethisch standpunt kritisch reflecteren op nieuwe technologieën, innovatieve modellen en designtrends.', 'level': 'Leerdoel Verdiepend-Verbredend', 'category': 'ALG'}]","[]","[]","Zie Canvas. Verplaatsingsonkosten kunnen niet op de opleiding verhaald worden.","[{'exam_chance': 'Evaluatie(s) voor de eerste examenkans', 'moment': 'tweede examenperiode buiten examenrooster', 'form': 'Observatie', 'percentage': '80,00', 'remark': ''}, {'exam_chance': 'Evaluatie(s) voor de eerste examenkans', 'moment': 'tweede examenperiode buiten examenrooster', 'form': 'Rapporten', 'percentage': '20,00', 'remark': 'Stageverslaggeving'}]","Bij te laat indienen van het stageboek/verslag, maar minder dan 24 uur na de deadline, wordt 1/3 van de punten afgetrokken. Na 24u te laat indienen, zal een nul worden toegekend voor het stageboek/verslag. De verslaggeving is een essentieel onderdeel van de stage en dient ingediend te worden om te kunnen slagen. Bepaalde competenties kunnen niet volledig beoordeeld worden bij afwezig van de verslaggeving. Er is geen tweede examenkans mogelijk, omdat een stage van een dergelijke duur niet kan ingepast worden in de tweede examenperiode. Gedetailleerde communicatie verloopt via de Canvascursus.","Contacttraject Cross Media Design","https://bamaflexweb.arteveldehs.be/BMFUIDetailxOLOD.aspx?a=228272&b=1&c=1"
"Creative Business Studio 3","2026-27","Bachelor in de grafische en digitale media","","3","6 studiepunten","152,00 uren","01.11.2026 (georganiseerd in semester 1)","op 20 (tot op een geheel getal)","wel","Dehaemers Ann, De Laender Annick, Vandenberghe Peter, Vanhees Rob","Nederlands","5","<div class=""clearfix""><p>Creative business studio 3 is gericht op duurzaam, maatschappelijk ondernemen. De studenten doorlopen het Step-up traject van Unizo, dat zich richt op het ontwikkelen van specifieke vaardigheden en kennis die essentieel is voor het succesvol starten en runnen van een bedrijf. </p>
<p>Het olod bestaat uit  2 delen: </p>
<ul>
<li>een grafisch mediaproduct bedenken, produceren (of laten produceren), promoten en verkopen. </li>
<li>een business plan uitwerken om te beoordelen of het idee opschaalbaar is en/of als start-up levensvatbaar kan zijn.</li>
</ul>
<p>Thema's die aan bod komen zijn:</p>
<ol>
<li>Wie ben ik als ondernemer en wat zijn mijn ondernemerscompetenties.  </li>
<li>Concept bepalen voor de mini-onderneming.  </li>
<li>Haalbaarheidsstudie (commercieel – financieel – technisch) - SWOT analyse - Missie en visie bepalen</li>
<li>Administratieve formaliteiten – betalingen – boekhouding – organisatieplan – teamrollen - rolverdeling</li>
<li>Uitvoering: uitwerken idee - productie - promotie - verkoop</li>
<li>Deelname Step-up Markt</li>
<li>Business plan om te beoordelen of het idee levensvatbaar is. </li>
<li>Opschalen en start-up (fictief).<br/>
<br/>
<br/>
<br/>
</li>
</ol></div>","[{'code': 'GDM/0117', 'description': 'De student onderzoekt zijn of haar ondernemersprofiel en ontwikkelt bewustzijn van eigen ondernemerschapscompetenties, met aandacht voor duurzaamheid en maatschappelijke meerwaarde.', 'level': 'Leerdoel Verdiepend-Verbredend', 'category': 'BG'}, {'code': 'GDM/0118', 'description': 'De student ontwikkelt een creatief en realistisch concept voor een grafisch mediaproduct, en toetst dit aan de hand van een haalbaarheidsstudie (commercieel, technisch, financieel), inclusief SWOT-analyse, missie en visie.', 'level': 'Leerdoel Verdiepend-Verbredend', 'category': 'BG'}, {'code': 'GDM/0119', 'description': 'De student plant en realiseert het volledige productieproces van het mediaproduct, en voert een gerichte promotie- en verkoopstrategie uit, afgestemd op de doelgroep en marktinzichten.', 'level': 'Leerdoel Verdiepend-Verbredend', 'category': 'BG'}, {'code': 'GDM/0120', 'description': 'De student beheert de administratieve, organisatorische en financiële aspecten van de mini-onderneming (zoals betalingen, boekhouding en teamrollen) en past deze toe conform wettelijke en praktische vereisten.', 'level': 'Leerdoel Verdiepend-Verbredend', 'category': 'BG'}, {'code': 'GDM/0121', 'description': 'De student stelt een onderbouwd businessplan op waarin het potentieel van de onderneming voor opschaling en levensvatbaarheid als start-up kritisch wordt geanalyseerd, rekening houdend met duurzaam en maatschappelijk verantwoord ondernemen.', 'level': 'Leerdoel Verdiepend-Verbredend', 'category': 'BG'}]","[]","[]","Zie canvascursus. De studenten werken in groep aan een project. Elke groep neemt deel aan het Step-up traject van Unizo. Hieraan is een deelnamekost verbonden van 25 à 30 euro per student.","[{'exam_chance': 'Evaluatie(s) voor de eerste examenkans', 'moment': 'eerste examenperiode binnen examenrooster', 'form': 'Mondeling', 'percentage': '20,00', 'remark': ''}, {'exam_chance': 'Evaluatie(s) voor de eerste examenkans', 'moment': 'eerste examenperiode buiten examenrooster', 'form': 'Observatie', 'percentage': '20,00', 'remark': ''}, {'exam_chance': 'Evaluatie(s) voor de eerste examenkans', 'moment': 'eerste examenperiode buiten examenrooster', 'form': 'Werkstuk', 'percentage': '60,00', 'remark': ''}, {'exam_chance': 'Evaluatie(s) voor de tweede examenkans', 'moment': 'derde examenperiode binnen examenrooster', 'form': 'Mondeling', 'percentage': '40,00', 'remark': ''}, {'exam_chance': 'Evaluatie(s) voor de tweede examenkans', 'moment': 'derde examenperiode binnen examenrooster', 'form': 'Werkstuk', 'percentage': '60,00', 'remark': ''}]","Bij te laat indienen van een opdracht, maar minder dan 24 uur na de deadline, wordt 1/3 van de punten afgetrokken. Na 24 uur te laat indienen, zal een nul worden toegekend aan deze opdracht. Deelname aan de lessen en de Step-up markt is verplicht.","Contacttraject Cross Media Design","https://bamaflexweb.arteveldehs.be/BMFUIDetailxOLOD.aspx?a=230954&b=1&c=1"
"Expedition","2026-27","Bachelor in de grafische en digitale media","","3","6 studiepunten","165,00 uren","01.11.2026 (georganiseerd in semester 1)","op 20 (tot op een geheel getal)","wel","D'Hondt Glenn, Lambrecht Jannes, Rutsaert Evelien, Temmerman Hans, Thys Joris, Vansevenant Fries, Weyens Barend","Nederlands","5","<div class=""clearfix"">In dit opleidingsonderdeel worden studenten gestimuleerd om in groepsverband te experimenteren en zich los te maken van traditionele denkkaders. In tegenstelling tot andere vakken ligt de focus niet op het afleveren van een afgewerkt en kwalitatief eindresultaat, maar op een creatieve en grondige verkenning van uiteenlopende oplossingsrichtingen. Studenten worden aangespoord om vakoverschrijdende benaderingen te ontwikkelen voor opgelegde vraagstukken, met bijzondere aandacht voor het proces van experimenteren als kern van het leertraject.</div>","[{'code': 'GDM/0255', 'description': 'De student kan binnen een grafische en digitale context onderzoeksvragen formuleren en via toegepast design research visuele en inhoudelijke ontwerpbeslissingen onderbouwen.', 'level': 'Leerdoel Verdiepend-Verbredend', 'category': 'BS'}, {'code': 'GDM/0256', 'description': 'De student kan op basis van een iteratief onderzoek een brede reeks grafische concepten ontwikkelen en deze op een doordachte en visueel overtuigende manier presenteren.', 'level': 'Leerdoel Verdiepend-Verbredend', 'category': 'BS'}, {'code': 'GDM/0257', 'description': 'De student kan beeld en tekst doelgericht combineren waarbij visuele communicatie de storytelling en conceptuele kracht binnen grafisch ontwerp versterkt.', 'level': 'Leerdoel Verdiepend-Verbredend', 'category': 'BS'}, {'code': 'GDM/0258', 'description': 'De student kan visuele concepten overtuigend presenteren via grafisch onderbouwde pitches waarbij storytelling en beeldtaal strategisch worden ingezet.', 'level': '1', 'category': 'BS'}, {'code': 'GDM/0259', 'description': 'De student kan functioneren binnen een wisselende, multidisciplinaire groepscontext die een professionele grafische studio simuleert en daarbij actief bijdragen aan proces en collectieve output.', 'level': 'Leerdoel Verdiepend-Verbredend', 'category': 'BS'}]","[]","[]","Zie Canvas","[{'exam_chance': 'Evaluatie(s) voor de eerste examenkans', 'moment': 'eerste examenperiode binnen examenrooster', 'form': 'Werkstuk', 'percentage': '20,00', 'remark': ''}, {'exam_chance': 'Evaluatie(s) voor de eerste examenkans', 'moment': 'eerste examenperiode buiten examenrooster', 'form': 'Werkstuk permanente evaluatie (Permanente evaluatie)', 'percentage': '80,00', 'remark': ''}, {'exam_chance': 'Evaluatie(s) voor de tweede examenkans', 'moment': 'derde examenperiode binnen examenrooster', 'form': 'Werkstuk', 'percentage': '100,00', 'remark': ''}]","- Verspreid over het semester worden verschillende werkstukken gemaakt met specifieke deadlines - Bij de tweede examenkans wordt één opdracht uitgewerkt waarin alle eindcompetenties kunnen worden beoordeeld - Bij te laat indienen van een opdracht, maar minder dan 24 uur na de deadline, wordt 1/3 van de punten afgetrokken. Wanneer een deadline met meer dan 24u is overschreden, zal een nul worden toegekend","Contacttraject Cross Media Design","https://bamaflexweb.arteveldehs.be/BMFUIDetailxOLOD.aspx?a=231143&b=1&c=1"
"Expert Track CMD","2026-27","Bachelor in de grafische en digitale media","","3","12 studiepunten","","","","","","","5","","[]","[]","[]","","[]","","Contacttraject Cross Media Design","https://bamaflexweb.arteveldehs.be/BMFUIDetailxOLOD.aspx?a=231214&b=1&c=1"
"Launch Your Own Brand","2026-27","Bachelor in de grafische en digitale media","","3","3 studiepunten","75,00 uren","01.11.2026 (georganiseerd in semester 1)","op 20 (tot op een geheel getal)","wel","Moriau Hadewych, Snels Merel","Engels","5","<div class=""clearfix"">Studenten moeten zich op het einde van de opleiding overtuigend kunnen positioneren binnen het werkveld.<br/>
<br/>
Daarbij zijn niet enkel technische vaardigheden belangrijk, maar ook:<br/>
<br/>
storytelling<br/>
zelfpositionering<br/>
professionele maturiteit<br/>
online aanwezigheid<br/>
networking<br/>
zichtbaarheid van sterktes en interesses<br/>
<br/>
Het vak vertrekt vanuit:<br/>
personal branding<br/>
portfolio-opbouw<br/>
“ik als mediaprofessional”<br/>
<br/>
Het uiteindelijke doel is studenten sterker in het werkveld te laten staan en hun carrière als het ware “in de stelling te zetten”.<br/>
<br/>
De student leert:<br/>
zichzelf professioneel presenteren<br/>
hun sterktes strategisch communiceren<br/>
een coherent professioneel profiel uitbouwen<br/>
communiceren via verschillende media en platformen<br/>
professioneel netwerken<br/>
authentiek en overtuigend storytelling inzetten</div>","[{'code': 'GDM/0515', 'description': 'De student kan zijn professionele waarde duidelijk en overtuigend communiceren, zowel schriftelijk als mondeling, aan diverse belanghebbenden binnen een bedrijf of tijdens sollicitaties.', 'level': 'Leerdoel Verdiepend-Verbredend', 'category': 'BG'}, {'code': 'GDM/0522', 'description': 'De student past de principes van personal branding toe in het ontwerp van zijn/haar portfolio, en zorgt ervoor dat deze visuele identiteit consistent doorgetrokken wordt in de online aanwezigheid (bijvoorbeeld via sociale media-profielen en visuele content).', 'level': 'Leerdoel Verdiepend-Verbredend', 'category': 'BS'}, {'code': 'GDM/0528', 'description': 'De student past zijn/haar online aanwezigheid (bijvoorbeeld LinkedIn, Instagram) strategisch aan om de zichtbaarheid te vergroten en doelgerichte contacten op te bouwen met potentiële werkgevers of opdrachtgevers.', 'level': '1', 'category': 'BG'}, {'code': 'GDM/0605b', 'description': 'De student communiceert schriftelijk en mondeling op een heldere en professionele manier in het Engels over een topic in de creatieve sector.', 'level': 'Leerdoel Verdiepend-Verbredend', 'category': 'BG'}, {'code': 'GDM/0816', 'description': 'De student kan de administratieve, professionele en organisatorische basisprocessen toepassen die nodig zijn voor het opstarten van een freelance praktijk binnen de creatieve sector.', 'level': 'Leerdoel Verdiepend-Verbredend', 'category': 'BG'}]","[]","[]","Het vak bestaat uit een combinatie van hoorcolleges, gastsprekers en interactieve werkcolleges.","[{'exam_chance': 'Evaluatie(s) voor de eerste examenkans', 'moment': 'eerste examenperiode binnen examenrooster', 'form': 'Mondeling', 'percentage': '50,00', 'remark': ''}, {'exam_chance': 'Evaluatie(s) voor de eerste examenkans', 'moment': 'eerste examenperiode binnen examenrooster', 'form': 'Werkstuk', 'percentage': '20,00', 'remark': ''}, {'exam_chance': 'Evaluatie(s) voor de eerste examenkans', 'moment': 'eerste examenperiode buiten examenrooster', 'form': 'Werkstuk', 'percentage': '30,00', 'remark': ''}, {'exam_chance': 'Evaluatie(s) voor de tweede examenkans', 'moment': 'derde examenperiode binnen examenrooster', 'form': 'Mondeling', 'percentage': '50,00', 'remark': ''}, {'exam_chance': 'Evaluatie(s) voor de tweede examenkans', 'moment': 'derde examenperiode binnen examenrooster', 'form': 'Werkstuk', 'percentage': '50,00', 'remark': ''}]","Als een opdracht te laat wordt ingeleverd, maar minder dan 24 uur na de deadline, wordt 1/3 van de punten afgetrokken. Na 24 uur te laat ingeleverd te hebben, wordt een 0 toegekend voor deze opdracht.","Contacttraject Cross Media Design","https://bamaflexweb.arteveldehs.be/BMFUIDetailxOLOD.aspx?a=232500&b=1&c=1"
"Media Ethics","2026-27","Bachelor in de grafische en digitale media","","3","3 studiepunten","81,00 uren","01.11.2026 (georganiseerd in semester 1)","op 20 (tot op een geheel getal)","wel","","Nederlands","5","<div class=""clearfix""><p>In dit vak worden volgende thema's aangereikt en uitgediept:</p>
<ul>
<li>Religie, zingeving en levensbeschouwing: toelichting bij de drie begrippen.</li>
<li>Leven in een pluralistische samenleving: eigen positiebepaling</li>
<li>De rol van communicatie, journalistiek &amp; media: (interlevensbeschouwelijke) dialoog? Polarisering? Dialoog in de polarisering?</li>
<li>Ethische dilemma's ivm communicatie, media &amp; levensbeschouwing: analyseren, presenteren.</li>
<li>Debat aangaan omtrent ethische dilemma's en zingevingsvragen.</li>
<li>Inspiratiebronnen verkennen voor een zinvol leven en ethisch handelen.</li>
</ul></div>","[{'code': 'GDM/2022-23/0607', 'description': 'De student kan overtuigend en professioneel communiceren omtrent een professioneel gebonden thema, schriftelijk en/of mondeling.', 'level': 'Leerdoel Verdiepend-Verbredend', 'category': 'BG'}, {'code': 'GDM/2022-23/0802', 'description': 'De student kan kritisch reflecteren op ethische, deontologische en duurzaamheidsgerelateerde kwesties binnen het vakgebied.', 'level': 'Leerdoel Verdiepend-Verbredend', 'category': 'ALG'}, {'code': 'GDM/2022-23/0803', 'description': 'De student kan vanuit een ethisch standpunt kritisch reflecteren op nieuwe technologieën, innovatieve modellen en designtrends.', 'level': 'Leerdoel Verdiepend-Verbredend', 'category': 'ALG'}]","[]","[]","Zie Canvas.","[{'exam_chance': 'Evaluatie(s) voor de eerste examenkans', 'moment': 'eerste examenperiode binnen examenrooster', 'form': 'Mondeling', 'percentage': '60,00', 'remark': 'De student dient zijn portfolio in ter voorbereiding van het examen op moment van deadline in het uurrooster.'}, {'exam_chance': 'Evaluatie(s) voor de eerste examenkans', 'moment': 'eerste examenperiode buiten examenrooster', 'form': 'Mondeling', 'percentage': '30,00', 'remark': ''}, {'exam_chance': 'Evaluatie(s) voor de eerste examenkans', 'moment': 'eerste examenperiode buiten examenrooster', 'form': 'Rapporten', 'percentage': '10,00', 'remark': ''}, {'exam_chance': 'Evaluatie(s) voor de tweede examenkans', 'moment': 'derde examenperiode binnen examenrooster', 'form': 'Mondeling', 'percentage': '100,00', 'remark': ''}]","Bij te laat indienen van een opdracht, maar minder dan 24 uur na de deadline, wordt 1/3 van de punten afgetrokken. Na 24u te laat indienen, zal een nul worden toegekend aan deze opdracht.","Contacttraject Cross Media Design","https://bamaflexweb.arteveldehs.be/BMFUIDetailxOLOD.aspx?a=230953&b=1&c=1"
"Creative Business Essentials","2026-27","Bachelor in de grafische en digitale media","","1","5 studiepunten","138,00 uren","15.03.2027 (georganiseerd in semester 2)","op 20 (tot op een geheel getal)","wel","De Canck Inge, De Laender Annick, Vandenberghe Peter, Vanhees Rob","Nederlands","2","<div class=""clearfix""><p><strong>Creative Business Essentials </strong> bestaat uit 4 onderdelen:</p>
<p><span style=""text-decoration: underline;"">Sectoranalyse</span></p>
<ul>
<li>Kennis maken met de sector door inzichten te krijgen in het landschap van de grafische en digitale mediasector waardoor je je kan oriënteren binnen de verschillende disciplines. </li>
<li>Introductie personal branding en portfolio.</li>
<li>Aanmaak van LinkedIn-profiel.</li>
</ul>
<p><span style=""text-decoration: underline;"">Economie voor de creatieve sector</span></p>
<ul>
<li>Verwerven van economisch inzicht als videograaf, webdesigner, print expert, grafisch vormgever … om bedrijven te evalueren, beleidsbeslissingen te nemen en projecten te kunnen budgetteren en managen. </li>
<li>Basiskennis boekhoudkundige verplichtingen, factuur aanmaken.</li>
</ul>
<p><span style=""text-decoration: underline;"">Marketing</span> </p>
<ul>
<li>
    Inleiding tot het basisreferentiekader van marketing, essentieel voor het ontwikkelen van campagnes en grafische of digitale mediaproducten voor opdrachtgevers.</li>
<li>Verwerven van basiskennis en vertrouwd raken met kernbegrippen en terminologie, met focus op de praktische toepassing van de leerstof.</li>
</ul>
<p>
 </p>
<p><span style=""text-decoration: underline;"">Juridisch en ethisch kader </span></p>
<ul>
<li>
    Bij de ontwikkeling van een mediaproduct rekening houden met het correcte wettelijk kader alsook de afspraken binnen de sector kunnen interpreteren. Door de grenzen te kennen bij het gebruik van media (grafisch, audio, foto, video,...) materiaal behoud je als professional de beroepsethiek en kan je juist refereren bij het gebruik van niet eigen materiaal. </li>
<li>Heeft inzicht in de formaliteiten en in de keuze van de ondernemingsvorm bij de opstart van een onderneming.</li>
</ul></div>","[{'code': 'GDM/0101', 'description': 'De student kent het belang van marketingkennis in de media- en creatieve sector.', 'level': 'Leerdoel Elementair', 'category': 'BS'}, {'code': 'GDM/0102', 'description': 'De student begrijpt de basisprincipes en - concepten van marketing.', 'level': 'Leerdoel Elementair', 'category': 'BS'}, {'code': 'GDM/0103', 'description': 'De student heeft  inzicht in marketingstrategieën.', 'level': 'Leerdoel Elementair', 'category': 'BS'}, {'code': 'GDM/0105', 'description': 'De student heeft inzicht in de manier waarop marktanalysegegevens gebruikt worden om markttrends en consumentengedrag te begrijpen.', 'level': 'Leerdoel Elementair', 'category': 'BS'}, {'code': 'GDM/0505', 'description': 'De student kent de belangrijkste bronnen om op de hoogte te blijven van ontwikkelingen, innovaties en trends die zich afspelen in de grafische, creatieve en mediasector.', 'level': 'Leerdoel Elementair', 'category': 'BG'}, {'code': 'GDM/0516', 'description': 'De student begrijpt het doel en de waarde van een portfolio, personal branding en online aanwezigheid in de zoektocht naar werk.', 'level': 'Leerdoel Elementair', 'category': 'BG'}, {'code': 'GDM/0517', 'description': 'De student kan uitleggen wat personal branding is, waarom het belangrijk is voor de zichtbaarheid van een creatief professional, en hoe dit in het portfolio en sociale media geïntegreerd kan worden.', 'level': 'Leerdoel Elementair', 'category': 'BG'}, {'code': 'GDM/0518', 'description': 'De student begrijpt hoe visuele branding, zoals logo, typografie en kleurgebruik, kan bijdragen aan een consistente en professionele uitstraling van het portfolio en de sociale mediakanalen.', 'level': 'Leerdoel Elementair', 'category': 'BG'}, {'code': 'GDM/0519', 'description': 'De student begrijpt het belang van storytelling en gebruikt het om zijn/haar werk en persoonlijke merk op een overtuigende manier te presenteren, zowel in het portfolio als op sociale mediakanalen.', 'level': 'Leerdoel Elementair', 'category': 'BG'}, {'code': 'GDM/0701', 'description': 'De student kent de verschillende functieprofielen in de creatieve sector en hun verhouding tot elkaar.', 'level': 'Leerdoel Elementair', 'category': 'ALG'}, {'code': 'GDM/0802', 'description': 'De student kent de belangrijkste stakeholders van de grafische, creatieve mediasector en hun relevantie.', 'level': 'Leerdoel Elementair', 'category': 'BG'}, {'code': 'GDM/0803', 'description': 'De student begrijpt de basisprincipes van kostenbeheersing, cashflow en investeringen van een KMO in de creatieve sector en heeft inzicht in wat een financieel gezond bedrijf is.', 'level': 'Leerdoel Elementair', 'category': 'ALG'}, {'code': 'GDM/0805', 'description': 'De student kent bedrijfsmodellen en kan deze invullen om nieuwe organisaties/producten in de creatieve sector in kaart te brengen.', 'level': 'Leerdoel Elementair', 'category': 'ALG'}, {'code': 'GDM/0806', 'description': 'De student begrijpt de mechanismen die in een creatief bedrijf gebruikt worden om een werknemer te beoordelen.', 'level': 'Leerdoel Elementair', 'category': 'ALG'}, {'code': 'GDM/0808', 'description': 'De student heeft inzicht in de wetgeving en de gedragscodes waarmee hij in het creatieproces van mediaproducten moet rekening houden en herkent overtredingen hiertegen.', 'level': 'Leerdoel Elementair', 'category': 'ALG'}, {'code': 'GDM/0809', 'description': 'De student heeft inzicht in de regelgeving rond vertrouwelijkheid en integriteit van gegevens (m.n. privacy).', 'level': 'Leerdoel Elementair', 'category': 'ALG'}]","[]","[]","Zie Canvas.","[{'exam_chance': 'Evaluatie(s) voor de eerste examenkans', 'moment': 'tweede examenperiode binnen examenrooster', 'form': 'Schriftelijk', 'percentage': '65,00', 'remark': ''}, {'exam_chance': 'Evaluatie(s) voor de eerste examenkans', 'moment': 'tweede examenperiode buiten examenrooster', 'form': 'Werkstuk', 'percentage': '35,00', 'remark': ''}, {'exam_chance': 'Evaluatie(s) voor de tweede examenkans', 'moment': 'derde examenperiode binnen examenrooster', 'form': 'Schriftelijk', 'percentage': '65,00', 'remark': ''}, {'exam_chance': 'Evaluatie(s) voor de tweede examenkans', 'moment': 'derde examenperiode binnen examenrooster', 'form': 'Werkstuk', 'percentage': '35,00', 'remark': ''}]","Bij te laat indienen van een opdracht, maar minder dan 24 uur na de deadline, wordt 1/3 van de punten afgetrokken. Na 24u te laat indienen, zal een nul worden toegekend voor deze opdracht.","Contacttraject Interactive Media Development","https://bamaflexweb.arteveldehs.be/BMFUIDetailxOLOD.aspx?a=228013&b=1&c=1"
"Design Principles semester 1","2026-27","Bachelor in de grafische en digitale media","","1","4 studiepunten","126,00 uren","01.11.2026 (georganiseerd in semester 1)","op 20 (tot op een geheel getal)","wel","Taalvak:","Engels","1","<div class=""clearfix"">- Belangrijkste kunst- en design-stromingen en hun relevantie voor hedendaags ontwerp.<br/>
- Communicatiepsychologie voor verschillende media.<br/>
- Design Principes en hun toepassingen in verschillende media.<br/>
- Typografie (Anatomie van letters, gebruik van fonts in diverse media, basics in lay-out for motion)<br/>
- Universal design (Accessible, Usable, Inclusive) in het ontwerpen van media.</div>","[{'code': 'GDM/0201', 'description': 'De student begrijpt de basistechnieken van creatief denken.', 'level': 'Leerdoel Elementair', 'category': 'BS'}, {'code': 'GDM/0202', 'description': 'De student heeft inzicht in de principes van multimediale communicatie en het betreffende vakjargon.', 'level': 'Leerdoel Elementair', 'category': 'BS'}, {'code': 'GDM/0203', 'description': 'De student kent de culturele en historische achtergrond van hedendaagse visuele communicatie.', 'level': 'Leerdoel Elementair', 'category': 'BS'}, {'code': 'GDM/0204', 'description': 'De student heeft een goed begrip van design principes en hun toepassingen binnen de verschillende visuele communicatie disciplines', 'level': 'Leerdoel Elementair', 'category': 'BS'}, {'code': 'GDM/0811', 'description': 'De student heeft inzicht in de principes van Universal Design zoals toegankelijkheid, bruikbaarheid, inclusie en flexibiliteit voor het ontwerpen van mediaproducten.', 'level': 'Leerdoel Elementair', 'category': 'ALG'}]","[]","[]","","[{'exam_chance': 'Evaluatie(s) voor de eerste examenkans', 'moment': 'eerste examenperiode binnen examenrooster', 'form': 'Schriftelijk', 'percentage': '75,00', 'remark': ''}, {'exam_chance': 'Evaluatie(s) voor de eerste examenkans', 'moment': 'eerste examenperiode buiten examenrooster', 'form': 'Schriftelijk', 'percentage': '25,00', 'remark': 'Vooruitgeschoven examen'}, {'exam_chance': 'Evaluatie(s) voor de tweede examenkans', 'moment': 'derde examenperiode binnen examenrooster', 'form': 'Schriftelijk', 'percentage': '100,00', 'remark': ''}]","Schriftelijk examen Het vak wordt geëvalueerd met een vooruitgeschoven examen en een eindexamen aan het einde van het semester. Beide examens bestaan uit meerkeuzevragen met vier antwoordmogelijkheden, waarbij telkens één antwoord correct is. Er wordt geen cesuur toegepast op het examen. Het vooruitgeschoven examen telt mee voor 25% van het totaal. Het eindexamen telt mee voor 75% van het totaal. De leerstof van het vooruitgeschoven examen wordt niet hernomen voor het eindexamen. De student kan kiezen om het examen in het Engels of het Nederlands af te leggen.","Contacttraject Interactive Media Development","https://bamaflexweb.arteveldehs.be/BMFUIDetailxOLOD.aspx?a=228322&b=1&c=1"
"Design Research","2026-27","Bachelor in de grafische en digitale media","","1","5 studiepunten","140,00 uren","15.03.2027 (georganiseerd in semester 2)","op 20 (tot op een geheel getal)","wel","Kopatz Janine, Lowagie Jelle, Vanderweeën Benedikte, Verzele Els","Nederlands","2","<div class=""clearfix"">
- De relevantie van onderzoek, specifiek binnen design en media<br/>
- Onderzoeksmethodologie (formuleren onderzoeksvraag, kwantitatief vs. kwalitatief, onderzoeksmethoden, ...)<br/>
- De fasen en bijbehorende methoden binnen een Design Thinking-onderzoek<br/>
- Op elementair niveau zelf een onderzoek opzetten om informatie te vergaren, via bronnen of via eigen onderzoeksactiviteiten<br/>
<ul></ul>
<br class=""t-last-br""/>
<div data-extension-version=""1.0.4"" id=""ConnectiveDocSignExtentionInstalled""> </div></div>","[{'code': 'GDM/0401', 'description': 'De student kent het nut van onderzoek voor een designer, en snapt hoe\\xa0onderzoeksconclusies\\xa0een impact kunnen hebben op (het ontwerp van) een mediaproduct.', 'level': 'Leerdoel Elementair', 'category': 'BG'}, {'code': 'GDM/0402', 'description': ""De student kent het proces van 'design thinking' en kent de verschillende fasen."", 'level': 'Leerdoel Elementair', 'category': 'BG'}, {'code': 'GDM/0403', 'description': ""De student kent het verschil tussen een complexe ('wicked') vraag en een enkelvoudige design- of ontwikkelvraag."", 'level': 'Leerdoel Elementair', 'category': 'BG'}, {'code': 'GDM/0404', 'description': ""De student kan een afgebakende onderzoeksvraag formuleren, vooral in functie van 'design thinking'."", 'level': 'Leerdoel Elementair', 'category': 'BG'}, {'code': 'GDM/0406', 'description': 'De student kent verschillende typen van onderzoeksmethoden, met de toepassingen en voor- en nadelen, voor probleemdefinitie (discover &\\xa0define).', 'level': 'Leerdoel Elementair', 'category': 'BG'}, {'code': 'GDM/0407', 'description': 'De student kent verschillende typen van onderzoeksmethoden, met de toepassingen en voor- en nadelen, voor idee-generatie (ideation).', 'level': 'Leerdoel Elementair', 'category': 'BG'}, {'code': 'GDM/0408', 'description': ""De student kan deze verschillende typen van onderzoeksmethoden koppelen aan fasen in het 'design thinking'-proces."", 'level': 'Leerdoel Elementair', 'category': 'BG'}, {'code': 'GDM/0409', 'description': 'De student heeft de kennis en vaardigheden om op elementair niveau informatie te vergaren, via bronnen of via eigen onderzoeksactiviteiten.', 'level': 'Leerdoel Elementair', 'category': 'BG'}]","[]","[]","Zie Canvas.","[{'exam_chance': 'Evaluatie(s) voor de eerste examenkans', 'moment': 'tweede examenperiode binnen examenrooster', 'form': 'Schriftelijk', 'percentage': '70,00', 'remark': ''}, {'exam_chance': 'Evaluatie(s) voor de eerste examenkans', 'moment': 'tweede examenperiode buiten examenrooster', 'form': 'Werkstuk', 'percentage': '30,00', 'remark': ''}, {'exam_chance': 'Evaluatie(s) voor de tweede examenkans', 'moment': 'derde examenperiode binnen examenrooster', 'form': 'Schriftelijk', 'percentage': '100,00', 'remark': ''}]","Bij te laat indienen van een opdracht, maar minder dan 24 uur na de deadline, wordt 1/3 van de punten afgetrokken. Na 24 uur te laat indienen, zal een nul worden toegekend aan deze opdracht.","Contacttraject Interactive Media Development","https://bamaflexweb.arteveldehs.be/BMFUIDetailxOLOD.aspx?a=228092&b=1&c=1"
"Development 1: Programming","2026-27","Bachelor in de grafische en digitale media","","1","5 studiepunten","137,50 uren","01.11.2026 (georganiseerd in semester 1)","op 20 (tot op een geheel getal)","wel","Rutsaert Evelien, Vandenberghe Peter","Nederlands","1","<div class=""clearfix""><ul>
<li>Je leert de CLI kennen.</li>
<li>Je leert de concepten van programmeren in JavaScript.</li>
<li>Je leert de JS essentials met Node.</li>
<li>Je programmeert hand in hand met artificiële intelligentie</li>
<li>Je leert hoe je de vertaalslag kan maken naar andere programmeertalen</li>
</ul></div>","[{'code': 'GDM/0326', 'description': 'De student implementeert een media-applicatie met behulp van bestaande platformen, programmeertalen, frameworks, en/of tools.', 'level': 'Leerdoel Verdiepend-Verbredend', 'category': 'BS'}, {'code': 'GDM/0329', 'description': ""De student kan testscenario's opstellen om het ontwerp, de werking en de functionaliteit van een media-applicatie na te gaan te inspecteren."", 'level': 'Leerdoel Verdiepend-Verbredend', 'category': 'BS'}]","[]","[]","Zie Canvas.","[{'exam_chance': 'Evaluatie(s) voor de eerste examenkans', 'moment': 'eerste examenperiode binnen examenrooster', 'form': 'Schriftelijk', 'percentage': '60,00', 'remark': ''}, {'exam_chance': 'Evaluatie(s) voor de eerste examenkans', 'moment': 'eerste examenperiode buiten examenrooster', 'form': 'Werkstuk', 'percentage': '40,00', 'remark': ''}, {'exam_chance': 'Evaluatie(s) voor de tweede examenkans', 'moment': 'derde examenperiode binnen examenrooster', 'form': 'Schriftelijk', 'percentage': '100,00', 'remark': ''}]","Schriftelijk examen (60%) Het schriftelijk examen op het einde van het semester staat op 60% van de punten en betreft een schriftelijk examen waarbij een praktische opdracht op eigen laptop wordt uitgevoerd. Werkstuk (40%) Tijdens de lessen worden er challenges en rushopdrachten gegeven (briefing begin van de les - indienen einde van de les). Deze worden vooraf niet aangekondigd. Bij gewettigde afwezigheid kan de student dit inhalen.","Contacttraject Interactive Media Development","https://bamaflexweb.arteveldehs.be/BMFUIDetailxOLOD.aspx?a=229224&b=1&c=1"
"Development 2: Applications","2026-27","Bachelor in de grafische en digitale media","","1","5 studiepunten","138,00 uren","15.03.2027 (georganiseerd in semester 2)","op 20 (tot op een geheel getal)","wel","De Weirdt Dieter","Nederlands","2","<div class=""clearfix""><p><strong>Algemeen</strong></p>
<ul>
<li><strong> </strong>JavaScript herhaling en advanced</li>
<li>Introductie tot TypeScript</li>
<li>Node Package Manager (npm)</li>
<li>Source Code Management met Git en GitHub</li>
<li>Deployment (bv. Vercel, Heroku, …)<br/>
<br/>
</li>
</ul>
<p><strong> </strong><strong>Back-end</strong></p>
<ul>
<li>Ontwikkelen van API’s binnen Node (Express)</li>
<li>Architectuur (optioneel ahv framework)</li>
<li>Communicatie met database (Object Relational Mapping)</li>
<li>Data validatie</li>
<li>Authenticatie en autorisatie</li>
</ul>
<p><strong> </strong></p>
<p><strong>Front-end</strong></p>
<ul>
<li>Consumeren van data (CRUD) uit server-side API's via fetch methode</li>
<li>Asynchroon Programmeren</li>
<li>Single Page Application</li>
</ul></div>","[{'code': 'GDM/0210', 'description': 'De student houdt rekening met de doelgroep, het doel en de boodschap van het mediaproduct bij het vormgeven van het concept.', 'level': 'Leerdoel', 'category': 'BS'}, {'code': 'GDM/0211', 'description': 'De student kan een complexe vraag analyseren, vereenvoudigen en vertalen naar visuele output (denk aan opdrachten zoals stappenplan, handleiding, infografiek, scenario,…)', 'level': 'Leerdoel', 'category': 'BS'}, {'code': 'GDM/0326', 'description': 'De student implementeert een media-applicatie met behulp van bestaande platformen, programmeertalen, frameworks, en/of tools.', 'level': 'Leerdoel Verdiepend-Verbredend', 'category': 'BS'}, {'code': 'GDM/0329', 'description': ""De student kan testscenario's opstellen om het ontwerp, de werking en de functionaliteit van een media-applicatie na te gaan te inspecteren."", 'level': 'Leerdoel Verdiepend-Verbredend', 'category': 'BS'}, {'code': 'GDM/0330', 'description': 'De student schrijft gestructureerde code met kwalitatieve documentatie voor een media-applicatie.', 'level': 'Leerdoel Verdiepend-Verbredend', 'category': 'BS'}, {'code': 'GDM/0331', 'description': 'De student past verschillende technieken uit de computerwetenschappen en software engineering toe die gebruikt worden om een media-applicatie te ontwikkelen.', 'level': 'Leerdoel Verdiepend-Verbredend', 'category': 'BS'}, {'code': 'GDM/0333', 'description': 'De student heeft inzicht in het beheer van data en het gebruik ervan in een geautomatiseerde crossmediale informatiestroom.', 'level': 'Leerdoel Verdiepend-Verbredend', 'category': 'BS'}]","[]","[]","Zie Canvas.","[{'exam_chance': 'Evaluatie(s) voor de eerste examenkans', 'moment': 'tweede examenperiode binnen examenrooster', 'form': 'Mondeling', 'percentage': '30,00', 'remark': ''}, {'exam_chance': 'Evaluatie(s) voor de eerste examenkans', 'moment': 'tweede examenperiode binnen examenrooster', 'form': 'Werkstuk', 'percentage': '40,00', 'remark': ''}, {'exam_chance': 'Evaluatie(s) voor de eerste examenkans', 'moment': 'tweede examenperiode buiten examenrooster', 'form': 'Werkstuk permanente evaluatie (Permanente evaluatie)', 'percentage': '30,00', 'remark': ''}, {'exam_chance': 'Evaluatie(s) voor de tweede examenkans', 'moment': 'derde examenperiode binnen examenrooster', 'form': 'Mondeling', 'percentage': '40,00', 'remark': ''}, {'exam_chance': 'Evaluatie(s) voor de tweede examenkans', 'moment': 'derde examenperiode binnen examenrooster', 'form': 'Werkstuk', 'percentage': '60,00', 'remark': ''}]","De evaluatie bestaat uit meerdere werkstukken, meer info in de canvas cursus. De eindevaluatie bestaat ook uit het mondeling examen van het werkstuk Bij te laat indienen van een opdracht, maar minder dan 24 uur na de deadline, wordt 1/3 van de punten afgetrokken. Na 24u te laat indienen, zal een 0 worden toegekend voor deze opdracht.","Contacttraject Interactive Media Development","https://bamaflexweb.arteveldehs.be/BMFUIDetailxOLOD.aspx?a=230573&b=1&c=1"
"Illustrator semester 1","2026-27","Bachelor in de grafische en digitale media","","1","3 studiepunten","83,00 uren","01.11.2026 (georganiseerd in semester 1)","op 20 (tot op een geheel getal)","wel","Duytschaever Tineke, Hemelsoet Ingrid, Langeraert Pieter, Vande Populiere Eva","Nederlands","1","<div class=""clearfix""><p>Software pakket Adobe Illustrator:</p>
<ul>
<li>Werken met documenten</li>
<li>Basishandelingen</li>
<li>Basisvormen en actieve vormen</li>
<li>Vormen combineren</li>
<li>Laagorganisatie en tekengebieden</li>
<li>Objecten kleuren</li>
<li>Objecten transformeren</li>
<li>Paden tekenen en bewerken</li>
<li>Maskers</li>
<li>Objecten positioneren met grid, hulplijnen, transformatiepalet</li>
<li>Vormkenmerken</li>
<li>Effecten en vervormingen</li>
</ul>
<p>
Georganiseerde files kunnen aanleveren die op efficiënte manier altijd aanpasbaar zijn volgens de wensen van de klant. </p>
</div>","[{'code': 'GDM/0316', 'description': 'De student kan op een vakkundige en efficiënte wijze een goed georganiseerd en correct opgebouwde digitaal ontwerp opmaken in Illustrator.', 'level': 'Leerdoel Verdiepend-Verbredend', 'category': 'BS'}]","[]","[]","Dit olod wordt gegeven in een combinatie van praktijklessen, zelfstandig leren en opdrachten met permanente evaluatie. De student neemt tijdens de voorbereiding, studie, onderzoek en uitvoering het initiatief tot feedback. Zie ook de studiewijzer in Canvas.","[{'exam_chance': 'Evaluatie(s) voor de eerste examenkans', 'moment': 'eerste examenperiode binnen examenrooster', 'form': 'Schriftelijk', 'percentage': '75,00', 'remark': ''}, {'exam_chance': 'Evaluatie(s) voor de eerste examenkans', 'moment': 'eerste examenperiode buiten examenrooster', 'form': 'Werkstuk permanente evaluatie (Permanente evaluatie)', 'percentage': '25,00', 'remark': ''}, {'exam_chance': 'Evaluatie(s) voor de tweede examenkans', 'moment': 'derde examenperiode binnen examenrooster', 'form': 'Schriftelijk', 'percentage': '100,00', 'remark': ''}]","Bij te laat indienen van een opdracht, maar minder dan 24 uur na de deadline, wordt 1/3 van de punten afgetrokken. Na 24u te laat indienen, zal een nul worden toegekend aan deze opdracht. De eerste examenkans bestaat voor 25% evaluatie van de opdrachten gedurende het semester en 75% uit examenopdracht op eigen laptop op de campus. De tweede examenkans bestaat uit een examenopdracht (100%) op de campus tijdens de examenperiode op eigen laptop.","Contacttraject Interactive Media Development","https://bamaflexweb.arteveldehs.be/BMFUIDetailxOLOD.aspx?a=230587&b=1&c=1"
"Media Technology","2026-27","Bachelor in de grafische en digitale media","","1","5 studiepunten","139,00 uren","01.11.2026 (georganiseerd in semester 1)","op 20 (tot op een geheel getal)","wel","Pas Jens","Nederlands","1","<div class=""clearfix""><p>Het vak Mediatechnologie biedt een brede en fundamentele inleiding in de technologische bouwstenen van hedendaagse media. Studenten verwerven een helder overzicht van hoe verschillende mediatechnologieën functioneren en hoe ze complementair samenwerken binnen mediaproductie en -gebruik. De cursus focust op inzicht in onderliggende principes en systemen. </p>
<p>
Door deze brede benadering ontwikkelen studenten een geïntegreerd begrip van beeld, geluid, drukwerk en digitale media, wat hen toelaat om verbanden te leggen tussen verschillende technologieën en beter onderbouwde keuzes te maken in hun verdere opleiding en praktijk.</p>
<p>Belangrijkste onderdelen van de cursus:<br/>
•	Inleiding tot mediatechnologie en haar toepassingsdomeinen<br/>
•	Basisprincipes van elektriciteit als fundament voor technologie<br/>
•	ICT-basiskennis: hardware, opslag, netwerken en systeemarchitecturen<br/>
•	Digitale representatie van informatie (beeld en geluid)<br/>
•	Printtechnologie en drukprocessen<br/>
•	3D-technologie: modeling, scanning, printing en animatie<br/>
•	Immersieve media: AR, VR en XR<br/>
•	Bestandsformaten, compressie en opslagmedia<br/>
•	Videotechnologie: beeldvorming, compressie en distributie<br/>
•	Audiotechnologie: opname, signaalverwerking en digitalisering<br/>
•	Distributie van media (o.a. streaming en narrowcasting)<br/>
• Introductie in Artificiële Intelligentie</p>
<br/><br/>
<br/><br/>
</div>","[{'code': 'GDM/0301', 'description': 'De student kent de toepassingen, materialen en productiemethoden van verschillende 3D-toepassingen.', 'level': 'Leerdoel Elementair', 'category': 'BS'}, {'code': 'GDM/0302', 'description': 'De student kent de verschillende fasen van een 3D- productieproces.', 'level': 'Leerdoel Elementair', 'category': 'BS'}, {'code': 'GDM/0303', 'description': 'De student kent en begrijpt de terminologie en werking van audiovisuele technologie.', 'level': 'Leerdoel Elementair', 'category': 'BS'}, {'code': 'GDM/0304', 'description': 'De student kent en begrijpt de terminologie en werking van printtechnologie.', 'level': 'Leerdoel Elementair', 'category': 'BS'}, {'code': 'GDM/0305', 'description': 'De student heeft inzciht in de verschillende fasen van een printproductieproces: prepress, press en postpress.', 'level': 'Leerdoel Elementair', 'category': 'BS'}, {'code': 'GDM/0307', 'description': 'De student kent de toepassingen, materialen en productiemethoden van verschillende printtoepassingen.', 'level': 'Leerdoel Elementair', 'category': 'BS'}, {'code': 'GDM/0308', 'description': 'De student kent en begrijpt de terminologie en werking van computer- en internet technologie.', 'level': 'Leerdoel Elementair', 'category': 'BS'}, {'code': 'GDM/0399996', 'description': 'De student kan de basisprincipes, werk¬processen en toepassings¬mogelijkheden van hedendaagse AI systemen helder toelichten.', 'level': 'Leerdoel Verdiepend-Verbredend', 'category': 'BS'}]","[]","[]","De onderwijsorganisatie betreft hoorcollege's die op de campus worden georganiseerd. Details over de structuur van de college's en de onderwerpen vind je terug in de studiewijzer op Canvas.","[{'exam_chance': 'Evaluatie(s) voor de eerste examenkans', 'moment': 'eerste examenperiode binnen examenrooster', 'form': 'Schriftelijk', 'percentage': '75,00', 'remark': ''}, {'exam_chance': 'Evaluatie(s) voor de eerste examenkans', 'moment': 'eerste examenperiode buiten examenrooster', 'form': 'Schriftelijk', 'percentage': '25,00', 'remark': 'Vooruitgeschoven examen na de herfstperiode'}, {'exam_chance': 'Evaluatie(s) voor de tweede examenkans', 'moment': 'derde examenperiode binnen examenrooster', 'form': 'Schriftelijk', 'percentage': '100,00', 'remark': ''}]","Schriftelijk examen Het vak wordt geëvalueerd met een vooruitgeschoven examen en een eindexamen aan het einde van het semester. Beide examens bestaan uit meerkeuzevragen met vier antwoordmogelijkheden, waarbij telkens één antwoord correct is. Er wordt geen cesuur toegepast op het examen. Het vooruitgeschoven examen telt mee voor 25% van het totaal. Het eindexamen telt mee voor 75% van het totaal. De leerstof van het vooruitgeschoven examen wordt niet hernomen voor het eindexamen.","Contacttraject Interactive Media Development","https://bamaflexweb.arteveldehs.be/BMFUIDetailxOLOD.aspx?a=228780&b=1&c=1"
"Photoshop semester 1","2026-27","Bachelor in de grafische en digitale media","","1","3 studiepunten","83,00 uren","01.11.2026 (georganiseerd in semester 1)","op 20 (tot op een geheel getal)","wel","Duytschaever Tineke, Hemelsoet Ingrid, Langeraert Pieter, Snels Merel, Vanderweeën Benedikte","Nederlands","1","<div class=""clearfix""><p>Software pakket Photoshop, <strong>beeldbewerking op niet-destructieve manier</strong> (=met behoud van originele beelddata)</p>
<p>
De volgende inhouden komen aan bod:</p>
<ul>
<li>Beeldopbouw en canvasbeheer</li>
<li>Werken met lagen en laagstructuren</li>
<li>Gebruik van aanpassingslagen en laagstijlen</li>
<li>Slimme objecten en slimme filters</li>
<li>Creatieve toepassing van effecten met behoud van originele beelddata</li>
<li>Selectie- en maskertechnieken</li>
<li>Selecties maken, bewerken, bewaren en opnieuw gebruiken</li>
<li>Vrijstellen van beelden via laagmaskers en vectormaskers</li>
<li>Precisiewerk met paden en vormlagen</li>
<li>Dupliceer- en retoucheertechnieken</li>
<li>Gebruik van teken- en bewerkingstools</li>
<li>Toepassen van generatieve AI in Photoshop (bv. Generative Fill)</li>
</ul>
<p>Het doel is om een eenvoudige en <strong>geloofwaardige montage </strong>te kunnen maken:</p>
<ul>
<li>montage op niet-destructieve wijze</li>
<li>met toevoeging van <strong>schaduwen, blend, lichtinval en colourgrading </strong>toe te voegen, allemaal op<strong> niet-destructieve wijze.</strong></li>
</ul>
<br/><br/>
<ul>
</ul></div>","[{'code': 'GDM/0317', 'description': 'De student kan op een vakkundige en efficiënte wijze een goed georganiseerd en correct opgebouwde digitaal ontwerp opmaken in Photoshop.', 'level': 'Leerdoel Verdiepend-Verbredend', 'category': 'BS'}]","[]","[]","Dit olod wordt gegeven in een combinatie van praktijklessen, zelfstandig leren en opdrachten met permanente evaluatie. De student neemt tijdens de voorbereiding, studie, onderzoek en uitvoering het initiatief tot feedback. Zie ook de studiewijzer in Canvas.","[{'exam_chance': 'Evaluatie(s) voor de eerste examenkans', 'moment': 'eerste examenperiode binnen examenrooster', 'form': 'Schriftelijk', 'percentage': '75,00', 'remark': ''}, {'exam_chance': 'Evaluatie(s) voor de eerste examenkans', 'moment': 'eerste examenperiode buiten examenrooster', 'form': 'Werkstuk permanente evaluatie (Permanente evaluatie)', 'percentage': '25,00', 'remark': ''}, {'exam_chance': 'Evaluatie(s) voor de tweede examenkans', 'moment': 'derde examenperiode binnen examenrooster', 'form': 'Werkstuk', 'percentage': '100,00', 'remark': ''}]","Bij te laat indienen van een opdracht, maar minder dan 24 uur na de deadline, wordt 1/3 van de punten afgetrokken. Na 24u te laat indienen, zal een nul worden toegekend aan deze opdracht. De eerste examenkans bestaat voor 25% evaluatie van de opdrachten gedurende het semester en 75% uit examenopdracht op eigen laptop op de campus. De tweede examenkans bestaat uit een examenopdracht (100%) op de campus tijdens de examenperiode op eigen laptop.","Contacttraject Interactive Media Development","https://bamaflexweb.arteveldehs.be/BMFUIDetailxOLOD.aspx?a=230586&b=1&c=1"
"Talent Factory","2026-27","Bachelor in de grafische en digitale media","","1","5 studiepunten","136,00 uren","15.03.2027 (georganiseerd in semester 2)","op 20 (tot op een geheel getal)","wel","De Laender Annick, Hemelsoet Ingrid, Vandenberghe Peter, Vandermarcke Katrien, Van Speybroeck Marjolein","Nederlands","2","<div class=""clearfix""><p>In het opleidingsonderdeel Talent Factory (5 ECTS) van semester 2 gaan we op ontdekkingstocht naar:<br/>
<br/>
<strong>Wie ben IK nu?</strong><br/>
<br/>
Ontdekking van talenten en blinde vlek. Brainstorm over het eigen zijn. Inzetten van hefboomvaardigheden.<br/>
""Wie wil IK worden op het einde van het semester én op langere termijn als media-professional?""<br/>
<br/>
<strong>Goalsetting</strong></p>
<p>""Wat is mijn doelstelling?""; ""Welke subdoelen zijn er?"", ""Wat heb IK nodig om mijn doel te realiseren?""; ""Wat ga IK doen om mijn hiaten aan te vullen?""; ""Wat is mijn plan van aanpak?""</p>
<p>Topics als zelfsturing en oplossingsgericht denken, reflectie, stressmanagement &amp; selfcoaching, assertiviteit, feedback worden behandeld.</p>
<p><strong><br/>
Wie ben IK in een team?</strong><br/>
<br/>
""Hoe zet ik mijn talenten in een team?""</p>
<em>
<br/>
</em>
<br/>
<br/>
<br/>
</div>","[{'code': 'GDM/0501', 'description': 'De student begrijpt het begrip reflectie en erkent het belang van reflectie als middel voor persoonlijke en professionele groei.', 'level': 'Leerdoel Elementair', 'category': 'ALG'}, {'code': 'GDM/0502', 'description': 'De student begrijpt het SMART-acroniem en de betekenis van de verschillende componenten (Specifiek, Meetbaar, Acceptabel, Realistisch, Tijdgebonden).', 'level': 'Leerdoel Elementair', 'category': 'ALG'}, {'code': 'GDM/0503', 'description': 'De student heeft inzicht in eigen waardekader en interesses, herkent zijn eigen motivatie en kan keuzes maken in functie daarvan.', 'level': 'Leerdoel Elementair', 'category': 'ALG'}, {'code': 'GDM/0504', 'description': 'De student kan specifieke en meetbare doelstellingen formuleren voor reflectie op basis van SMART-principes.', 'level': 'Leerdoel Elementair', 'category': 'ALG'}, {'code': 'GDM/0506', 'description': 'De student identificeert en evalueert constructief en objectief de eigen talenten, groeimogelijkheden en valkuilen op persoonlijk vlak en binnen het eigen vakgebied.', 'level': 'Leerdoel Verdiepend-Verbredend', 'category': 'ALG'}, {'code': 'GDM/0507', 'description': 'De student stelt volgens de SMART principes concrete doelen voor verbetering en groei op, op basis van de geïdentificeerde groeimogelijkheden.', 'level': 'Leerdoel Verdiepend-Verbredend', 'category': 'ALG'}, {'code': 'GDM/0601', 'description': 'De student kent het belang van het gebruik van correcte professionele communicatie in het werkveld.', 'level': 'Leerdoel Elementair', 'category': 'BG'}, {'code': 'GDM/0602', 'description': 'De student heeft inzicht in de elementen (verbaal en non-verbaal) en de structuren van een duidelijke en krachtige presentatie.', 'level': 'Leerdoel Elementair', 'category': 'BG'}, {'code': 'GDM/0603', 'description': 'De student heeft in inzicht in verschillende communicatiestijlen die vaak voorkomen in professionele omgevingen.', 'level': 'Leerdoel Elementair', 'category': 'ALG'}, {'code': 'GDM/0604', 'description': 'De student communiceert gefundeerd en gestructureerd over zijn/haar persoonlijke en professionele ontwikkeling op assertieve wijze.', 'level': 'Leerdoel Verdiepend-Verbredend', 'category': 'BG'}, {'code': 'GDM/0702', 'description': 'De student heeft inzicht in de rollen en dynamieken die in een team kunnen voorkomen.', 'level': 'Leerdoel Elementair', 'category': 'BG'}, {'code': 'GDM/0703', 'description': 'De student kent de principes van conflicthantering.', 'level': 'Leerdoel Elementair', 'category': 'BG'}, {'code': 'GDM/0705', 'description': 'De student kent basisstrategieën voor effectieve samenwerking, zoals het stellen van gemeenschappelijke doelen, het verdelen van taken en het geven van constructieve feedback aan teamleden.', 'level': 'Leerdoel Elementair', 'category': 'BS'}]","[]","[]","Dit opleidingsonderdeel is een doordachte combinatie is van online en offline leeractiviteiten. In het kader van dit soort onderwijs bereid je de sessies grondig voor. Tijdens de les is actieve participatie vereist op basis van de gemaakte voorbereiding. Als de voorbereiding onvoldoende is gebeurd, kan de toegang tot de les ontzegd worden totdat de voorbereiding is gemaakt. Aanwezigheid voor dit vak wordt sterk aangeraden, aangezien hier in de sessies coaching en feedback zal gegeven worden. Voor meer info rond de onderwijsorganisatie en planning: zie Canvas.","[{'exam_chance': 'Evaluatie(s) voor de eerste examenkans', 'moment': 'tweede examenperiode buiten examenrooster', 'form': 'Mondeling', 'percentage': '60,00', 'remark': ''}, {'exam_chance': 'Evaluatie(s) voor de eerste examenkans', 'moment': 'tweede examenperiode buiten examenrooster', 'form': 'Rapporten', 'percentage': '40,00', 'remark': ''}, {'exam_chance': 'Evaluatie(s) voor de tweede examenkans', 'moment': 'derde examenperiode binnen examenrooster', 'form': 'Mondeling', 'percentage': '60,00', 'remark': ''}, {'exam_chance': 'Evaluatie(s) voor de tweede examenkans', 'moment': 'derde examenperiode binnen examenrooster', 'form': 'Rapporten', 'percentage': '40,00', 'remark': ''}]","Bij te laat indienen van de opdracht(en), maar minder dan 24 uur na de deadline, wordt 1/3 van de punten afgetrokken. Na 24 uur te laat indienen, zal een nul worden toegekend voor de opdracht(en). Voor meer info rond de evaluatie: zie de studiewijzer terug te vinden op de Canvas cursus van dit vak.","Contacttraject Interactive Media Development","https://bamaflexweb.arteveldehs.be/BMFUIDetailxOLOD.aspx?a=228093&b=1&c=1"
"Technology 1: Internet of Things","2026-27","Bachelor in de grafische en digitale media","","1","5 studiepunten","127,50 uren","01.11.2026 (georganiseerd in semester 1)","op 20 (tot op een geheel getal)","wel","Lambrecht Jannes, Roegiers Frederick","Nederlands","1","<div class=""clearfix""><p><strong><span style=""font-size: 14px;"">Deel 1: Internet of Things (IoT)<br/>
</span></strong></p>
<ul>
<li>Wat is IoT?</li>
<li>Basiscomponenten: sensoren en actuatoren</li>
<li>Voorbeelden en toepassingen van IoT</li>
<li>Netwerken en communicatieprotocollen (zoals MQTT, HTTP, Wi-Fi, Bluetooth)</li>
</ul>
<p><span style=""font-size: 14px;""><strong></strong></span></p>
<p><span style=""font-size: 14px;""><strong>Deel 2: Elektriciteit &amp; Elektronica<br/>
</strong></span></p>
<ul>
<li>Basisbegrippen: spanning, stroom, weerstand, vermogen</li>
<li>Basiscomponenten: weerstanden, LED's, diodes, transistoren, condensatoren, motoren, sensoren</li>
<li>Lezen en begrijpen van eenvoudige elektrische schema's<br/>
<br/>
</li>
</ul>
<p><span style=""font-size: 14px;""><strong>Deel 3: Microcontrollers &amp; Programmeren<br/>
</strong></span></p>
<ul>
<li>Introductie tot microcontrollers en hardware (ESP32, Raspberry Pi)</li>
<li>Basisgebruik van het besturingssysteem (CLI)</li>
<li>Programmeren in Python en C (Arduino, Raspberry Pi)</li>
<li>Introductie tot JavaScript met Node.js (voor eenvoudige IoT-toepassingen)</li>
</ul></div>","[{'code': 'GDM/039991', 'description': 'De student herkent en benoemt de basiscomponenten van een IoT-systeem met fysieke interfaces.', 'level': 'Leerdoel Elementair', 'category': 'BS'}, {'code': 'GDM/039992', 'description': 'De student assembleert eenvoudige elektronische schakelingen en maakt verbindingen tussen hardware en software.', 'level': 'Leerdoel Elementair', 'category': 'BS'}, {'code': 'GDM/039993', 'description': 'De student schrijft eenvoudige code om gegevens in te lezen en uitvoer aan te sturen op basis van invoer.', 'level': 'Leerdoel Elementair', 'category': 'BS'}, {'code': 'GDM/039994', 'description': 'De student gebruikt communicatie tussen apparaten of systemen om gegevens te versturen en ontvangen.', 'level': 'Leerdoel Elementair', 'category': 'BS'}, {'code': 'GDM/039995', 'description': 'De student begrijpt hoe fysieke input wordt vertaald naar digitale output in een interactieve toepassing.', 'level': 'Leerdoel Elementair', 'category': 'BS'}, {'code': 'GDM/039996', 'description': 'De student integreert hardware en software tot een werkend IoT-systeem dat informatie verwerkt en interactie mogelijk maakt.', 'level': 'Leerdoel Verdiepend-Verbredend', 'category': 'BS'}, {'code': 'GDM/039997', 'description': 'De student ontwikkelt door middel van prototyping een functioneel IoT-product dat voldoet aan vooraf gedefinieerde eisen.', 'level': 'Leerdoel Verdiepend-Verbredend', 'category': 'BS'}]","[]","[]","Zie Canvas.","[{'exam_chance': 'Evaluatie(s) voor de eerste examenkans', 'moment': 'eerste examenperiode binnen examenrooster', 'form': 'Mondeling', 'percentage': '20,00', 'remark': ''}, {'exam_chance': 'Evaluatie(s) voor de eerste examenkans', 'moment': 'eerste examenperiode binnen examenrooster', 'form': 'Werkstuk', 'percentage': '40,00', 'remark': ''}, {'exam_chance': 'Evaluatie(s) voor de eerste examenkans', 'moment': 'eerste examenperiode buiten examenrooster', 'form': 'Werkstuk permanente evaluatie (Permanente evaluatie)', 'percentage': '40,00', 'remark': ''}, {'exam_chance': 'Evaluatie(s) voor de tweede examenkans', 'moment': 'derde examenperiode binnen examenrooster', 'form': 'Mondeling', 'percentage': '20,00', 'remark': ''}, {'exam_chance': 'Evaluatie(s) voor de tweede examenkans', 'moment': 'derde examenperiode binnen examenrooster', 'form': 'Werkstuk', 'percentage': '80,00', 'remark': ''}]","Bij te laat indienen van een opdracht, maar minder dan 24 uur na de deadline, wordt 1/3 van de punten afgetrokken. Na 24 uur te laat indienen, zal een nul worden toegekend voor deze opdracht.","Contacttraject Interactive Media Development","https://bamaflexweb.arteveldehs.be/BMFUIDetailxOLOD.aspx?a=228791&b=1&c=1"
"Technology 2: Artificial Intelligence","2026-27","Bachelor in de grafische en digitale media","","1","5 studiepunten","138,00 uren","15.03.2027 (georganiseerd in semester 2)","op 20 (tot op een geheel getal)","wel","De Paepe Tim","Nederlands","2","<div class=""clearfix""><p><strong><span style=""text-decoration: underline;"">Module 1: AI Fundamentals</span></strong></p>
<ul>
<li>De student leert het onderscheid tussen Artificiële Intelligentie, machine learning en deep learning</li>
<li>De student leert hoe algoritmen via supervised, unsupervised en reinforcement learning patronen uit data afleiden.</li>
<li>De student leert de opbouw en werking van neurale netwerken én transformer-architecturen met het attention-mechanisme te verklaren.</li>
<li>De student leert waarom kwalitatieve data en een end-to-end model-levenscyclus (verzameling - training - validatie - inference - monitoring) essentieel zijn voor betrouwbare AI-toepassingen.</li>
<li>De student leert taalmodellen te sturen en uit te breiden via doelgerichte prompt-engineering</li>
<li>De student leert ethische en ecologische randvoorwaarden te evalueren, waaronder de EU AI Act en de CO₂-impact van AI-training en -gebruik.</li>
<li>De student leert de meerwaarde en werking van agent-gebaseerde (Agentic) AI-systemen binnen complexe workflows in te schatten.</li>
</ul>
<p><strong><span style=""text-decoration: underline;"">Module 2: Creative Engineering</span></strong></p>
<ul>
<li>De student leert actuele, closed-source AI-contenttools voor tekst-, audio- en beeld­generatie doelgericht inzetten.</li>
<li>De student leert in een no-code omgeving generatieve pipelines opbouwen en aanpassen.</li>
</ul>
<p><strong><span style=""text-decoration: underline;"">Module 3: Automatiseren met AI</span></strong></p>
<ul>
<li>De student leert agentic AI-workflows ontwerpen en bouwen</li>
</ul></div>","[{'code': 'GDM/0399996', 'description': 'De student kan de basisprincipes, werk¬processen en toepassings¬mogelijkheden van hedendaagse AI systemen helder toelichten.', 'level': 'Leerdoel Elementair', 'category': 'BS'}, {'code': 'GDM/0399997', 'description': 'De student kan met gangbare generatieve AI tools doelgericht experimenteren om tekstuele, visuele of auditieve content te creëren.', 'level': 'Leerdoel Elementair', 'category': 'BS'}, {'code': 'GDM/0399998', 'description': 'De student kan de maatschappelijke, ethische en ecologische implicaties van AI gebruik herkennen en beargumenteren', 'level': 'Leerdoel Elementair', 'category': 'BS'}, {'code': 'GDM/0399999', 'description': 'De student kan agent gebaseerde AI workflows en generatieve pijplijnen configureren, optimaliseren en evalueren.', 'level': 'Leerdoel Elementair', 'category': 'BS'}, {'code': 'GDM/03999991', 'description': 'De student kan een complete AI oplossing ontwerpen en realiseren waarbij technische, creatieve en gebruikersgerichte eisen geïntegreerd zijn.', 'level': 'Leerdoel Verdiepend-Verbredend', 'category': 'BS'}, {'code': 'GDM/03999992', 'description': 'De student kan de kwaliteit, betrouwbaarheid en impact van AI toepassingen kritisch beoordelen en verbeter¬trajecten onderbouwen', 'level': 'Leerdoel Verdiepend-Verbredend', 'category': 'BS'}]","[]","[]","Zie Canvas.","[{'exam_chance': 'Evaluatie(s) voor de eerste examenkans', 'moment': 'tweede examenperiode binnen examenrooster', 'form': 'Werkstuk', 'percentage': '30,00', 'remark': 'Mondelinge verdediging van werkstuk en theoretische toetsing'}, {'exam_chance': 'Evaluatie(s) voor de eerste examenkans', 'moment': 'tweede examenperiode buiten examenrooster', 'form': 'Werkstuk permanente evaluatie (Permanente evaluatie)', 'percentage': '70,00', 'remark': 'Quiz/Toets, praktische tests binnen een bepaalde tijd en wekelijkse opdrachten'}, {'exam_chance': 'Evaluatie(s) voor de tweede examenkans', 'moment': 'derde examenperiode binnen examenrooster', 'form': 'Werkstuk', 'percentage': '100,00', 'remark': 'Mondelinge verdediging van werkstuk en theoretische toetsing'}]","Bij te laat indienen van een opdracht, maar minder dan 24 uur na de deadline, wordt 1/3 van de punten afgetrokken. Na 24 uur te laat indienen, zal een nul worden toegekend voor deze opdracht.","Contacttraject Interactive Media Development","https://bamaflexweb.arteveldehs.be/BMFUIDetailxOLOD.aspx?a=230572&b=1&c=1"
"Web 1: Web Foundations","2026-27","Bachelor in de grafische en digitale media","","1","5 studiepunten","137,50 uren","01.11.2026 (georganiseerd in semester 1)","op 20 (tot op een geheel getal)","wel","De Paepe Tim","Nederlands","1","<div class=""clearfix""><strong>Web Standaarden &amp; codering</strong><br/>
<br/>
- Je leert de web standaarden die layout-engines gebruiken om code om te zetten in bruikbare toepassingen<br/>
- Je leert hoe je de architectuur van een webpagina kan opgebouwd worden aan de hand van HyperText Markup Language (HTML).<br/>
- Je leert hoe je deze HTML architectuur kan gaan visueel vormgeven aan de hand van Cascading Style Sheets (CSS).<br/>
- Je leert toegankelijke statische webpagina’s coderen met HTML en CSS die semantisch-waardevol en responsive zijn.</div>","[{'code': 'GDM/0325', 'description': 'De student bouwt een media-applicatie met behulp van HTML en CSS met gebruik van de juiste syntax en correcte elementen.', 'level': 'Leerdoel Verdiepend-Verbredend', 'category': 'BS'}, {'code': 'GDM/0326', 'description': 'De student implementeert een media-applicatie met behulp van bestaande platformen, programmeertalen, frameworks, en/of tools.', 'level': 'Leerdoel Verdiepend-Verbredend', 'category': 'BS'}]","[]","[]","Zie Canvas.","[{'exam_chance': 'Evaluatie(s) voor de eerste examenkans', 'moment': 'eerste examenperiode binnen examenrooster', 'form': 'Schriftelijk', 'percentage': '40,00', 'remark': ''}, {'exam_chance': 'Evaluatie(s) voor de eerste examenkans', 'moment': 'eerste examenperiode buiten examenrooster', 'form': 'Werkstuk', 'percentage': '60,00', 'remark': ''}, {'exam_chance': 'Evaluatie(s) voor de tweede examenkans', 'moment': 'derde examenperiode binnen examenrooster', 'form': 'Schriftelijk', 'percentage': '100,00', 'remark': ''}]","Schriftelijk examen (40%) Het examen in januari telt mee voor 40% van het totaal, er wordt geëvalueerd op basis van praktische vaardigheden. Richtlijnen met betrekking tot indienen van opdrachten Bij te laat indienen van een opdracht, maar minder dan 24 uur na de deadline, wordt een derde van de punten afgetrokken. Na 24 uur te laat indienen, zal een nul worden toegekend voor deze opdracht.","Contacttraject Interactive Media Development","https://bamaflexweb.arteveldehs.be/BMFUIDetailxOLOD.aspx?a=228180&b=1&c=1"
"Web 2: Future Web","2026-27","Bachelor in de grafische en digitale media","","1","5 studiepunten","137,50 uren","15.03.2027 (georganiseerd in semester 2)","op 20 (tot op een geheel getal)","wel","Glibert Adriaan","Nederlands","2","<div class=""clearfix""><p><strong>Introductie tot UI-Design</strong></p>
<ul>
<li>Principes van UI-design</li>
<li>Analyse van ontwerpen en vertaling naar componenten</li>
<li>Atomic Design</li>
</ul>
<p><strong>Geavanceerde HTML- en CSS-Technieken</strong></p>
<ul>
<li>BEM (Block Element Modifier)</li>
<li>UI-patterns</li>
<li>Nieuwe CSS properties</li>
</ul>
<p><strong>CSS Grid en Geavanceerde Lay-outs</strong></p>
<ul>
<li>Beheersen van CSS Grid</li>
<li>Verdieping in CSS-functionaliteiten</li>
</ul>
<p><strong>Motion Patterns en Animatie</strong></p>
<ul>
<li>Motion patterns</li>
<li>Animatie met CSS en Javascript</li>
</ul>
<p><strong>Frameworks</strong></p>
<ul>
<li>React Framework</li>
<li>Lay-outing in React</li>
<li>Styling van React-applicaties</li>
<li>Architectuur van React-applicaties</li>
</ul>
</div>","[{'code': 'GDM/0209', 'description': 'De student kan de gegenereerde ideeën omzetten in een goed gedefinieerd concept voor het mediaproduct.', 'level': 'Leerdoel Verdiepend-Verbredend', 'category': 'BS'}, {'code': 'GDM/0326', 'description': 'De student implementeert een media-applicatie met behulp van bestaande platformen, programmeertalen, frameworks, en/of tools.', 'level': 'Leerdoel Verdiepend-Verbredend', 'category': 'BS'}, {'code': 'GDM/0327', 'description': 'De student past de verschillende stappen binnen een productieproces toe en maakt de daarbij horende werkdocumenten van een nieuwe media-applicatie op.', 'level': 'Leerdoel Verdiepend-Verbredend', 'category': 'BS'}, {'code': 'GDM/0328', 'description': 'De student ontwerpt en/of implementeert gebruiksvriendelijke, toegankelijke gebruikersinterfaces voor een media-applicatie.', 'level': 'Leerdoel Verdiepend-Verbredend', 'category': 'BS'}, {'code': 'GDM/0329', 'description': ""De student kan testscenario's opstellen om het ontwerp, de werking en de functionaliteit van een media-applicatie na te gaan te inspecteren."", 'level': 'Leerdoel Verdiepend-Verbredend', 'category': 'BS'}, {'code': 'GDM/0330', 'description': 'De student schrijft gestructureerde code met kwalitatieve documentatie voor een media-applicatie.', 'level': 'Leerdoel Verdiepend-Verbredend', 'category': 'BS'}]","[]","[]","Zie Canvas.","[{'exam_chance': 'Evaluatie(s) voor de eerste examenkans', 'moment': 'tweede examenperiode binnen examenrooster', 'form': 'Werkstuk', 'percentage': '30,00', 'remark': 'Mondelinge verdediging van het werkstuk.'}, {'exam_chance': 'Evaluatie(s) voor de eerste examenkans', 'moment': 'tweede examenperiode buiten examenrooster', 'form': 'Werkstuk', 'percentage': '70,00', 'remark': ''}, {'exam_chance': 'Evaluatie(s) voor de tweede examenkans', 'moment': 'derde examenperiode binnen examenrooster', 'form': 'Werkstuk', 'percentage': '100,00', 'remark': ''}]","Bij te laat indienen van een opdracht, maar minder dan 24 uur na de deadline, wordt een derde van de punten afgetrokken. Na 24 uur te laat indienen, zal een nul worden toegekend voor deze opdracht. De peer-assessment is voor sommige werkstukken verplicht, bij niet uitvoeren van de peer-assessment zal je 1/3 van je punten voor die opdracht verliezen.","Contacttraject Interactive Media Development","https://bamaflexweb.arteveldehs.be/BMFUIDetailxOLOD.aspx?a=230574&b=1&c=1"
"Creative Business Studio 1","2026-27","Bachelor in de grafische en digitale media","","2","5 studiepunten","131,00 uren","01.11.2026 (georganiseerd in semester 1)","op 20 (tot op een geheel getal)","wel","Desomviele Lieven, Vandenberghe Peter, Vanhees Rob, Verzele Els","Engels, Nederlands","3","<div class=""clearfix""><ul>
<li>    Markt- en positioneringanalyse </li>
<li>Gebruikersonderzoek door middel van desk research, interviews of andere vormen van field research. </li>
<li>Doelgroepomschrijving en customer insights worden verwerkt aan de hand van technieken zoals persona’s, customer empathy maps of customer journey mapping.   </li>
<li>Media-strategie incl. Propositie en  doelstellingen bepalen, mediaselectie </li>
<li>Creatieve briefing </li>
<li>De project management toolkit </li>
<li>Constructief samenwerken (constructief feedback geven en ontvangen, assertiviteit, leiderschap, besluitvorming, verbindend communiceren)</li>
<li>Presentatietechnieken</li>
</ul>
<p data-extension-version=""1.0.4"" id=""ConnectiveDocSignExtentionInstalled""> </p></div>","[{'code': 'GDM/0104', 'description': 'De student heeft inzicht in de basistechnieken om marketingonderzoek uit te voeren.', 'level': 'Leerdoel Elementair', 'category': 'BS'}, {'code': 'GDM/0108', 'description': 'De student analyseert zelfstandig markt, organisaties, producten en diensten en werkt een strategie uit voor een concrete opdrachtgever.', 'level': 'Leerdoel Verdiepend-Verbredend', 'category': 'BS'}, {'code': 'GDM/0109', 'description': 'De student past methoden en tools toe om strategisch te denken over organisatie, markt, product en dienst.', 'level': 'Leerdoel Verdiepend-Verbredend', 'category': 'BS'}, {'code': 'GDM/0110', 'description': 'De student past methoden en tools toe om een marktonderzoek uit te voeren.', 'level': 'Leerdoel Verdiepend-Verbredend', 'category': 'BS'}, {'code': 'GDM/0508', 'description': 'De student weet constructieve feedback over zijn/haar persoonlijke groei en ontwikkeling tot media professional te ontvangen en te geven en gebruikt dit om zichzelf verder te ontwikkelen.', 'level': 'Leerdoel Verdiepend-Verbredend', 'category': 'BS'}, {'code': 'GDM/0512', 'description': 'De student kan zijn reflecties op een diepgaande manier integreren in zijn dagelijkse professionele praktijk, waarbij hij lessen uit zelfreflectie toepast op concrete opdrachten en teaminteracties.', 'level': 'Leerdoel Verdiepend-Verbredend', 'category': 'BS'}, {'code': 'GDM/0605', 'description': 'De student communiceert gefundeerd en gestructureerd over een professioneel gebonden thema.', 'level': 'Leerdoel Verdiepend-Verbredend', 'category': 'BS'}, {'code': 'GDM/0605b', 'description': 'De student communiceert schriftelijk en mondeling op een heldere en professionele manier in het Engels over een topic in de creatieve sector.', 'level': 'Leerdoel Verdiepend-Verbredend', 'category': 'BG'}, {'code': 'GDM/0706', 'description': 'De student kent methoden en tools van projectmanagement', 'level': 'Leerdoel Verdiepend-Verbredend', 'category': 'BS'}, {'code': 'GDM/0707', 'description': 'De student kan omgaan met uitdagingen en conflicten die kunnen ontstaan tijdens samenwerkingsprocessen, en zoekt constructieve oplossingen om deze aan te pakken en te overwinnen.', 'level': 'Leerdoel Verdiepend-Verbredend', 'category': 'BS'}]","[]","[]","Zie Canvas","[{'exam_chance': 'Evaluatie(s) voor de eerste examenkans', 'moment': 'eerste examenperiode binnen examenrooster', 'form': 'Mondeling', 'percentage': '30,00', 'remark': ''}, {'exam_chance': 'Evaluatie(s) voor de eerste examenkans', 'moment': 'eerste examenperiode binnen examenrooster', 'form': 'Werkstuk', 'percentage': '30,00', 'remark': 'mondelinge presentatie van werkstuk in het Engels'}, {'exam_chance': 'Evaluatie(s) voor de eerste examenkans', 'moment': 'eerste examenperiode buiten examenrooster', 'form': 'Schriftelijk', 'percentage': '20,00', 'remark': ''}, {'exam_chance': 'Evaluatie(s) voor de eerste examenkans', 'moment': 'eerste examenperiode buiten examenrooster', 'form': 'Werkstuk', 'percentage': '20,00', 'remark': ''}, {'exam_chance': 'Evaluatie(s) voor de tweede examenkans', 'moment': 'derde examenperiode binnen examenrooster', 'form': 'Mondeling', 'percentage': '30,00', 'remark': ''}, {'exam_chance': 'Evaluatie(s) voor de tweede examenkans', 'moment': 'derde examenperiode binnen examenrooster', 'form': 'Schriftelijk', 'percentage': '20,00', 'remark': ''}, {'exam_chance': 'Evaluatie(s) voor de tweede examenkans', 'moment': 'derde examenperiode binnen examenrooster', 'form': 'Werkstuk', 'percentage': '50,00', 'remark': 'Mondelinge presentatie van werkstuk'}]","Schriftelijk examen Een onderdeel van de evaluatie betreft een vooruitgeschoven examen tijdens het semester. Dit examen bestaat uit meerkeuzevragen met vier antwoordmogelijkheden, waarbij telkens één antwoord correct is. Dit telt mee voor 20% van het eindtotaal.","Contacttraject Interactive Media Development","https://bamaflexweb.arteveldehs.be/BMFUIDetailxOLOD.aspx?a=230786&b=1&c=1"
"Creative Business Studio 2","2026-27","Bachelor in de grafische en digitale media","","2","5 studiepunten","131,00 uren","15.03.2027 (georganiseerd in semester 2)","op 20 (tot op een geheel getal)","wel","Desomviele Lieven, Vandenberghe Peter, Vanhees Rob","Nederlands","4","<div class=""clearfix""><ul>
<li>Het ontwikkelen van creatieve marketingcommunicatie-concepten : technieken en modellen</li>
<li>Op basis van een marcom-briefing concepten voor een campagne bedenken, uitwerken en presenteren</li>
<li>Maken van een campagne en presenteren</li>
<li>Mediaplan uitwerken en budgetteren</li>
<li>Productiebudget opmaken</li>
<li>Via Learning by Doing leren studenten zo effectief en efficiënt mogelijk samenwerken in hun team.</li>
<li>Sollicitatietraining ifv stagezoektocht</li>
</ul></div>","[{'code': 'GDM/0106', 'description': 'De student detecteert en interpreteert de communicatiestrategie en -doelstellingen van de stakeholders bij de creatie van een mediaproduct aan de hand van een briefing.', 'level': 'Leerdoel Verdiepend-Verbredend', 'category': 'BS'}, {'code': 'GDM/0107', 'description': 'De student past de relevante marketinginsights en -analytics toe voor het creatieproces van mediaproducten.', 'level': 'Leerdoel Autonoom-Complex', 'category': 'BS'}, {'code': 'GDM/0111', 'description': 'De student past methoden en tools toe om een marketingstrategie uit te voeren.', 'level': 'Leerdoel Verdiepend-Verbredend', 'category': 'BS'}, {'code': 'GDM/0511', 'description': 'De student bouwt een professioneel netwerk op en neemt deel aan internationale online en offline communities, conferenties en organisaties.', 'level': 'Leerdoel Verdiepend-Verbredend', 'category': 'BS'}, {'code': 'GDM/0515', 'description': 'De student kan zijn professionele waarde duidelijk en overtuigend communiceren, zowel schriftelijk als mondeling, aan diverse belanghebbenden binnen een bedrijf of tijdens sollicitaties.', 'level': 'Leerdoel Verdiepend-Verbredend', 'category': 'BS'}, {'code': 'GDM/0607', 'description': 'De student past zijn communicatiestijl aan aan verschillende situaties en doelgroepen (teamleden en docenten)', 'level': 'Leerdoel Verdiepend-Verbredend', 'category': 'BS'}, {'code': 'GDM/0610', 'description': 'De student drukt zich helder en in gepaste taal uit in een mondelinge presentatie in het Engels.', 'level': 'Leerdoel Verdiepend-Verbredend', 'category': 'BS'}, {'code': 'GDM/0704', 'description': 'De student heeft inzicht in zijn eigen kennis en vaardigheden en neemt op basis hiervan een relevante rol op binnen het team.', 'level': 'Leerdoel Verdiepend-Verbredend', 'category': 'BS'}, {'code': 'GDM/0813', 'description': 'De student kan een bedrijfsmodel opmaken om nieuwe organisaties/producten in de creatieve sector in kaart te brengen.', 'level': 'Leerdoel Verdiepend-Verbredend', 'category': 'BS'}]","[]","[]","Zie canvas","[{'exam_chance': 'Evaluatie(s) voor de eerste examenkans', 'moment': 'tweede examenperiode binnen examenrooster', 'form': 'Mondeling', 'percentage': '30,00', 'remark': ''}, {'exam_chance': 'Evaluatie(s) voor de eerste examenkans', 'moment': 'tweede examenperiode binnen examenrooster', 'form': 'Werkstuk', 'percentage': '30,00', 'remark': 'mondelinge presentatie van werkstuk'}, {'exam_chance': 'Evaluatie(s) voor de eerste examenkans', 'moment': 'tweede examenperiode buiten examenrooster', 'form': 'Schriftelijk', 'percentage': '25,00', 'remark': ''}, {'exam_chance': 'Evaluatie(s) voor de eerste examenkans', 'moment': 'tweede examenperiode buiten examenrooster', 'form': 'Werkstuk', 'percentage': '15,00', 'remark': ''}, {'exam_chance': 'Evaluatie(s) voor de tweede examenkans', 'moment': 'derde examenperiode binnen examenrooster', 'form': 'Mondeling', 'percentage': '30,00', 'remark': ''}, {'exam_chance': 'Evaluatie(s) voor de tweede examenkans', 'moment': 'derde examenperiode binnen examenrooster', 'form': 'Schriftelijk', 'percentage': '25,00', 'remark': ''}, {'exam_chance': 'Evaluatie(s) voor de tweede examenkans', 'moment': 'derde examenperiode binnen examenrooster', 'form': 'Werkstuk', 'percentage': '45,00', 'remark': ''}]","Schriftelijk examen Een onderdeel van de evaluatie betreft een vooruitgeschoven examen tijdens het semester. Dit examen bestaat uit meerkeuzevragen met vier antwoordmogelijkheden, waarbij telkens één antwoord correct is. Dit telt mee voor 20% van het eindtotaal.","Contacttraject Interactive Media Development","https://bamaflexweb.arteveldehs.be/BMFUIDetailxOLOD.aspx?a=230884&b=1&c=1"
"Development 3: Virtual Worlds","2026-27","Bachelor in de grafische en digitale media","","2","5 studiepunten","136,00 uren","01.11.2026 (georganiseerd in semester 1)","op 20 (tot op een geheel getal)","wel","Minne Niels","Nederlands","3","<div class=""clearfix""><p>In dit vak leren de studenten virtuele omgevingen te creëren met behulp van Unreal Engine 5 en Blender.</p>
<p><strong>Inhoud:</strong></p>
<ul>
<li>Inleiding tot Unreal Engine 5 en Blender</li>
<li>Basisprincipes van Environment building</li>
<li>Pipeline van start tot eindproduct: van 'blocking out' tot gedetailleerde wereldbouw</li>
<li>Compositie en ontwerpoverwegingen in virtuele omgevingen</li>
<li>Belichtingstechnieken en -strategieën</li>
<li>Materiaalcreatie en -toepassing</li>
<li>Integratie van assets: online verkregen en zelfgemaakt</li>
</ul></div>","[{'code': 'GDM/0379', 'description': 'De student kan de basisfuncties en -gereedschappen van een game engine en Blender benoemen.', 'level': 'Leerdoel Elementair', 'category': 'BS'}, {'code': 'GDM/0380', 'description': 'De student herkent de basisprincipes van environment building binnen virtuele omgevingen.', 'level': 'Leerdoel Verdiepend-Verbredend', 'category': 'BS'}, {'code': 'GDM/0381', 'description': 'De student kan een eenvoudige virtuele omgeving in een game engine en Blender creëren door basis compositie- en belichtingstechnieken toe te passen.', 'level': 'Leerdoel Verdiepend-Verbredend', 'category': 'BS'}, {'code': 'GDM/0382', 'description': 'De student ontwikkelt geavanceerdere vaardigheden in het ontwerpen van materialen en het toepassen daarvan in een virtuele omgeving.', 'level': 'Leerdoel Verdiepend-Verbredend', 'category': 'BS'}, {'code': 'GDM/0383', 'description': 'De student past geavanceerde belichtingstechnieken toe die de sfeer en visuele impact van virtuele omgevingen verbeteren.', 'level': 'Leerdoel Verdiepend-Verbredend', 'category': 'BS'}, {'code': 'GDM/0384', 'description': 'De student kan de workflow van environment building efficiënt beheren', 'level': 'Leerdoel Verdiepend-Verbredend', 'category': 'BS'}, {'code': 'GDM/0385', 'description': 'De student kan zowel online verkregen als zelfgemaakte assets integreren in virtuele werelden en de impact ervan op de compositie en prestatie evalueren.', 'level': 'Leerdoel Verdiepend-Verbredend', 'category': 'BS'}, {'code': 'GDM/0520', 'description': 'De student ontwikkelt een portfolio dat zijn/haar vaardigheden en persoonlijkheid weerspiegelt.', 'level': 'Leerdoel Verdiepend-Verbredend', 'category': 'BG'}, {'code': 'GDM/0521', 'description': 'De student maakt de keuze welke werkstukken het beste het verhaal van zijn/haar persoonlijke merk ondersteunen en kiest deze voor publicatie in het portfolio en op sociale media.', 'level': 'Leerdoel Verdiepend-Verbredend', 'category': 'BG'}, {'code': 'GDM/0522', 'description': 'De student past de principes van personal branding toe in het ontwerp van zijn/haar portfolio, en zorgt ervoor dat deze visuele identiteit consistent doorgetrokken wordt in de online aanwezigheid (bijvoorbeeld via sociale media-profielen en visuele content).', 'level': 'Leerdoel Verdiepend-Verbredend', 'category': 'BG'}]","[]","[]","","[{'exam_chance': 'Evaluatie(s) voor de eerste examenkans', 'moment': 'eerste examenperiode binnen examenrooster', 'form': 'Werkstuk', 'percentage': '70,00', 'remark': 'Werkstuk met mondelinge verdediging'}, {'exam_chance': 'Evaluatie(s) voor de eerste examenkans', 'moment': 'eerste examenperiode buiten examenrooster', 'form': 'Werkstuk', 'percentage': '30,00', 'remark': ''}, {'exam_chance': 'Evaluatie(s) voor de tweede examenkans', 'moment': 'derde examenperiode binnen examenrooster', 'form': 'Werkstuk', 'percentage': '100,00', 'remark': 'Werkstuk met mondelinge verdediging'}]","Over het semester gespreid worden verschillende werkstukken gemaakt met specifieke deadlines. Voor de tweede examenkans wordt een nieuwe opdracht gemaakt waarin alle eindcompetenties opnieuw worden beoordeeld. Bij te laat indienen van een opdracht, maar minder dan 24 uur na de deadline, wordt 1/3 van de punten afgetrokken. Na 24u te laat indienen, zal een nul worden toegekend voor deze opdracht.","Contacttraject Interactive Media Development","https://bamaflexweb.arteveldehs.be/BMFUIDetailxOLOD.aspx?a=230802&b=1&c=1"
"Development 4: Creative Development","2026-27","Bachelor in de grafische en digitale media","","2","5 studiepunten","139,00 uren","15.03.2027 (georganiseerd in semester 2)","op 20 (tot op een geheel getal)","wel","Minne Niels","Nederlands","4","<div class=""clearfix""><ul>
<li>De student leert ontwerpkeuzes te onderbouwen vanuit het perspectief van de gebruiker.</li>
<li>De student leert interactieve ervaringen en interfaces te analyseren en evalueren.</li>
<li>De student leert concepten voor immersieve installaties te ontwikkelen en te pitchen.</li>
<li>De student leert de technische en creatieve aspecten te integreren in interactieve projecten.</li>
<li>De student leert iteratieve ontwikkelprocessen toe te passen op basis van gebruikerstesten.</li>
</ul></div>","[{'code': 'GDM/0395', 'description': 'De student kan de basisprincipes van User Experience noemen en herkennen hoe deze bijdragen aan een totaalbeleving.', 'level': 'Leerdoel Elementair', 'category': 'BS'}, {'code': 'GDM/0396', 'description': 'De student kan eenvoudige storytelling technieken opsommen en gebruiken om een verhaal vanuit het perspectief van een deelnemer te vertellen.', 'level': 'Leerdoel Elementair', 'category': 'BS'}, {'code': 'GDM/0397', 'description': 'De student kan verschillende storytelling technieken toepassen in projecten om de beleving van deelnemers te versterken.', 'level': 'Leerdoel Elementair', 'category': 'BS'}, {'code': 'GDM/0398', 'description': 'De student kan een analyse uitvoeren over hoe culturele verschillen, diversiteit en inclusie de gebruikservaring beïnvloeden en hierover een passend ontwerpvoorstellen maken.', 'level': 'Leerdoel Verdiepend-Verbredend', 'category': 'BS'}, {'code': 'GDM/03990', 'description': 'De student kan zelfstandig een interactieve beleving ontwerpen, rekening houdend met de nieuwste technologieën en effectieve brainstorm- en feedbackmethodes.', 'level': 'Leerdoel', 'category': 'BS'}, {'code': 'GDM/03991', 'description': 'De student kan een complexe gebruikservaring beoordelen vanuit het perspectief van de deelnemer, gebruikmakend van een hoog inlevingsvermogen', 'level': 'Leerdoel Verdiepend-Verbredend', 'category': 'BS'}]","[]","[]","","[{'exam_chance': 'Evaluatie(s) voor de eerste examenkans', 'moment': 'tweede examenperiode buiten examenrooster', 'form': 'Werkstuk permanente evaluatie (Permanente evaluatie)', 'percentage': '100,00', 'remark': ''}, {'exam_chance': 'Evaluatie(s) voor de tweede examenkans', 'moment': 'derde examenperiode binnen examenrooster', 'form': 'Werkstuk', 'percentage': '100,00', 'remark': 'Werkstuk met mondelinge verdediging'}]","Over het semester gespreid worden verschillende werkstukken gemaakt met specifieke deadlines. Voor de tweede examenkans wordt een nieuwe opdracht gemaakt waarin alle eindcompetenties opnieuw worden beoordeeld. Bij te laat indienen van een opdracht, maar minder dan 24 uur na de deadline, wordt 1/3 van de punten afgetrokken. Na 24u te laat indienen, zal een nul worden toegekend voor deze opdracht.","Contacttraject Interactive Media Development","https://bamaflexweb.arteveldehs.be/BMFUIDetailxOLOD.aspx?a=230801&b=1&c=1"
"Digital Product Studio 1: Web","2026-27","Bachelor in de grafische en digitale media","","2","10 studiepunten","292,00 uren","01.11.2026 (georganiseerd in semester 1)","op 20 (tot op een geheel getal)","wel","De Weirdt Dieter, Roegiers Frederick","Nederlands","3","<div class=""clearfix""><p>De student verkent concepten en principes van digitale (web) interacties en fysieke interacties. Analyse van bestaande interactieve installaties. Ontwikkeling van interactieve installaties met behulp van webtechnologieën en fysieke componenten, bijvoorbeeld kiosk applicaties voor musea, informatieve centra, ... </p>
<p>De student past projectmanagement toe door planning en iteratiegericht te werken. De student leert nadenken over testen met reële eindgebruikers en kan misbruik voorkomen. De student leert samenwerken in teamverband.</p>
<p>Het is een essentiële stap voor studenten die geïnteresseerd zijn in digitale &amp; fysieke productontwikkeling door design en development.</p>
<p><strong>Werkvormen</strong></p>
<ul>
<li>Demo's en introducties om concepten en principes te introduceren.</li>
<li>Praktische workshops en labs om vaardigheden te ontwikkelen en tools toe te passen.</li>
<li>Groepsprojecten waarin studenten samenwerken aan het ontwerpen, ontwikkelen en testen van interactieve installaties.</li>
<li>Individuele en groepsbegeleiding door docenten.</li>
</ul>
<p>De student verkent concepten en principes van digitale (web) interacties en fysieke interacties. Analyse van bestaande interactieve installaties. Ontwikkeling van interactieve installaties met behulp van webtechnologieën, fysieke componenten, bijvoorbeeld kiosk applicaties voor musea, informatieve centra, ... De student past project management toe door planning en iteratiegericht te werken. De student leert nadenken over testen met reëele eindgebruikers en kan misbruik voorkomen. De student leert samenwerken in teamverband.<br/>
<br/>
</p></div>","[{'code': 'GDM/0374', 'description': 'De student kan de basale concepten en principes van digitale en fysieke interacties opsommen.', 'level': 'Leerdoel Elementair', 'category': 'BS'}, {'code': 'GDM/0375', 'description': 'De student kan verschillende bestaande interactieve installaties herkennen en basiskarakteristieken benoemen.', 'level': 'Leerdoel Elementair', 'category': 'BS'}, {'code': 'GDM/0376', 'description': 'De student kan een ontwerp maken voor een interactieve installatie met gebruik van webtechnologieën en fysieke componenten.', 'level': 'Leerdoel Verdiepend-Verbredend', 'category': 'BS'}, {'code': 'GDM/0377', 'description': 'De student kan testmethoden voor interactieve installaties ontwikkelen en implementeren in een praktijkomgeving.', 'level': 'Leerdoel Verdiepend-Verbredend', 'category': 'BS'}, {'code': 'GDM/0378', 'description': 'De student kan een basis evaluatie uitvoeren van de interactieve installatie om de effectiviteit en gebruikerservaring te verbeteren.', 'level': 'Leerdoel Verdiepend-Verbredend', 'category': 'BS'}, {'code': 'GDM/0413', 'description': 'De student kan design research initiëren, plannen en uitvoeren wat leidt tot een interactief mediaproduct dat een onderbouwd antwoord biedt op de noden en verwachtingen van de opdrachtgever, eindgebruiker en andere stakeholders.', 'level': 'Leerdoel Verdiepend-Verbredend', 'category': 'BS'}, {'code': 'GDM/0514', 'description': 'De student kan zijn persoonlijke en professionele merk ontwikkelen door middel van een doordacht en consistent portfolio en online aanwezigheid.', 'level': 'Leerdoel Verdiepend-Verbredend', 'category': 'BS'}, {'code': 'GDM/0520', 'description': 'De student ontwikkelt een portfolio dat zijn/haar vaardigheden en persoonlijkheid weerspiegelt.', 'level': 'Leerdoel Verdiepend-Verbredend', 'category': 'BG'}, {'code': 'GDM/0521', 'description': 'De student maakt de keuze welke werkstukken het beste het verhaal van zijn/haar persoonlijke merk ondersteunen en kiest deze voor publicatie in het portfolio en op sociale media.', 'level': 'Leerdoel Verdiepend-Verbredend', 'category': 'BG'}, {'code': 'GDM/0523', 'description': 'De student heeft een professioneel en visueel aantrekkelijk portfolio dat een reflectie is van de eigen vaardigheden en stijl.', 'level': 'Leerdoel Verdiepend-Verbredend', 'category': 'BG'}]","[]","[]","","[{'exam_chance': 'Evaluatie(s) voor de eerste examenkans', 'moment': 'eerste examenperiode binnen examenrooster', 'form': 'Mondeling', 'percentage': '30,00', 'remark': ''}, {'exam_chance': 'Evaluatie(s) voor de eerste examenkans', 'moment': 'eerste examenperiode buiten examenrooster', 'form': 'Werkstuk permanente evaluatie (Permanente evaluatie)', 'percentage': '70,00', 'remark': ''}, {'exam_chance': 'Evaluatie(s) voor de tweede examenkans', 'moment': 'derde examenperiode binnen examenrooster', 'form': 'Mondeling', 'percentage': '30,00', 'remark': ''}, {'exam_chance': 'Evaluatie(s) voor de tweede examenkans', 'moment': 'derde examenperiode binnen examenrooster', 'form': 'Werkstuk', 'percentage': '70,00', 'remark': ''}]","Over het semester gespreid worden verschillende werkstukken gemaakt met specifieke deadlines. Voor de tweede examenkans wordt een nieuwe opdracht gemaakt waarin alle eindcompetenties opnieuw worden beoordeeld. Bij te laat indienen van een opdracht, maar minder dan 24 uur na de deadline, wordt 1/3 van de punten afgetrokken. Na 24u te laat indienen, zal een nul worden toegekend voor deze opdracht. Doorlopende evaluatie van de voortgang en betrokkenheid van studenten tijdens het semester. Evaluatie van groepsprojecten op basis van de kwaliteit van het ontwerp, de implementatie en de presentatie. Afsluitende oplevering van de interactieve installatie, gevolgd door een beoordeling door een interne en mogelijk externe jury.","Contacttraject Interactive Media Development","https://bamaflexweb.arteveldehs.be/BMFUIDetailxOLOD.aspx?a=230798&b=1&c=1"
"Digital Product Studio 2: Virtual","2026-27","Bachelor in de grafische en digitale media","","2","10 studiepunten","332,00 uren","15.03.2027 (georganiseerd in semester 2)","op 20 (tot op een geheel getal)","wel","De Weirdt Dieter, Lambrecht Jannes, Roegiers Frederick","Nederlands","4","<div class=""clearfix""><p>Gericht op Ruimtelijke Computing en Interactieve Extended Reality (XR), biedt deze cursus een praktische benadering van de convergentie van fysieke en digitale ruimtes. </p>
<p>De student verkent geavanceerde concepten en principes van ruimtelijke computing, waaronder Virtuele Realiteit (VR), Augmented Reality (AR) en Mixed Reality (MR). <br/>
Analyse van bestaande XR-toepassingen en interactieve installaties speelt hierin een centrale rol.</p>
<p>Ontwikkeling van interactieve XR-ervaringen met behulp van webtechnologieën, fysieke componenten en gespecialiseerde tools, zoals toepassingen voor musea, informatieve centra of professionele omgevingen.<br/>
De student past projectmanagement toe door planning, iteratief werken en het testen met reële eindgebruikers, met aandacht voor het voorkomen van misbruik. Daarnaast leert de student samenwerken in teamverband om complexe XR-projecten te realiseren.</p>
<p><strong>Werkvormen</strong></p>
<ul>
<li>Demo's en introducties om concepten en principes te introduceren.</li>
<li>Praktische workshops en labs om vaardigheden te ontwikkelen en tools toe te passen.</li>
<li>Groepsprojecten waarin studenten samenwerken aan het ontwerpen, ontwikkelen en testen van interactieve XR-ervaringen.</li>
<li>Individuele en groepsbegeleiding door docenten.</li>
</ul>
<p>Dit vak biedt een praktische benadering van de convergentie van fysieke en digitale ruimtes. Deze cursus wordt gegeven in labformaat, waarbij studenten veel hands-on ervaring opdoen. Studenten zullen geavanceerde concepten en praktische toepassingen van ruimtelijke computing verkennen, waaronder Virtuele Realiteit (VR), Augmented Reality (AR) en Mixed Reality (MR). </p>
<p>Door middel van begeleide praktijkopdrachten zullen studenten vaardigheden ontwikkelen in het ontwerpen, prototypen en implementeren van interactieve XR-ervaringen voor professionele toepassingen.</p></div>","[{'code': 'GDM/0386', 'description': 'De student kan de kernconcepten en principes van ruimtelijke computing en XR definieren.', 'level': 'Leerdoel Elementair', 'category': 'BS'}, {'code': 'GDM/0387', 'description': 'De student herkent de verschillende typen XR-technologieën (VR, AR, MR) en kan hun toepassingen identificeren.', 'level': 'Leerdoel Verdiepend-Verbredend', 'category': 'BS'}, {'code': 'GDM/0388', 'description': 'De student kan interactieve XR-ervaringen ontwerpen met behulp van de juiste tools en technologieën.', 'level': 'Leerdoel Verdiepend-Verbredend', 'category': 'BS'}, {'code': 'GDM/0389', 'description': 'De student ontwikkelt prototypes van XR-applicaties die aantonen hoe virtuele en fysieke ruimtes geïntegreerd kunnen worden.', 'level': 'Leerdoel Verdiepend-Verbredend', 'category': 'BS'}, {'code': 'GDM/0390', 'description': 'De student kan effectief samenwerken binnen multidisciplinaire teams om complexe XR-projecten te realiseren.', 'level': 'Leerdoel Verdiepend-Verbredend', 'category': 'BS'}, {'code': 'GDM/0391', 'description': 'De student past user-centered design principes toe om de bruikbaarheid en gebruikerservaring van XR-toepassingen te verbeteren.', 'level': 'Leerdoel Verdiepend-Verbredend', 'category': 'BS'}, {'code': 'GDM/0392', 'description': 'De student kan zelfstandig onderzoek uitvoeren naar opkomende trends en technologieën binnen het domein van ruimtelijke computing en XR.', 'level': 'Leerdoel Verdiepend-Verbredend', 'category': 'BS'}, {'code': 'GDM/0393', 'description': 'De student analyseert en evalueert de effectiviteit van ontworpen interactieve XR-ervaringen aan de hand van gebruikerstests en feedback.', 'level': 'Leerdoel Verdiepend-Verbredend', 'category': 'BS'}, {'code': 'GDM/0394', 'description': 'De student kan zelfstandig een innovatief XR-project van concept tot eindproduct leiden, inclusief alle aspecten van ontwerp, ontwikkeling en presentatie.', 'level': 'Leerdoel Verdiepend-Verbredend', 'category': 'BS'}, {'code': 'GDM/0414', 'description': 'De student kan design research initiëren, plannen en uitvoeren wat leidt tot een grafisch mediaproduct dat een onderbouwd antwoord biedt op de noden en verwachtingen van de opdrachtgever, eindgebruiker en andere stakeholders.', 'level': 'Leerdoel Verdiepend-Verbredend', 'category': 'BS'}, {'code': 'GDM/0514', 'description': 'De student kan zijn persoonlijke en professionele merk ontwikkelen door middel van een doordacht en consistent portfolio en online aanwezigheid.', 'level': 'Leerdoel Verdiepend-Verbredend', 'category': 'BS'}, {'code': 'GDM/0520', 'description': 'De student ontwikkelt een portfolio dat zijn/haar vaardigheden en persoonlijkheid weerspiegelt.', 'level': 'Leerdoel Verdiepend-Verbredend', 'category': 'BG'}, {'code': 'GDM/0521', 'description': 'De student maakt de keuze welke werkstukken het beste het verhaal van zijn/haar persoonlijke merk ondersteunen en kiest deze voor publicatie in het portfolio en op sociale media.', 'level': 'Leerdoel Verdiepend-Verbredend', 'category': 'BG'}, {'code': 'GDM/0522', 'description': 'De student past de principes van personal branding toe in het ontwerp van zijn/haar portfolio, en zorgt ervoor dat deze visuele identiteit consistent doorgetrokken wordt in de online aanwezigheid (bijvoorbeeld via sociale media-profielen en visuele content).', 'level': 'Leerdoel Verdiepend-Verbredend', 'category': 'BG'}]","[]","[]","","[{'exam_chance': 'Evaluatie(s) voor de eerste examenkans', 'moment': 'tweede examenperiode binnen examenrooster', 'form': 'Mondeling', 'percentage': '30,00', 'remark': ''}, {'exam_chance': 'Evaluatie(s) voor de eerste examenkans', 'moment': 'tweede examenperiode buiten examenrooster', 'form': 'Werkstuk permanente evaluatie (Permanente evaluatie)', 'percentage': '70,00', 'remark': ''}, {'exam_chance': 'Evaluatie(s) voor de tweede examenkans', 'moment': 'derde examenperiode binnen examenrooster', 'form': 'Mondeling', 'percentage': '30,00', 'remark': ''}, {'exam_chance': 'Evaluatie(s) voor de tweede examenkans', 'moment': 'derde examenperiode binnen examenrooster', 'form': 'Werkstuk', 'percentage': '70,00', 'remark': ''}]","Over het semester gespreid worden verschillende werkstukken gemaakt met specifieke deadlines. Voor de tweede examenkans wordt een nieuwe opdracht gemaakt waarin alle eindcompetenties opnieuw worden beoordeeld. Bij te laat indienen van een opdracht, maar minder dan 24 uur na de deadline, wordt 1/3 van de punten afgetrokken. Na 24u te laat indienen, zal een nul worden toegekend voor deze opdracht.","Contacttraject Interactive Media Development","https://bamaflexweb.arteveldehs.be/BMFUIDetailxOLOD.aspx?a=230799&b=1&c=1"
"Interaction 1: Interactive Worlds","2026-27","Bachelor in de grafische en digitale media","","2","5 studiepunten","136,00 uren","01.11.2026 (georganiseerd in semester 1)","op 20 (tot op een geheel getal)","wel","Lambrecht Jannes","Nederlands","3","<div class=""clearfix""><p>Deze cursus heeft als doel studenten vertrouwd te maken met de basisprincipes van visuele programmering in game engines, een krachtig hulpmiddel voor het ontwikkelen van interactieve ervaringen. <br/>
Studenten leren hoe ze interacties kunnen ontwerpen en implementeren met behulp van de visuele programmeeromgevingen die in game engines beschikbaar zijn. <br/>
<br/>
<strong>Inhoud </strong></p>
<ul>
<li>Inleiding tot visuele programmering in game engines. </li>
<li>Basisprincipes van visuele programmering. </li>
<li>Het ontwerpen en creëren van interacties en dynamische omgevingen. </li>
<li>Toepassing van de geleerde concepten in verschillende projecten, zoals kunstinstallaties, games, museumpresentaties en productpresentaties. </li>
</ul></div>","[{'code': 'GDM/0353', 'description': 'De student kan de fundamentele concepten van low-coding in een game engine benoemen.', 'level': 'Leerdoel Elementair', 'category': 'BS'}, {'code': 'GDM/0355', 'description': 'De student herkent basisstructuren binnen de visuele programmeeromgeving', 'level': 'Leerdoel Elementair', 'category': 'BS'}, {'code': 'GDM/0356', 'description': 'De student kan eenvoudige virtuele interacties programmeren door gebruik te maken van low-code in een game engine.', 'level': 'Leerdoel Verdiepend-Verbredend', 'category': 'BS'}, {'code': 'GDM/0357', 'description': 'De student kan complexere virtuele interacties en omgevingen ontwikkelen door integratie van verschillende visuele programmeertechnieken.', 'level': 'Leerdoel Verdiepend-Verbredend', 'category': 'BS'}, {'code': 'GDM/0358', 'description': 'De student past geleerde concepten toe om interactieve installaties te creëren die functioneel zijn in verschillende contexten zoals installaties en kleine games.', 'level': 'Leerdoel Verdiepend-Verbredend', 'category': 'BS'}, {'code': 'GDM/0359', 'description': 'De student kan de implicaties van designkeuzes evalueren binnen de ontwikkelde interactieve toepassingen.', 'level': 'Leerdoel Verdiepend-Verbredend', 'category': 'BS'}, {'code': 'GDM/0360', 'description': 'De student kan een uitgebreide gebruikerstest uitvoeren en de feedback integreren om de interacties te verbeteren.', 'level': 'Leerdoel', 'category': 'BS'}, {'code': 'GDM/0520', 'description': 'De student ontwikkelt een portfolio dat zijn/haar vaardigheden en persoonlijkheid weerspiegelt.', 'level': 'Leerdoel Verdiepend-Verbredend', 'category': 'BG'}, {'code': 'GDM/0521', 'description': 'De student maakt de keuze welke werkstukken het beste het verhaal van zijn/haar persoonlijke merk ondersteunen en kiest deze voor publicatie in het portfolio en op sociale media.', 'level': 'Leerdoel Verdiepend-Verbredend', 'category': 'BG'}, {'code': 'GDM/0522', 'description': 'De student past de principes van personal branding toe in het ontwerp van zijn/haar portfolio, en zorgt ervoor dat deze visuele identiteit consistent doorgetrokken wordt in de online aanwezigheid (bijvoorbeeld via sociale media-profielen en visuele content).', 'level': 'Leerdoel Verdiepend-Verbredend', 'category': 'BG'}]","[]","[]","Zie Canvas.","[{'exam_chance': 'Evaluatie(s) voor de eerste examenkans', 'moment': 'eerste examenperiode binnen examenrooster', 'form': 'Mondeling', 'percentage': '30,00', 'remark': ''}, {'exam_chance': 'Evaluatie(s) voor de eerste examenkans', 'moment': 'eerste examenperiode buiten examenrooster', 'form': 'Werkstuk', 'percentage': '70,00', 'remark': ''}, {'exam_chance': 'Evaluatie(s) voor de tweede examenkans', 'moment': 'derde examenperiode binnen examenrooster', 'form': 'Mondeling', 'percentage': '30,00', 'remark': ''}, {'exam_chance': 'Evaluatie(s) voor de tweede examenkans', 'moment': 'derde examenperiode binnen examenrooster', 'form': 'Werkstuk', 'percentage': '70,00', 'remark': ''}]","Over het semester gespreid worden verschillende werkstukken gemaakt met specifieke deadlines. Voor de tweede examenkans wordt een nieuwe opdracht gemaakt waarin alle eindcompetenties opnieuw worden beoordeeld. Bij te laat indienen van een opdracht, maar minder dan 24 uur na de deadline, wordt 1/3 van de punten afgetrokken. Na 24u te laat indienen, zal een nul worden toegekend voor deze opdracht.","Contacttraject Interactive Media Development","https://bamaflexweb.arteveldehs.be/BMFUIDetailxOLOD.aspx?a=230800&b=1&c=1"
"Interaction 2: Experience Design","2026-27","Bachelor in de grafische en digitale media","","2","5 studiepunten","136,00 uren","15.03.2027 (georganiseerd in semester 2)","op 20 (tot op een geheel getal)","wel","Lambrecht Jannes","Nederlands","4","<div class=""clearfix""><p>Deze cursus biedt studenten de kennis en vaardigheden om interactieve installaties te ontwerpen en bouwen met behulp van TouchDesigner. Studenten leren visuele projecties te creëren en deze te integreren met webtechnologie, data, API's en Internet of Things (IoT) toepassingen.</p>
<ul>
<li>De student kan een volledige multimediale installatie ontwerpen die meerdere media-integraties omvat zoals 3D, video en audio, waarbij complexe interacties tussen de media worden gerealiseerd.</li>
<li>De student kan zelfstandig een innovatief project leiden dat gebruikmaakt van een interactive multimedia content IDE (bijv. TouchDesigner), gericht op het creëren van een nieuwe vorm van interactieve en immersieve ervaring.</li>
<li>De student kan complexe technische uitdagingen in immersieve media-installaties identificeren en oplossen, met een focus op optimalisatie en gebruikerservaring.</li>
</ul></div>","[{'code': 'GDM/03992', 'description': 'De student kan de basisfunctionaliteiten van een low-code visual programming language voor real-time interactive multimedia content (bijv. TouchDesigner) benoemen en eenvoudige projecten opzetten die o.a. audio, video en 3D integreren.', 'level': 'Leerdoel Elementair', 'category': 'BS'}, {'code': 'GDM/03993', 'description': 'De student kan basisinteracties binnen een multimediale installatie opzetten met behulp van een interactive multimedia content IDE (bijv. TouchDesigner).', 'level': 'Leerdoel Elementair', 'category': 'BS'}, {'code': 'GDM/03994', 'description': 'De student kan de basisprincipes van immersieve media verklaren en eenvoudige toepassingen creëren die sensorische ervaringen bieden.', 'level': 'Leerdoel Elementair', 'category': 'BS'}, {'code': 'GDM/03995', 'description': 'De student kan geavanceerde functies van een interactive multimedia content IDE (bijv. TouchDesigner). gebruiken om interactieve en immersieve media-installaties te ontwerpen die reageren op gebruikersinput.', 'level': 'Leerdoel Verdiepend-Verbredend', 'category': 'BS'}, {'code': 'GDM/03996', 'description': 'De student kan kritisch de technische en creatieve aspecten van bestaande immersieve installaties analyseren en de inzichten toepassen in eigen projecten.', 'level': 'Leerdoel Verdiepend-Verbredend', 'category': 'BS'}, {'code': 'GDM/03997', 'description': 'De student kan een volledige multimediale installatie ontwerpen die meerdere media-integraties omvat zoals 3D, video en audio, waarbij complexe interacties tussen de media worden gerealiseerd.', 'level': 'Leerdoel Verdiepend-Verbredend', 'category': 'BS'}, {'code': 'GDM/03998', 'description': 'De student kan zelfstandig een innovatief project leiden dat gebruikmaakt van een interactive multimedia content IDE (bijv. TouchDesigner), gericht op het creëren van een nieuwe vorm van interactieve en immersieve ervaring.', 'level': 'Leerdoel Verdiepend-Verbredend', 'category': 'BS'}, {'code': 'GDM/03999', 'description': 'De student kan complexe technische uitdagingen in immersieve media-installaties identificeren en oplossen, met een focus op optimalisatie en gebruikerservaring.', 'level': 'Leerdoel Verdiepend-Verbredend', 'category': 'BS'}, {'code': 'GDM/0520', 'description': 'De student ontwikkelt een portfolio dat zijn/haar vaardigheden en persoonlijkheid weerspiegelt.', 'level': 'Leerdoel Verdiepend-Verbredend', 'category': 'BG'}, {'code': 'GDM/0521', 'description': 'De student maakt de keuze welke werkstukken het beste het verhaal van zijn/haar persoonlijke merk ondersteunen en kiest deze voor publicatie in het portfolio en op sociale media.', 'level': 'Leerdoel', 'category': 'BG'}, {'code': 'GDM/0522', 'description': 'De student past de principes van personal branding toe in het ontwerp van zijn/haar portfolio, en zorgt ervoor dat deze visuele identiteit consistent doorgetrokken wordt in de online aanwezigheid (bijvoorbeeld via sociale media-profielen en visuele content).', 'level': 'Leerdoel Verdiepend-Verbredend', 'category': 'BG'}]","[]","[]","","[{'exam_chance': 'Evaluatie(s) voor de eerste examenkans', 'moment': 'tweede examenperiode binnen examenrooster', 'form': 'Werkstuk', 'percentage': '70,00', 'remark': 'Werkstuk met mondelinge verdediging'}, {'exam_chance': 'Evaluatie(s) voor de eerste examenkans', 'moment': 'tweede examenperiode buiten examenrooster', 'form': 'Werkstuk', 'percentage': '30,00', 'remark': ''}, {'exam_chance': 'Evaluatie(s) voor de tweede examenkans', 'moment': 'derde examenperiode binnen examenrooster', 'form': 'Werkstuk', 'percentage': '100,00', 'remark': 'Werkstuk met mondelinge verdediging'}]","Over het semester gespreid worden verschillende werkstukken gemaakt met specifieke deadlines. Voor de tweede examenkans wordt een nieuwe opdracht gemaakt waarin alle eindcompetenties opnieuw worden beoordeeld. Bij te laat indienen van een opdracht, maar minder dan 24 uur na de deadline, wordt 1/3 van de punten afgetrokken. Na 24u te laat indienen, zal een nul worden toegekend voor deze opdracht.","Contacttraject Interactive Media Development","https://bamaflexweb.arteveldehs.be/BMFUIDetailxOLOD.aspx?a=230803&b=1&c=1"
"Keuzevak 1 IMD","2026-27","Bachelor in de grafische en digitale media","","2","5 studiepunten","","","","","","","3","","[]","[]","[]","","[]","","Contacttraject Interactive Media Development","https://bamaflexweb.arteveldehs.be/BMFUIDetailxOLOD.aspx?a=231222&b=1&c=1"
"Keuzevak 2 IMD","2026-27","Bachelor in de grafische en digitale media","","2","5 studiepunten","","","","","","","4","","[]","[]","[]","","[]","","Contacttraject Interactive Media Development","https://bamaflexweb.arteveldehs.be/BMFUIDetailxOLOD.aspx?a=231223&b=1&c=1"
"Afstudeerproject semester 2","2026-27","Bachelor in de grafische en digitale media","","3","15 studiepunten","416,00 uren","15.03.2027 (georganiseerd in semester 2)","op 20 (tot op een geheel getal)","wel","Anseel Stijn, Calis Bart, De Weirdt Dieter, Duytschaever Tineke, Knockaert Bart, Lambrecht Jannes, Langeraert Pieter, Lowagie Jelle, Moortgat Lotte, Peters Yves, Piffet Philippe, Pottie Jonas, Rutsaert Evelien, Scheirlinckx Jan, Snels Merel, Spek Sander, Staesens Rik, Temmerman Hans, Thys Joris, Toppets Kristof, Vandersleyen Wim, Van Raes Marieke, Vansevenant Fries, Verniest Joris, Weyens Barend, Wysmans Michaël","Nederlands","6","<div class=""clearfix""><p>De student produceert een vakproduct, waarbij de student eindverantwoordelijkheid draagt voor alle productiestappen.<br/>
De student stelt een gefundeerde productierapportering op (deels in het Engels), met daar in onder meer een onderzoeksverslag en een toelichting bij het productieproces.<br/>
De student presenteert alle zaken voor een jury in de context van een expo-opstelling.</p>
<p> In de Canvascursus vindt de student alle praktische informatie om het afstudeerproject te organiseren en realiseren.</p>
<div data-extension-version=""1.0.4"" id=""ConnectiveDocSignExtentionInstalled""> </div></div>","[{'code': 'GDM/0100A1', 'description': 'De student ontwerpt vanuit een analyse een mediaconcept dat past binnen de brede communicatiestrategie en/of de doelstellingen en randvoorwaarden van de stakeholder(s).', 'level': 'Leerdoel Autonoom-Complex', 'category': 'BS'}, {'code': 'GDM/0100A2', 'description': 'De student toont aan dat het mediaconcept op een gepaste manier binnen de communicatiestrategie of doelstellingen van de stakeholders kan worden ingezet.', 'level': 'Leerdoel Autonoom-Complex', 'category': 'BS'}, {'code': 'GDM/0200A1', 'description': 'De student bedenkt en ontwerpt een mediaproduct dat getuigt van originaliteit en creativiteit.', 'level': 'Leerdoel Autonoom-Complex', 'category': 'BS'}, {'code': 'GDM/0200A2', 'description': 'De student bedenkt en ontwerpt een mediaproduct dat vanuit design principes esthetisch verantwoord is en voldoet aan de noden en verwachtingen van opdrachtgever en/of eindgebruiker.', 'level': 'Leerdoel Autonoom-Complex', 'category': 'BS'}, {'code': 'GDM/0300A1', 'description': 'De student levert een mediaproduct op dat getuigt van professionele, vaktechnische competenties conform de geijkte productiestandaarden.', 'level': 'Leerdoel Autonoom-Complex', 'category': 'BS'}, {'code': 'GDM/0300A2', 'description': 'De student levert een eindproduct op dat voldoet aan de relevante vaktechnische kwaliteitseisen.', 'level': 'Leerdoel Autonoom-Complex', 'category': 'BS'}, {'code': 'GDM/0400A1', 'description': 'De student voert een kwaliteitsvol onderzoek uit op basis van design researcht.', 'level': 'Leerdoel Autonoom-Complex', 'category': 'BG'}, {'code': 'GDM/0400A2', 'description': 'De student toont aan dat het gevoerde onderzoek het mediaproduct valideert of versterkt waardoor het een antwoord biedt op de noden en verwachtingen van de opdrachtgever, eindgebruiker en/of andere stakeholders.', 'level': 'Leerdoel Autonoom-Complex', 'category': 'BG'}, {'code': 'GDM/0526', 'description': 'De student heeft een professioneel en visueel aantrekkelijk portfolio dat een reflectie is van de eigen vaardigheden en stijl.', 'level': 'Leerdoel Autonoom-Complex', 'category': 'BG'}, {'code': 'GDM/0527', 'description': 'De student past de principes van personal branding toe in het ontwerp van zijn/haar portfolio, en zorgt ervoor dat deze visuele identiteit consistent doorgetrokken wordt in de online aanwezigheid (bijvoorbeeld via sociale media-profielen en visuele content).', 'level': 'Leerdoel Autonoom-Complex', 'category': 'BG'}, {'code': 'GDM/0528', 'description': 'De student past zijn/haar online aanwezigheid (bijvoorbeeld LinkedIn, Instagram) strategisch aan om de zichtbaarheid te vergroten en doelgerichte contacten op te bouwen met potentiële werkgevers of opdrachtgevers.', 'level': 'Leerdoel Autonoom-Complex', 'category': 'BG'}, {'code': 'GDM/0600A1', 'description': 'De student communiceert doelgericht, helder, in gepaste taal en indien nodig meertalig met de verschillende  (internationale) stakeholders.', 'level': 'Leerdoel Autonoom-Complex', 'category': 'BG'}, {'code': 'GDM/0800A1', 'description': 'De student ziet opportuniteiten voor mediaproducten, diensten of ervaringen die economisch of maatschappelijk waardevol zijn en neemt  initiatief voor de ontwikkeling hiervan.', 'level': 'Leerdoel Autonoom-Complex', 'category': 'ALG'}, {'code': 'GDM/0800A2', 'description': 'De student handelt in professionele activiteiten steeds vanuit een duurzaam perspectief en houdt rekening  met ethische aspecten zoals privacy, veiligheid en inclusie.', 'level': 'Leerdoel Autonoom-Complex', 'category': 'ALG'}]","[]","[]","Zie Canvas. In reguliere weken zal het contactmoment bestaan uit een wekelijkse feedbacksessie met de afstudeerbegeleider en werktijd op campus. Uitzonderingen zijn de eerste week (intensievere coaching) en de evaluatiemomenten. Het afstudeerproject vindt plaats in de tweede helft van het semester. Afhankelijk van de academische kalender zullen er een of twee vooruitgeschoven coachingsmomenten zijn in de eerste helft van het semester.","[{'exam_chance': 'Evaluatie(s) voor de eerste examenkans', 'moment': 'tweede examenperiode binnen examenrooster', 'form': 'Rapporten', 'percentage': '40,00', 'remark': 'De student licht het rapport toe tijdens een mondelinge presentatie tijdens de ingeroosterde contactmomenten.'}, {'exam_chance': 'Evaluatie(s) voor de eerste examenkans', 'moment': 'tweede examenperiode binnen examenrooster', 'form': 'Werkstuk', 'percentage': '50,00', 'remark': 'De student presenteert het werkstuk voor een jury in de context van een expo-opstelling.'}, {'exam_chance': 'Evaluatie(s) voor de eerste examenkans', 'moment': 'tweede examenperiode buiten examenrooster', 'form': 'Mondeling', 'percentage': '10,00', 'remark': 'Tussentijdse evaluatie'}, {'exam_chance': 'Evaluatie(s) voor de tweede examenkans', 'moment': 'derde examenperiode binnen examenrooster', 'form': 'Rapporten', 'percentage': '50,00', 'remark': 'De student licht het rapport toe tijdens een mondelinge presentatie.'}, {'exam_chance': 'Evaluatie(s) voor de tweede examenkans', 'moment': 'derde examenperiode binnen examenrooster', 'form': 'Werkstuk', 'percentage': '50,00', 'remark': 'De student presenteert het werkstuk voor een jury in de context van een expo-opstelling.'}]","Zie Canvas.","Contacttraject Interactive Media Development","https://bamaflexweb.arteveldehs.be/BMFUIDetailxOLOD.aspx?a=227799&b=1&c=1"
"Afstudeerstage semester 2","2026-27","Bachelor in de grafische en digitale media","","3","15 studiepunten","425,00 uren","15.03.2027 (georganiseerd in semester 2)","op 20 (tot op een geheel getal)","niet","Anseel Stijn, Calis Bart, De Canck Inge, De Weirdt Dieter, Duytschaever Tineke, Knockaert Bart, Lambrecht Jannes, Langeraert Pieter, Lowagie Jelle, Moortgat Lotte, Peters Yves, Piffet Philippe, Pottie Jonas, Rutsaert Evelien, Scheirlinckx Jan, Snels Merel, Staesens Rik, Temmerman Hans, Thys Joris, Toppets Kristof, Vandersleyen Wim, Van Raes Marieke, Vansevenant Fries, Verniest Joris, Weyens Barend, Wysmans Michaël","Nederlands","6","<div class=""clearfix""><p>De stage-inhoud is heel uiteenlopend en vaak gediversifieerd naar specialiteit van de richting en persoonlijke interesse. Zij wordt opgemaakt in overleg met het stagebedrijf, de student en de opleiding.</p>
<p>De student loopt minimaal 47 voltijdse dagen stage in een stagebedrijf en rapporteert hierover. Details over de verslaggeving worden gecommuniceerd via de Canvascursus.<br/>
De student is verplicht fysiek aanwezig op het intervisiemoment en op de verplichte fysieke terugkommomenten voor het afstudeerproject. <br/>
<br/>
<br/>
</p>
<div data-extension-version=""1.0.4"" id=""ConnectiveDocSignExtentionInstalled""> </div></div>","[{'code': 'GDM/0500A1', 'description': 'De student toont aan dat hij zicht heeft op de eigen kennis, vaardigheden en groeimogelijkheden.', 'level': 'Leerdoel Autonoom-Complex', 'category': 'ALG'}, {'code': 'GDM/0500A2', 'description': 'De student professionaliseert zich om blijvend inzetbaar te zijn als mediaprofessional in complexe en gespecialiseerde contexten.', 'level': 'Leerdoel Autonoom-Complex', 'category': 'ALG'}, {'code': 'GDM/0500A3', 'description': 'De student bouwt een professioneel netwerk uit en onderhoudt dit actief.', 'level': 'Leerdoel Autonoom-Complex', 'category': 'ALG'}, {'code': 'GDM/0523', 'description': 'De student heeft een professioneel en visueel aantrekkelijk portfolio dat een reflectie is van de eigen vaardigheden en stijl.', 'level': 'Leerdoel Verdiepend-Verbredend', 'category': 'BG'}, {'code': 'GDM/0524', 'description': 'De student past de principes van personal branding toe in het ontwerp van zijn/haar portfolio, en zorgt ervoor dat deze visuele identiteit consistent doorgetrokken wordt in de online aanwezigheid (bijvoorbeeld via sociale media-profielen en visuele content).', 'level': 'Leerdoel Verdiepend-Verbredend', 'category': 'BG'}, {'code': 'GDM/0525', 'description': 'De student past zijn/haar online aanwezigheid (bijvoorbeeld LinkedIn, Instagram) strategisch aan om de zichtbaarheid te vergroten en doelgerichte contacten op te bouwen met potentiële werkgevers of opdrachtgevers.', 'level': 'Leerdoel Verdiepend-Verbredend', 'category': 'BG'}, {'code': 'GDM/0700A1', 'description': 'De student werkt op een proactieve en professionele wijze samen in een (multidisciplinair) team.', 'level': 'Leerdoel Autonoom-Complex', 'category': 'BG'}, {'code': 'GDM/0700A2', 'description': 'De student neemt verantwoordelijkheid op binnen een project en voert de eigen taken op een planmatige wijze uit.', 'level': 'Leerdoel Autonoom-Complex', 'category': 'BG'}, {'code': 'GDM/2022-23/0207', 'description': 'De student getuigt van een creatief en conceptueel denkvermogen.', 'level': 'Leerdoel Verdiepend-Verbredend', 'category': 'BS'}, {'code': 'GDM/2022-23/0308', 'description': 'De student  past een industriestandaard of werkmethode vakkundig toe.', 'level': 'Leerdoel Autonoom-Complex', 'category': 'BS'}, {'code': 'GDM/2022-23/0310', 'description': 'De student kiest een gepaste productietechniek op basis van het te ontwikkelen eindproduct.', 'level': 'Leerdoel Verdiepend-Verbredend', 'category': 'BS'}, {'code': 'GDM/2022-23/0607', 'description': 'De student kan overtuigend en professioneel communiceren omtrent een professioneel gebonden thema, schriftelijk en/of mondeling.', 'level': 'Leerdoel Verdiepend-Verbredend', 'category': 'BG'}, {'code': 'GDM/2022-23/0802', 'description': 'De student kan kritisch reflecteren op ethische, deontologische en duurzaamheidsgerelateerde kwesties binnen het vakgebied.', 'level': 'Leerdoel Verdiepend-Verbredend', 'category': 'ALG'}, {'code': 'GDM/2022-23/0803', 'description': 'De student kan vanuit een ethisch standpunt kritisch reflecteren op nieuwe technologieën, innovatieve modellen en designtrends.', 'level': 'Leerdoel Verdiepend-Verbredend', 'category': 'ALG'}]","[]","[]","Zie Canvas. Verplaatsingsonkosten kunnen niet op de opleiding verhaald worden.","[{'exam_chance': 'Evaluatie(s) voor de eerste examenkans', 'moment': 'tweede examenperiode buiten examenrooster', 'form': 'Observatie', 'percentage': '80,00', 'remark': ''}, {'exam_chance': 'Evaluatie(s) voor de eerste examenkans', 'moment': 'tweede examenperiode buiten examenrooster', 'form': 'Rapporten', 'percentage': '20,00', 'remark': 'Stageverslaggeving'}]","Bij te laat indienen van het stageboek/verslag, maar minder dan 24 uur na de deadline, wordt 1/3 van de punten afgetrokken. Na 24u te laat indienen, zal een nul worden toegekend voor het stageboek/verslag. De verslaggeving is een essentieel onderdeel van de stage en dient ingediend te worden om te kunnen slagen. Bepaalde competenties kunnen niet volledig beoordeeld worden bij afwezig van de verslaggeving. Er is geen tweede examenkans mogelijk, omdat een stage van een dergelijke duur niet kan ingepast worden in de tweede examenperiode. Gedetailleerde communicatie verloopt via de Canvascursus.","Contacttraject Interactive Media Development","https://bamaflexweb.arteveldehs.be/BMFUIDetailxOLOD.aspx?a=228272&b=1&c=1"
"Creative Business Studio 3","2026-27","Bachelor in de grafische en digitale media","","3","6 studiepunten","152,00 uren","01.11.2026 (georganiseerd in semester 1)","op 20 (tot op een geheel getal)","wel","Dehaemers Ann, De Laender Annick, Vandenberghe Peter, Vanhees Rob","Nederlands","5","<div class=""clearfix""><p>Creative business studio 3 is gericht op duurzaam, maatschappelijk ondernemen. De studenten doorlopen het Step-up traject van Unizo, dat zich richt op het ontwikkelen van specifieke vaardigheden en kennis die essentieel is voor het succesvol starten en runnen van een bedrijf. </p>
<p>Het olod bestaat uit  2 delen: </p>
<ul>
<li>een grafisch mediaproduct bedenken, produceren (of laten produceren), promoten en verkopen. </li>
<li>een business plan uitwerken om te beoordelen of het idee opschaalbaar is en/of als start-up levensvatbaar kan zijn.</li>
</ul>
<p>Thema's die aan bod komen zijn:</p>
<ol>
<li>Wie ben ik als ondernemer en wat zijn mijn ondernemerscompetenties.  </li>
<li>Concept bepalen voor de mini-onderneming.  </li>
<li>Haalbaarheidsstudie (commercieel – financieel – technisch) - SWOT analyse - Missie en visie bepalen</li>
<li>Administratieve formaliteiten – betalingen – boekhouding – organisatieplan – teamrollen - rolverdeling</li>
<li>Uitvoering: uitwerken idee - productie - promotie - verkoop</li>
<li>Deelname Step-up Markt</li>
<li>Business plan om te beoordelen of het idee levensvatbaar is. </li>
<li>Opschalen en start-up (fictief).<br/>
<br/>
<br/>
<br/>
</li>
</ol></div>","[{'code': 'GDM/0117', 'description': 'De student onderzoekt zijn of haar ondernemersprofiel en ontwikkelt bewustzijn van eigen ondernemerschapscompetenties, met aandacht voor duurzaamheid en maatschappelijke meerwaarde.', 'level': 'Leerdoel Verdiepend-Verbredend', 'category': 'BG'}, {'code': 'GDM/0118', 'description': 'De student ontwikkelt een creatief en realistisch concept voor een grafisch mediaproduct, en toetst dit aan de hand van een haalbaarheidsstudie (commercieel, technisch, financieel), inclusief SWOT-analyse, missie en visie.', 'level': 'Leerdoel Verdiepend-Verbredend', 'category': 'BG'}, {'code': 'GDM/0119', 'description': 'De student plant en realiseert het volledige productieproces van het mediaproduct, en voert een gerichte promotie- en verkoopstrategie uit, afgestemd op de doelgroep en marktinzichten.', 'level': 'Leerdoel Verdiepend-Verbredend', 'category': 'BG'}, {'code': 'GDM/0120', 'description': 'De student beheert de administratieve, organisatorische en financiële aspecten van de mini-onderneming (zoals betalingen, boekhouding en teamrollen) en past deze toe conform wettelijke en praktische vereisten.', 'level': 'Leerdoel Verdiepend-Verbredend', 'category': 'BG'}, {'code': 'GDM/0121', 'description': 'De student stelt een onderbouwd businessplan op waarin het potentieel van de onderneming voor opschaling en levensvatbaarheid als start-up kritisch wordt geanalyseerd, rekening houdend met duurzaam en maatschappelijk verantwoord ondernemen.', 'level': 'Leerdoel Verdiepend-Verbredend', 'category': 'BG'}]","[]","[]","Zie canvascursus. De studenten werken in groep aan een project. Elke groep neemt deel aan het Step-up traject van Unizo. Hieraan is een deelnamekost verbonden van 25 à 30 euro per student.","[{'exam_chance': 'Evaluatie(s) voor de eerste examenkans', 'moment': 'eerste examenperiode binnen examenrooster', 'form': 'Mondeling', 'percentage': '20,00', 'remark': ''}, {'exam_chance': 'Evaluatie(s) voor de eerste examenkans', 'moment': 'eerste examenperiode buiten examenrooster', 'form': 'Observatie', 'percentage': '20,00', 'remark': ''}, {'exam_chance': 'Evaluatie(s) voor de eerste examenkans', 'moment': 'eerste examenperiode buiten examenrooster', 'form': 'Werkstuk', 'percentage': '60,00', 'remark': ''}, {'exam_chance': 'Evaluatie(s) voor de tweede examenkans', 'moment': 'derde examenperiode binnen examenrooster', 'form': 'Mondeling', 'percentage': '40,00', 'remark': ''}, {'exam_chance': 'Evaluatie(s) voor de tweede examenkans', 'moment': 'derde examenperiode binnen examenrooster', 'form': 'Werkstuk', 'percentage': '60,00', 'remark': ''}]","Bij te laat indienen van een opdracht, maar minder dan 24 uur na de deadline, wordt 1/3 van de punten afgetrokken. Na 24 uur te laat indienen, zal een nul worden toegekend aan deze opdracht. Deelname aan de lessen en de Step-up markt is verplicht.","Contacttraject Interactive Media Development","https://bamaflexweb.arteveldehs.be/BMFUIDetailxOLOD.aspx?a=230954&b=1&c=1"
"Expedition","2026-27","Bachelor in de grafische en digitale media","","3","6 studiepunten","165,00 uren","01.11.2026 (georganiseerd in semester 1)","op 20 (tot op een geheel getal)","wel","D'Hondt Glenn, Lambrecht Jannes, Rutsaert Evelien, Temmerman Hans, Thys Joris, Vansevenant Fries, Weyens Barend","Nederlands","5","<div class=""clearfix"">In dit opleidingsonderdeel worden studenten gestimuleerd om in groepsverband te experimenteren en zich los te maken van traditionele denkkaders. In tegenstelling tot andere vakken ligt de focus niet op het afleveren van een afgewerkt en kwalitatief eindresultaat, maar op een creatieve en grondige verkenning van uiteenlopende oplossingsrichtingen. Studenten worden aangespoord om vakoverschrijdende benaderingen te ontwikkelen voor opgelegde vraagstukken, met bijzondere aandacht voor het proces van experimenteren als kern van het leertraject.</div>","[{'code': 'GDM/0255', 'description': 'De student kan binnen een grafische en digitale context onderzoeksvragen formuleren en via toegepast design research visuele en inhoudelijke ontwerpbeslissingen onderbouwen.', 'level': 'Leerdoel Verdiepend-Verbredend', 'category': 'BS'}, {'code': 'GDM/0256', 'description': 'De student kan op basis van een iteratief onderzoek een brede reeks grafische concepten ontwikkelen en deze op een doordachte en visueel overtuigende manier presenteren.', 'level': 'Leerdoel Verdiepend-Verbredend', 'category': 'BS'}, {'code': 'GDM/0257', 'description': 'De student kan beeld en tekst doelgericht combineren waarbij visuele communicatie de storytelling en conceptuele kracht binnen grafisch ontwerp versterkt.', 'level': 'Leerdoel Verdiepend-Verbredend', 'category': 'BS'}, {'code': 'GDM/0258', 'description': 'De student kan visuele concepten overtuigend presenteren via grafisch onderbouwde pitches waarbij storytelling en beeldtaal strategisch worden ingezet.', 'level': '1', 'category': 'BS'}, {'code': 'GDM/0259', 'description': 'De student kan functioneren binnen een wisselende, multidisciplinaire groepscontext die een professionele grafische studio simuleert en daarbij actief bijdragen aan proces en collectieve output.', 'level': 'Leerdoel Verdiepend-Verbredend', 'category': 'BS'}]","[]","[]","Zie Canvas","[{'exam_chance': 'Evaluatie(s) voor de eerste examenkans', 'moment': 'eerste examenperiode binnen examenrooster', 'form': 'Werkstuk', 'percentage': '20,00', 'remark': ''}, {'exam_chance': 'Evaluatie(s) voor de eerste examenkans', 'moment': 'eerste examenperiode buiten examenrooster', 'form': 'Werkstuk permanente evaluatie (Permanente evaluatie)', 'percentage': '80,00', 'remark': ''}, {'exam_chance': 'Evaluatie(s) voor de tweede examenkans', 'moment': 'derde examenperiode binnen examenrooster', 'form': 'Werkstuk', 'percentage': '100,00', 'remark': ''}]","- Verspreid over het semester worden verschillende werkstukken gemaakt met specifieke deadlines - Bij de tweede examenkans wordt één opdracht uitgewerkt waarin alle eindcompetenties kunnen worden beoordeeld - Bij te laat indienen van een opdracht, maar minder dan 24 uur na de deadline, wordt 1/3 van de punten afgetrokken. Wanneer een deadline met meer dan 24u is overschreden, zal een nul worden toegekend","Contacttraject Interactive Media Development","https://bamaflexweb.arteveldehs.be/BMFUIDetailxOLOD.aspx?a=231143&b=1&c=1"
"Expert track: Interactive Media Development","2026-27","Bachelor in de grafische en digitale media","","3","12 studiepunten","330,00 uren","01.11.2026 (georganiseerd in semester 1)","op 20 (tot op een geheel getal)","wel","De Paepe Tim, De Weirdt Dieter, Roegiers Frederick","Nederlands","5","<div class=""clearfix""><p>Het Expert Track Interactive Media Development is een praktijkgericht en intensief traject waarin studenten hun eerder verworven technische (Webtechnologie, XR, IoT en Generative AI) en creatieve vaardigheden (Design Thinking, UX/UI design) toepassen én verder verdiepen binnen een realistische en multidisciplinaire projectcontext.<br/>
<br/>
Studenten werken in kleine teams aan een technisch innovatief eindprojecten binnen de drie pijlers: Web, Virtual en Physical. Ze ontwikkelen een volledig functioneel, professioneel en robuust product dat getest, gehost en plug-and-play inzetbaar is. De projecten worden opgezet in samenwerking met externe organisaties en zijn gericht op concrete toepassingen met reële impact.<br/>
<br/>
De nadruk ligt op professioneel werken: het volgen van een ontwikkelproces binnen een opgelegd framework, het verdelen van rollen binnen het team (zoals squad lead), het plannen en opvolgen van taken, het correct documenteren van code en beslissingen, en het helder communiceren binnen het team én met andere teams.<br/>
<br/>
</p>
</div>","[{'code': 'GDM/0399986', 'description': 'De student past geavanceerde technische vaardigheden toe in de ontwikkeling van een interactief digitaal product binnen een van de drie pijlers (Web, Virtual, Physical), waarbij gebruik wordt gemaakt van technologieën zoals XR, IoT en generative AI.', 'level': 'Leerdoel Verdiepend-Verbredend', 'category': 'BS'}, {'code': 'GDM/0399987', 'description': 'De student werkt volgens een gestructureerd ontwikkelproces en hanteert professionele standaarden op het gebied van codekwaliteit, versiebeheer, testing, documentatie en deployment (plug-and-play).', 'level': 'Leerdoel Verdiepend-Verbredend', 'category': 'BS'}, {'code': 'GDM/0399988', 'description': 'De student neemt initiatief in een teamrol (zoals squad lead, developer, UX-designer) en draagt actief bij aan een efficiënte samenwerking, taakverdeling en voortgangsopvolging binnen een multidisciplinair team.', 'level': 'Leerdoel Verdiepend-Verbredend', 'category': 'BS'}, {'code': 'GDM/0399989', 'description': 'De student onderzoekt en integreert inzichten uit Design Thinking en UX/UI design in het project en stemt technische keuzes af op gebruikersbehoeften en context van de externe opdrachtgever.', 'level': 'Leerdoel Verdiepend-Verbredend', 'category': 'BS'}, {'code': 'GDM/0399990', 'description': 'De student communiceert helder en professioneel over projectkeuzes, proces, en resultaten, zowel binnen het eigen team als naar stakeholders en externe partners, en reflecteert kritisch op het product en het samenwerkingsproces.', 'level': 'Leerdoel Verdiepend-Verbredend', 'category': 'BS'}]","[]","[]","","[{'exam_chance': 'Evaluatie(s) voor de eerste examenkans', 'moment': 'eerste examenperiode binnen examenrooster', 'form': 'Mondeling', 'percentage': '30,00', 'remark': ''}, {'exam_chance': 'Evaluatie(s) voor de eerste examenkans', 'moment': 'eerste examenperiode binnen examenrooster', 'form': 'Werkstuk', 'percentage': '40,00', 'remark': ''}, {'exam_chance': 'Evaluatie(s) voor de eerste examenkans', 'moment': 'eerste examenperiode buiten examenrooster', 'form': 'Werkstuk permanente evaluatie (Permanente evaluatie)', 'percentage': '30,00', 'remark': ''}, {'exam_chance': 'Evaluatie(s) voor de tweede examenkans', 'moment': 'derde examenperiode binnen examenrooster', 'form': 'Mondeling', 'percentage': '40,00', 'remark': ''}, {'exam_chance': 'Evaluatie(s) voor de tweede examenkans', 'moment': 'derde examenperiode binnen examenrooster', 'form': 'Werkstuk', 'percentage': '60,00', 'remark': ''}]","Het project wordt afgesloten met een toonmoment waarbij het eindresultaat live wordt gedemonstreerd aan een externe jury. Het product moet voldoen aan duidelijke kwaliteitscriteria rond stabiliteit, gebruiksvriendelijkheid en technische uitvoering.","Contacttraject Interactive Media Development","https://bamaflexweb.arteveldehs.be/BMFUIDetailxOLOD.aspx?a=231133&b=1&c=1"
"Launch Your Own Brand","2026-27","Bachelor in de grafische en digitale media","","3","3 studiepunten","75,00 uren","01.11.2026 (georganiseerd in semester 1)","op 20 (tot op een geheel getal)","wel","Moriau Hadewych, Snels Merel","Engels","5","<div class=""clearfix"">Studenten moeten zich op het einde van de opleiding overtuigend kunnen positioneren binnen het werkveld.<br/>
<br/>
Daarbij zijn niet enkel technische vaardigheden belangrijk, maar ook:<br/>
<br/>
storytelling<br/>
zelfpositionering<br/>
professionele maturiteit<br/>
online aanwezigheid<br/>
networking<br/>
zichtbaarheid van sterktes en interesses<br/>
<br/>
Het vak vertrekt vanuit:<br/>
personal branding<br/>
portfolio-opbouw<br/>
“ik als mediaprofessional”<br/>
<br/>
Het uiteindelijke doel is studenten sterker in het werkveld te laten staan en hun carrière als het ware “in de stelling te zetten”.<br/>
<br/>
De student leert:<br/>
zichzelf professioneel presenteren<br/>
hun sterktes strategisch communiceren<br/>
een coherent professioneel profiel uitbouwen<br/>
communiceren via verschillende media en platformen<br/>
professioneel netwerken<br/>
authentiek en overtuigend storytelling inzetten</div>","[{'code': 'GDM/0515', 'description': 'De student kan zijn professionele waarde duidelijk en overtuigend communiceren, zowel schriftelijk als mondeling, aan diverse belanghebbenden binnen een bedrijf of tijdens sollicitaties.', 'level': 'Leerdoel Verdiepend-Verbredend', 'category': 'BG'}, {'code': 'GDM/0522', 'description': 'De student past de principes van personal branding toe in het ontwerp van zijn/haar portfolio, en zorgt ervoor dat deze visuele identiteit consistent doorgetrokken wordt in de online aanwezigheid (bijvoorbeeld via sociale media-profielen en visuele content).', 'level': 'Leerdoel Verdiepend-Verbredend', 'category': 'BS'}, {'code': 'GDM/0528', 'description': 'De student past zijn/haar online aanwezigheid (bijvoorbeeld LinkedIn, Instagram) strategisch aan om de zichtbaarheid te vergroten en doelgerichte contacten op te bouwen met potentiële werkgevers of opdrachtgevers.', 'level': '1', 'category': 'BG'}, {'code': 'GDM/0605b', 'description': 'De student communiceert schriftelijk en mondeling op een heldere en professionele manier in het Engels over een topic in de creatieve sector.', 'level': 'Leerdoel Verdiepend-Verbredend', 'category': 'BG'}, {'code': 'GDM/0816', 'description': 'De student kan de administratieve, professionele en organisatorische basisprocessen toepassen die nodig zijn voor het opstarten van een freelance praktijk binnen de creatieve sector.', 'level': 'Leerdoel Verdiepend-Verbredend', 'category': 'BG'}]","[]","[]","Het vak bestaat uit een combinatie van hoorcolleges, gastsprekers en interactieve werkcolleges.","[{'exam_chance': 'Evaluatie(s) voor de eerste examenkans', 'moment': 'eerste examenperiode binnen examenrooster', 'form': 'Mondeling', 'percentage': '50,00', 'remark': ''}, {'exam_chance': 'Evaluatie(s) voor de eerste examenkans', 'moment': 'eerste examenperiode binnen examenrooster', 'form': 'Werkstuk', 'percentage': '20,00', 'remark': ''}, {'exam_chance': 'Evaluatie(s) voor de eerste examenkans', 'moment': 'eerste examenperiode buiten examenrooster', 'form': 'Werkstuk', 'percentage': '30,00', 'remark': ''}, {'exam_chance': 'Evaluatie(s) voor de tweede examenkans', 'moment': 'derde examenperiode binnen examenrooster', 'form': 'Mondeling', 'percentage': '50,00', 'remark': ''}, {'exam_chance': 'Evaluatie(s) voor de tweede examenkans', 'moment': 'derde examenperiode binnen examenrooster', 'form': 'Werkstuk', 'percentage': '50,00', 'remark': ''}]","Als een opdracht te laat wordt ingeleverd, maar minder dan 24 uur na de deadline, wordt 1/3 van de punten afgetrokken. Na 24 uur te laat ingeleverd te hebben, wordt een 0 toegekend voor deze opdracht.","Contacttraject Interactive Media Development","https://bamaflexweb.arteveldehs.be/BMFUIDetailxOLOD.aspx?a=232500&b=1&c=1"
"Media Ethics","2026-27","Bachelor in de grafische en digitale media","","3","3 studiepunten","81,00 uren","01.11.2026 (georganiseerd in semester 1)","op 20 (tot op een geheel getal)","wel","","Nederlands","5","<div class=""clearfix""><p>In dit vak worden volgende thema's aangereikt en uitgediept:</p>
<ul>
<li>Religie, zingeving en levensbeschouwing: toelichting bij de drie begrippen.</li>
<li>Leven in een pluralistische samenleving: eigen positiebepaling</li>
<li>De rol van communicatie, journalistiek &amp; media: (interlevensbeschouwelijke) dialoog? Polarisering? Dialoog in de polarisering?</li>
<li>Ethische dilemma's ivm communicatie, media &amp; levensbeschouwing: analyseren, presenteren.</li>
<li>Debat aangaan omtrent ethische dilemma's en zingevingsvragen.</li>
<li>Inspiratiebronnen verkennen voor een zinvol leven en ethisch handelen.</li>
</ul></div>","[{'code': 'GDM/2022-23/0607', 'description': 'De student kan overtuigend en professioneel communiceren omtrent een professioneel gebonden thema, schriftelijk en/of mondeling.', 'level': 'Leerdoel Verdiepend-Verbredend', 'category': 'BG'}, {'code': 'GDM/2022-23/0802', 'description': 'De student kan kritisch reflecteren op ethische, deontologische en duurzaamheidsgerelateerde kwesties binnen het vakgebied.', 'level': 'Leerdoel Verdiepend-Verbredend', 'category': 'ALG'}, {'code': 'GDM/2022-23/0803', 'description': 'De student kan vanuit een ethisch standpunt kritisch reflecteren op nieuwe technologieën, innovatieve modellen en designtrends.', 'level': 'Leerdoel Verdiepend-Verbredend', 'category': 'ALG'}]","[]","[]","Zie Canvas.","[{'exam_chance': 'Evaluatie(s) voor de eerste examenkans', 'moment': 'eerste examenperiode binnen examenrooster', 'form': 'Mondeling', 'percentage': '60,00', 'remark': 'De student dient zijn portfolio in ter voorbereiding van het examen op moment van deadline in het uurrooster.'}, {'exam_chance': 'Evaluatie(s) voor de eerste examenkans', 'moment': 'eerste examenperiode buiten examenrooster', 'form': 'Mondeling', 'percentage': '30,00', 'remark': ''}, {'exam_chance': 'Evaluatie(s) voor de eerste examenkans', 'moment': 'eerste examenperiode buiten examenrooster', 'form': 'Rapporten', 'percentage': '10,00', 'remark': ''}, {'exam_chance': 'Evaluatie(s) voor de tweede examenkans', 'moment': 'derde examenperiode binnen examenrooster', 'form': 'Mondeling', 'percentage': '100,00', 'remark': ''}]","Bij te laat indienen van een opdracht, maar minder dan 24 uur na de deadline, wordt 1/3 van de punten afgetrokken. Na 24u te laat indienen, zal een nul worden toegekend aan deze opdracht.","Contacttraject Interactive Media Development","https://bamaflexweb.arteveldehs.be/BMFUIDetailxOLOD.aspx?a=230953&b=1&c=1"
"Creative Business Essentials","2026-27","Bachelor in de grafische en digitale media","","1","5 studiepunten","138,00 uren","15.03.2027 (georganiseerd in semester 2)","op 20 (tot op een geheel getal)","wel","De Canck Inge, De Laender Annick, Vandenberghe Peter, Vanhees Rob","Nederlands","2","<div class=""clearfix""><p><strong>Creative Business Essentials </strong> bestaat uit 4 onderdelen:</p>
<p><span style=""text-decoration: underline;"">Sectoranalyse</span></p>
<ul>
<li>Kennis maken met de sector door inzichten te krijgen in het landschap van de grafische en digitale mediasector waardoor je je kan oriënteren binnen de verschillende disciplines. </li>
<li>Introductie personal branding en portfolio.</li>
<li>Aanmaak van LinkedIn-profiel.</li>
</ul>
<p><span style=""text-decoration: underline;"">Economie voor de creatieve sector</span></p>
<ul>
<li>Verwerven van economisch inzicht als videograaf, webdesigner, print expert, grafisch vormgever … om bedrijven te evalueren, beleidsbeslissingen te nemen en projecten te kunnen budgetteren en managen. </li>
<li>Basiskennis boekhoudkundige verplichtingen, factuur aanmaken.</li>
</ul>
<p><span style=""text-decoration: underline;"">Marketing</span> </p>
<ul>
<li>
    Inleiding tot het basisreferentiekader van marketing, essentieel voor het ontwikkelen van campagnes en grafische of digitale mediaproducten voor opdrachtgevers.</li>
<li>Verwerven van basiskennis en vertrouwd raken met kernbegrippen en terminologie, met focus op de praktische toepassing van de leerstof.</li>
</ul>
<p>
 </p>
<p><span style=""text-decoration: underline;"">Juridisch en ethisch kader </span></p>
<ul>
<li>
    Bij de ontwikkeling van een mediaproduct rekening houden met het correcte wettelijk kader alsook de afspraken binnen de sector kunnen interpreteren. Door de grenzen te kennen bij het gebruik van media (grafisch, audio, foto, video,...) materiaal behoud je als professional de beroepsethiek en kan je juist refereren bij het gebruik van niet eigen materiaal. </li>
<li>Heeft inzicht in de formaliteiten en in de keuze van de ondernemingsvorm bij de opstart van een onderneming.</li>
</ul></div>","[{'code': 'GDM/0101', 'description': 'De student kent het belang van marketingkennis in de media- en creatieve sector.', 'level': 'Leerdoel Elementair', 'category': 'BS'}, {'code': 'GDM/0102', 'description': 'De student begrijpt de basisprincipes en - concepten van marketing.', 'level': 'Leerdoel Elementair', 'category': 'BS'}, {'code': 'GDM/0103', 'description': 'De student heeft  inzicht in marketingstrategieën.', 'level': 'Leerdoel Elementair', 'category': 'BS'}, {'code': 'GDM/0105', 'description': 'De student heeft inzicht in de manier waarop marktanalysegegevens gebruikt worden om markttrends en consumentengedrag te begrijpen.', 'level': 'Leerdoel Elementair', 'category': 'BS'}, {'code': 'GDM/0505', 'description': 'De student kent de belangrijkste bronnen om op de hoogte te blijven van ontwikkelingen, innovaties en trends die zich afspelen in de grafische, creatieve en mediasector.', 'level': 'Leerdoel Elementair', 'category': 'BG'}, {'code': 'GDM/0516', 'description': 'De student begrijpt het doel en de waarde van een portfolio, personal branding en online aanwezigheid in de zoektocht naar werk.', 'level': 'Leerdoel Elementair', 'category': 'BG'}, {'code': 'GDM/0517', 'description': 'De student kan uitleggen wat personal branding is, waarom het belangrijk is voor de zichtbaarheid van een creatief professional, en hoe dit in het portfolio en sociale media geïntegreerd kan worden.', 'level': 'Leerdoel Elementair', 'category': 'BG'}, {'code': 'GDM/0518', 'description': 'De student begrijpt hoe visuele branding, zoals logo, typografie en kleurgebruik, kan bijdragen aan een consistente en professionele uitstraling van het portfolio en de sociale mediakanalen.', 'level': 'Leerdoel Elementair', 'category': 'BG'}, {'code': 'GDM/0519', 'description': 'De student begrijpt het belang van storytelling en gebruikt het om zijn/haar werk en persoonlijke merk op een overtuigende manier te presenteren, zowel in het portfolio als op sociale mediakanalen.', 'level': 'Leerdoel Elementair', 'category': 'BG'}, {'code': 'GDM/0701', 'description': 'De student kent de verschillende functieprofielen in de creatieve sector en hun verhouding tot elkaar.', 'level': 'Leerdoel Elementair', 'category': 'ALG'}, {'code': 'GDM/0802', 'description': 'De student kent de belangrijkste stakeholders van de grafische, creatieve mediasector en hun relevantie.', 'level': 'Leerdoel Elementair', 'category': 'BG'}, {'code': 'GDM/0803', 'description': 'De student begrijpt de basisprincipes van kostenbeheersing, cashflow en investeringen van een KMO in de creatieve sector en heeft inzicht in wat een financieel gezond bedrijf is.', 'level': 'Leerdoel Elementair', 'category': 'ALG'}, {'code': 'GDM/0805', 'description': 'De student kent bedrijfsmodellen en kan deze invullen om nieuwe organisaties/producten in de creatieve sector in kaart te brengen.', 'level': 'Leerdoel Elementair', 'category': 'ALG'}, {'code': 'GDM/0806', 'description': 'De student begrijpt de mechanismen die in een creatief bedrijf gebruikt worden om een werknemer te beoordelen.', 'level': 'Leerdoel Elementair', 'category': 'ALG'}, {'code': 'GDM/0808', 'description': 'De student heeft inzicht in de wetgeving en de gedragscodes waarmee hij in het creatieproces van mediaproducten moet rekening houden en herkent overtredingen hiertegen.', 'level': 'Leerdoel Elementair', 'category': 'ALG'}, {'code': 'GDM/0809', 'description': 'De student heeft inzicht in de regelgeving rond vertrouwelijkheid en integriteit van gegevens (m.n. privacy).', 'level': 'Leerdoel Elementair', 'category': 'ALG'}]","[]","[]","Zie Canvas.","[{'exam_chance': 'Evaluatie(s) voor de eerste examenkans', 'moment': 'tweede examenperiode binnen examenrooster', 'form': 'Schriftelijk', 'percentage': '65,00', 'remark': ''}, {'exam_chance': 'Evaluatie(s) voor de eerste examenkans', 'moment': 'tweede examenperiode buiten examenrooster', 'form': 'Werkstuk', 'percentage': '35,00', 'remark': ''}, {'exam_chance': 'Evaluatie(s) voor de tweede examenkans', 'moment': 'derde examenperiode binnen examenrooster', 'form': 'Schriftelijk', 'percentage': '65,00', 'remark': ''}, {'exam_chance': 'Evaluatie(s) voor de tweede examenkans', 'moment': 'derde examenperiode binnen examenrooster', 'form': 'Werkstuk', 'percentage': '35,00', 'remark': ''}]","Bij te laat indienen van een opdracht, maar minder dan 24 uur na de deadline, wordt 1/3 van de punten afgetrokken. Na 24u te laat indienen, zal een nul worden toegekend voor deze opdracht.","Contacttraject Print Media Technology","https://bamaflexweb.arteveldehs.be/BMFUIDetailxOLOD.aspx?a=228013&b=1&c=1"
"DeSign 1","2026-27","Bachelor in de grafische en digitale media","","1","5 studiepunten","108,00 uren","01.11.2026 (georganiseerd in semester 1)","op 20 (tot op een geheel getal)","wel","","Nederlands","1","<div class=""clearfix""><ul>
<li>Vakterminologie opmaaksoftware</li>
<li>Inzicht in de drukvoorbereiding van een grafisch product</li>
<li>Een printmedia product met de beschikbare tools (software) digitaal correct uitvoeren</li>
<li>Printmedia producten vormelijk analyseren</li>
<li>Efficiënt gebruik van tekst- (en beeldmateriaal)</li>
<li>Technische aspecten van een ontwerp in vraag stellen</li>
</ul>
<ul>
<li>Analoge en digitale oefeningen op vlakverdeling en compositieleer (compositie).</li>
<li>Analoge en digitale oefeningen op kleurgebruik (kleursamenstelling en kleurmenging).</li>
<li>Analoge en digitale oefeningen op vormstudie (stilering).</li>
</ul></div>","[{'code': 'GDM/0205', 'description': 'De student beheerst een basiskennis van typografische principes en kan deze toepassen in een eenvoudig ontwerp.', 'level': 'Leerdoel Elementair', 'category': 'BS'}, {'code': 'GDM/0207', 'description': 'De student past design principes zoals contrast, compositie, kleurgebruik, storytelling, enz., toe om een aantrekkelijk, evenwichtig en visueel aantrekkelijk mediaproduct te creëren.', 'level': 'Leerdoel Verdiepend-Verbredend', 'category': 'BS'}, {'code': 'GDM/0210', 'description': 'De student houdt rekening met de doelgroep, het doel en de boodschap van het mediaproduct bij het vormgeven van het concept.', 'level': 'Leerdoel Verdiepend-Verbredend', 'category': 'BS'}, {'code': 'GDM/0320', 'description': 'De student maakt een ontwerp technisch drukklaar, volgens correcte industriestandaarden en werkmethodes om optimaal, kwalitatief en repeteerbaar te reproduceren.', 'level': 'Leerdoel Verdiepend-Verbredend', 'category': 'BS'}, {'code': 'GDM/0321', 'description': 'De student kan onder begeleiding, een eenvoudig printproductieproces uitvoeren met aandacht voor de kwaliteitseisen.', 'level': 'Leerdoel Verdiepend-Verbredend', 'category': 'BS'}]","[]","[]","Tijdens hoor- en werkcolleges worden theoretische en praktische kennis en vaardigheden gekoppeld aan oefeningen. De student neemt tijdens de voorbereiding, studie, onderzoek en uitvoering het initiatief tot feedback. De onderwijs- en evaluatie-organisatie zal verlopen zoals op deze ECTS-fiches is vermeld, tenzij maatregelen moeten genomen worden ten gevolge van een pandemie en zodoende er andere onderwijs- en evaluatievormen zullen gehanteerd worden.","[{'exam_chance': 'Evaluatie(s) voor de eerste examenkans', 'moment': 'eerste examenperiode buiten examenrooster', 'form': 'Werkstuk permanente evaluatie (Permanente evaluatie)', 'percentage': '100,00', 'remark': ''}, {'exam_chance': 'Evaluatie(s) voor de tweede examenkans', 'moment': 'derde examenperiode binnen examenrooster', 'form': 'Werkstuk', 'percentage': '100,00', 'remark': ''}]","Algemeen Bij te laat indienen van een opdracht, maar minder dan 24 uur na de deadline, wordt 1/3 van de punten afgetrokken. Na 24u te laat, worden geen punten meer toegekend voor deze opdracht. Eerste examenkans Tijdens het semester wordt via Canvas en tijdens de lessen feedback gegeven op ingediende opdrachten. Permanente evaluatie in minstens 2 evaluatiemomenten verspreid over het semester. Tweede examenkans Voor de tweede examenskans wordt een nieuwe opdracht gemaakt waarin alle eindcompetenties worden beoordeeld.","Contacttraject Print Media Technology","https://bamaflexweb.arteveldehs.be/BMFUIDetailxOLOD.aspx?a=230583&b=1&c=1"
"DeSign 2","2026-27","Bachelor in de grafische en digitale media","","1","5 studiepunten","108,00 uren","15.03.2027 (georganiseerd in semester 2)","op 20 (tot op een geheel getal)","wel","Dehaemers Ann, Vande Populiere Eva","Nederlands","2","<div class=""clearfix""><ul>
<li>Inzicht in de drukvoorbereiding van een grafisch product</li>
<li>Een printmedia product met de beschikbare tools (software) digitaal uitvoeren</li>
<li>Instellingen van de printsoftware in functie van het uitvoeren van een printmedia product.</li>
<li>Digitale opdrachten op precisie en correct softwaregebruik.</li>
<li>Esthetische en technische aspecten van een ontwerp en eigen werk in vraag stellen</li>
<li>Efficiënt gebruik van tekst- (en beeldmateriaal).</li>
<li>De principes van vormgeving kunnen toepassen.</li>
<li>De visuele indentiteit analyseren en toepassen.</li>
<li>De verschillende aspecten die een typografie bepalen (in functie van doelgroep en soort eindproduct).</li>
</ul></div>","[{'code': 'GDM/0205', 'description': 'De student beheerst een basiskennis van typografische principes en kan deze toepassen in een eenvoudig ontwerp.', 'level': 'Leerdoel Elementair', 'category': 'BS'}, {'code': 'GDM/0207', 'description': 'De student past design principes zoals contrast, compositie, kleurgebruik, storytelling, enz., toe om een aantrekkelijk, evenwichtig en visueel aantrekkelijk mediaproduct te creëren.', 'level': 'Leerdoel Verdiepend-Verbredend', 'category': 'BS'}, {'code': 'GDM/0210', 'description': 'De student houdt rekening met de doelgroep, het doel en de boodschap van het mediaproduct bij het vormgeven van het concept.', 'level': 'Leerdoel Verdiepend-Verbredend', 'category': 'BS'}, {'code': 'GDM/0211', 'description': 'De student kan een complexe vraag analyseren, vereenvoudigen en vertalen naar visuele output (denk aan opdrachten zoals stappenplan, handleiding, infografiek, scenario,…)', 'level': 'Leerdoel Verdiepend-Verbredend', 'category': 'BS'}, {'code': 'GDM/0306', 'description': 'De student heeft inzicht in de esthetische aspecten en eigenschappen van grondstoffen en technieken die het eindresultaat visueel beïnvloeden', 'level': 'Leerdoel Elementair', 'category': 'BS'}, {'code': 'GDM/0322', 'description': 'De studnent kiest een gepaste productietechniek op basis van het te ontwikkelen eindproduct.', 'level': 'Leerdoel Verdiepend-Verbredend', 'category': 'BS'}]","[]","[]","Tijdens hoor- en werkcolleges worden theoretische en praktische kennis en vaardigheden gekoppeld aan oefeningen. De student neemt tijdens de voorbereiding, studie, onderzoek en uitvoering het initiatief tot feedback. De onderwijs- en evaluatie-organisatie zal verlopen zoals op deze ECTS-fiches is vermeld, tenzij maatregelen moeten genomen worden ten gevolge van een pandemie en zodoende er andere onderwijs- en evaluatievormen zullen gehanteerd worden.","[{'exam_chance': 'Evaluatie(s) voor de eerste examenkans', 'moment': 'tweede examenperiode binnen examenrooster', 'form': 'Mondeling', 'percentage': '20,00', 'remark': ''}, {'exam_chance': 'Evaluatie(s) voor de eerste examenkans', 'moment': 'tweede examenperiode buiten examenrooster', 'form': 'Werkstuk permanente evaluatie (Permanente evaluatie)', 'percentage': '80,00', 'remark': ''}, {'exam_chance': 'Evaluatie(s) voor de tweede examenkans', 'moment': 'derde examenperiode binnen examenrooster', 'form': 'Mondeling', 'percentage': '20,00', 'remark': ''}, {'exam_chance': 'Evaluatie(s) voor de tweede examenkans', 'moment': 'derde examenperiode binnen examenrooster', 'form': 'Werkstuk', 'percentage': '80,00', 'remark': ''}]","Algemeen Bij te laat indienen van een opdracht, maar minder dan 24 uur na de deadline, wordt 1/3 van de punten afgetrokken. Na 24u te laat, zal een nul worden toegekend op deze opdracht. Eerste examenkans Tijdens het semester wordt via Canvas en tijdens de lessen feedback gegeven op ingediende opdrachten. Er is geen afzonderlijk examen, wel een semesterafsluitende opdracht tijdens de laatste lessen (60% van de totale evaluatie) waarin competenties uit vorige opdrachten herhaald worden. Theorie wordt getoetst in een mondeling examen. Tweede examenkans Voor de tweede examenkans wordt een nieuwe opdracht gemaakt waarin alle eindcompetenties worden beoordeeld. De theorie wordt in een mondeling examen getoetst.","Contacttraject Print Media Technology","https://bamaflexweb.arteveldehs.be/BMFUIDetailxOLOD.aspx?a=230577&b=1&c=1"
"Design Principles semester 1","2026-27","Bachelor in de grafische en digitale media","","1","4 studiepunten","126,00 uren","01.11.2026 (georganiseerd in semester 1)","op 20 (tot op een geheel getal)","wel","Taalvak:","Engels","1","<div class=""clearfix"">- Belangrijkste kunst- en design-stromingen en hun relevantie voor hedendaags ontwerp.<br/>
- Communicatiepsychologie voor verschillende media.<br/>
- Design Principes en hun toepassingen in verschillende media.<br/>
- Typografie (Anatomie van letters, gebruik van fonts in diverse media, basics in lay-out for motion)<br/>
- Universal design (Accessible, Usable, Inclusive) in het ontwerpen van media.</div>","[{'code': 'GDM/0201', 'description': 'De student begrijpt de basistechnieken van creatief denken.', 'level': 'Leerdoel Elementair', 'category': 'BS'}, {'code': 'GDM/0202', 'description': 'De student heeft inzicht in de principes van multimediale communicatie en het betreffende vakjargon.', 'level': 'Leerdoel Elementair', 'category': 'BS'}, {'code': 'GDM/0203', 'description': 'De student kent de culturele en historische achtergrond van hedendaagse visuele communicatie.', 'level': 'Leerdoel Elementair', 'category': 'BS'}, {'code': 'GDM/0204', 'description': 'De student heeft een goed begrip van design principes en hun toepassingen binnen de verschillende visuele communicatie disciplines', 'level': 'Leerdoel Elementair', 'category': 'BS'}, {'code': 'GDM/0811', 'description': 'De student heeft inzicht in de principes van Universal Design zoals toegankelijkheid, bruikbaarheid, inclusie en flexibiliteit voor het ontwerpen van mediaproducten.', 'level': 'Leerdoel Elementair', 'category': 'ALG'}]","[]","[]","","[{'exam_chance': 'Evaluatie(s) voor de eerste examenkans', 'moment': 'eerste examenperiode binnen examenrooster', 'form': 'Schriftelijk', 'percentage': '75,00', 'remark': ''}, {'exam_chance': 'Evaluatie(s) voor de eerste examenkans', 'moment': 'eerste examenperiode buiten examenrooster', 'form': 'Schriftelijk', 'percentage': '25,00', 'remark': 'Vooruitgeschoven examen'}, {'exam_chance': 'Evaluatie(s) voor de tweede examenkans', 'moment': 'derde examenperiode binnen examenrooster', 'form': 'Schriftelijk', 'percentage': '100,00', 'remark': ''}]","Schriftelijk examen Het vak wordt geëvalueerd met een vooruitgeschoven examen en een eindexamen aan het einde van het semester. Beide examens bestaan uit meerkeuzevragen met vier antwoordmogelijkheden, waarbij telkens één antwoord correct is. Er wordt geen cesuur toegepast op het examen. Het vooruitgeschoven examen telt mee voor 25% van het totaal. Het eindexamen telt mee voor 75% van het totaal. De leerstof van het vooruitgeschoven examen wordt niet hernomen voor het eindexamen. De student kan kiezen om het examen in het Engels of het Nederlands af te leggen.","Contacttraject Print Media Technology","https://bamaflexweb.arteveldehs.be/BMFUIDetailxOLOD.aspx?a=228322&b=1&c=1"
"Design Research","2026-27","Bachelor in de grafische en digitale media","","1","5 studiepunten","140,00 uren","15.03.2027 (georganiseerd in semester 2)","op 20 (tot op een geheel getal)","wel","Kopatz Janine, Lowagie Jelle, Vanderweeën Benedikte, Verzele Els","Nederlands","2","<div class=""clearfix"">
- De relevantie van onderzoek, specifiek binnen design en media<br/>
- Onderzoeksmethodologie (formuleren onderzoeksvraag, kwantitatief vs. kwalitatief, onderzoeksmethoden, ...)<br/>
- De fasen en bijbehorende methoden binnen een Design Thinking-onderzoek<br/>
- Op elementair niveau zelf een onderzoek opzetten om informatie te vergaren, via bronnen of via eigen onderzoeksactiviteiten<br/>
<ul></ul>
<br class=""t-last-br""/>
<div data-extension-version=""1.0.4"" id=""ConnectiveDocSignExtentionInstalled""> </div></div>","[{'code': 'GDM/0401', 'description': 'De student kent het nut van onderzoek voor een designer, en snapt hoe\\xa0onderzoeksconclusies\\xa0een impact kunnen hebben op (het ontwerp van) een mediaproduct.', 'level': 'Leerdoel Elementair', 'category': 'BG'}, {'code': 'GDM/0402', 'description': ""De student kent het proces van 'design thinking' en kent de verschillende fasen."", 'level': 'Leerdoel Elementair', 'category': 'BG'}, {'code': 'GDM/0403', 'description': ""De student kent het verschil tussen een complexe ('wicked') vraag en een enkelvoudige design- of ontwikkelvraag."", 'level': 'Leerdoel Elementair', 'category': 'BG'}, {'code': 'GDM/0404', 'description': ""De student kan een afgebakende onderzoeksvraag formuleren, vooral in functie van 'design thinking'."", 'level': 'Leerdoel Elementair', 'category': 'BG'}, {'code': 'GDM/0406', 'description': 'De student kent verschillende typen van onderzoeksmethoden, met de toepassingen en voor- en nadelen, voor probleemdefinitie (discover &\\xa0define).', 'level': 'Leerdoel Elementair', 'category': 'BG'}, {'code': 'GDM/0407', 'description': 'De student kent verschillende typen van onderzoeksmethoden, met de toepassingen en voor- en nadelen, voor idee-generatie (ideation).', 'level': 'Leerdoel Elementair', 'category': 'BG'}, {'code': 'GDM/0408', 'description': ""De student kan deze verschillende typen van onderzoeksmethoden koppelen aan fasen in het 'design thinking'-proces."", 'level': 'Leerdoel Elementair', 'category': 'BG'}, {'code': 'GDM/0409', 'description': 'De student heeft de kennis en vaardigheden om op elementair niveau informatie te vergaren, via bronnen of via eigen onderzoeksactiviteiten.', 'level': 'Leerdoel Elementair', 'category': 'BG'}]","[]","[]","Zie Canvas.","[{'exam_chance': 'Evaluatie(s) voor de eerste examenkans', 'moment': 'tweede examenperiode binnen examenrooster', 'form': 'Schriftelijk', 'percentage': '70,00', 'remark': ''}, {'exam_chance': 'Evaluatie(s) voor de eerste examenkans', 'moment': 'tweede examenperiode buiten examenrooster', 'form': 'Werkstuk', 'percentage': '30,00', 'remark': ''}, {'exam_chance': 'Evaluatie(s) voor de tweede examenkans', 'moment': 'derde examenperiode binnen examenrooster', 'form': 'Schriftelijk', 'percentage': '100,00', 'remark': ''}]","Bij te laat indienen van een opdracht, maar minder dan 24 uur na de deadline, wordt 1/3 van de punten afgetrokken. Na 24 uur te laat indienen, zal een nul worden toegekend aan deze opdracht.","Contacttraject Print Media Technology","https://bamaflexweb.arteveldehs.be/BMFUIDetailxOLOD.aspx?a=228092&b=1&c=1"
"Digital Experience 1","2026-27","Bachelor in de grafische en digitale media","","1","5 studiepunten","135,00 uren","01.11.2026 (georganiseerd in semester 1)","op 20 (tot op een geheel getal)","wel","Roegiers Frederick","Nederlands","1","<div class=""clearfix""><p>Kennismaken met digitale media en ervaringen die kunnen worden toegepast op printmedia, zoals verpakkingen, winkeldisplays, ...</p>
<p>Inzicht verwerven in de integratie van digitale ervaringen zoals web, augmented reality, en dat via sensoren, digitale etiketten zoals rfid, nfc, QR-codes, ...</p>
<p>Basisvaardigheden ontwikkelen in werken met html en css, aangevuld met basisalgoritmen voor scripting.<br/>
Basiskennis rond dataformaten zoals xml, json. Basiskennis rond machine learning.</p>
<p>Praktische vaardigheden ontwikkelen in het maken van een eenvoudige website.</p>
<p>Theoretisch:<br/>
<br/>
- Digitale media en ervaringen voor printmedia.<br/>
- Integratie van AR, sensoren en digitale etiketten.<br/>
- Dataformaten: xml, json, database<br/>
- Basisalgoritmen voor scripting en programmering.<br/>
- ...</p>
<p>Praktisch:<br/>
<br/>
- Maken van een digitale ervaring / website en deployment.<br/>
- ...</p></div>","[{'code': 'GDM/0211', 'description': 'De student kan een complexe vraag analyseren, vereenvoudigen en vertalen naar visuele output (denk aan opdrachten zoals stappenplan, handleiding, infografiek, scenario,…)', 'level': 'Leerdoel Verdiepend-Verbredend', 'category': 'BS'}, {'code': 'GDM/0309', 'description': 'De student kent de gangbare terminologie uit de computerwetenschappen en software engineering die van toepassing zijn bij de ontwikkeling van media-applicaties.', 'level': 'Leerdoel Elementair', 'category': 'BS'}, {'code': 'GDM/0310', 'description': ""De student heeft inzicht in verschillende vormen van digitale ervaringen (zoals interactieve pagina's, augmented reality-ervaringen, QR-codes en andere digitale integraties)."", 'level': 'Leerdoel Elementair', 'category': 'BS'}, {'code': 'GDM/0311', 'description': 'De student heeft inzicht in digitale media en ICT-technieken die kunnen ingezet worden voor crossmediale media.', 'level': 'Leerdoel Elementair', 'category': 'BS'}, {'code': 'GDM/0326', 'description': 'De student implementeert een media-applicatie met behulp van bestaande platformen, programmeertalen, frameworks, en/of tools.', 'level': 'Leerdoel Verdiepend-Verbredend', 'category': 'BS'}, {'code': 'GDM/0328', 'description': 'De student ontwerpt en/of implementeert gebruiksvriendelijke, toegankelijke gebruikersinterfaces voor een media-applicatie.', 'level': 'Leerdoel Verdiepend-Verbredend', 'category': 'BS'}, {'code': 'GDM/0333', 'description': 'De student heeft inzicht in het beheer van data en het gebruik ervan in een geautomatiseerde crossmediale informatiestroom.', 'level': 'Leerdoel Verdiepend-Verbredend', 'category': 'BS'}]","[]","[]","Zie Canvas.","[{'exam_chance': 'Evaluatie(s) voor de eerste examenkans', 'moment': 'eerste examenperiode binnen examenrooster', 'form': 'Schriftelijk', 'percentage': '50,00', 'remark': 'Schriftelijk examen (praktisch en theoretisch)'}, {'exam_chance': 'Evaluatie(s) voor de eerste examenkans', 'moment': 'eerste examenperiode buiten examenrooster', 'form': 'Werkstuk permanente evaluatie (Permanente evaluatie)', 'percentage': '50,00', 'remark': ""Labo's""}, {'exam_chance': 'Evaluatie(s) voor de tweede examenkans', 'moment': 'derde examenperiode binnen examenrooster', 'form': 'Schriftelijk', 'percentage': '100,00', 'remark': 'Schriftelijk examen (praktisch en theoretisch)'}]","Bij te laat indienen van een opdracht, maar minder dan 24 uur na de deadline, wordt 1/3 van de punten afgetrokken. Na 24 uur te laat indienen, zal een nul worden toegekend op deze opdracht.","Contacttraject Print Media Technology","https://bamaflexweb.arteveldehs.be/BMFUIDetailxOLOD.aspx?a=230582&b=1&c=1"
"Illustrator semester 1","2026-27","Bachelor in de grafische en digitale media","","1","3 studiepunten","83,00 uren","01.11.2026 (georganiseerd in semester 1)","op 20 (tot op een geheel getal)","wel","Duytschaever Tineke, Hemelsoet Ingrid, Langeraert Pieter, Vande Populiere Eva","Nederlands","1","<div class=""clearfix""><p>Software pakket Adobe Illustrator:</p>
<ul>
<li>Werken met documenten</li>
<li>Basishandelingen</li>
<li>Basisvormen en actieve vormen</li>
<li>Vormen combineren</li>
<li>Laagorganisatie en tekengebieden</li>
<li>Objecten kleuren</li>
<li>Objecten transformeren</li>
<li>Paden tekenen en bewerken</li>
<li>Maskers</li>
<li>Objecten positioneren met grid, hulplijnen, transformatiepalet</li>
<li>Vormkenmerken</li>
<li>Effecten en vervormingen</li>
</ul>
<p>
Georganiseerde files kunnen aanleveren die op efficiënte manier altijd aanpasbaar zijn volgens de wensen van de klant. </p>
</div>","[{'code': 'GDM/0316', 'description': 'De student kan op een vakkundige en efficiënte wijze een goed georganiseerd en correct opgebouwde digitaal ontwerp opmaken in Illustrator.', 'level': 'Leerdoel Verdiepend-Verbredend', 'category': 'BS'}]","[]","[]","Dit olod wordt gegeven in een combinatie van praktijklessen, zelfstandig leren en opdrachten met permanente evaluatie. De student neemt tijdens de voorbereiding, studie, onderzoek en uitvoering het initiatief tot feedback. Zie ook de studiewijzer in Canvas.","[{'exam_chance': 'Evaluatie(s) voor de eerste examenkans', 'moment': 'eerste examenperiode binnen examenrooster', 'form': 'Schriftelijk', 'percentage': '75,00', 'remark': ''}, {'exam_chance': 'Evaluatie(s) voor de eerste examenkans', 'moment': 'eerste examenperiode buiten examenrooster', 'form': 'Werkstuk permanente evaluatie (Permanente evaluatie)', 'percentage': '25,00', 'remark': ''}, {'exam_chance': 'Evaluatie(s) voor de tweede examenkans', 'moment': 'derde examenperiode binnen examenrooster', 'form': 'Schriftelijk', 'percentage': '100,00', 'remark': ''}]","Bij te laat indienen van een opdracht, maar minder dan 24 uur na de deadline, wordt 1/3 van de punten afgetrokken. Na 24u te laat indienen, zal een nul worden toegekend aan deze opdracht. De eerste examenkans bestaat voor 25% evaluatie van de opdrachten gedurende het semester en 75% uit examenopdracht op eigen laptop op de campus. De tweede examenkans bestaat uit een examenopdracht (100%) op de campus tijdens de examenperiode op eigen laptop.","Contacttraject Print Media Technology","https://bamaflexweb.arteveldehs.be/BMFUIDetailxOLOD.aspx?a=230587&b=1&c=1"
"Media Technology","2026-27","Bachelor in de grafische en digitale media","","1","5 studiepunten","139,00 uren","01.11.2026 (georganiseerd in semester 1)","op 20 (tot op een geheel getal)","wel","Pas Jens","Nederlands","1","<div class=""clearfix""><p>Het vak Mediatechnologie biedt een brede en fundamentele inleiding in de technologische bouwstenen van hedendaagse media. Studenten verwerven een helder overzicht van hoe verschillende mediatechnologieën functioneren en hoe ze complementair samenwerken binnen mediaproductie en -gebruik. De cursus focust op inzicht in onderliggende principes en systemen. </p>
<p>
Door deze brede benadering ontwikkelen studenten een geïntegreerd begrip van beeld, geluid, drukwerk en digitale media, wat hen toelaat om verbanden te leggen tussen verschillende technologieën en beter onderbouwde keuzes te maken in hun verdere opleiding en praktijk.</p>
<p>Belangrijkste onderdelen van de cursus:<br/>
•	Inleiding tot mediatechnologie en haar toepassingsdomeinen<br/>
•	Basisprincipes van elektriciteit als fundament voor technologie<br/>
•	ICT-basiskennis: hardware, opslag, netwerken en systeemarchitecturen<br/>
•	Digitale representatie van informatie (beeld en geluid)<br/>
•	Printtechnologie en drukprocessen<br/>
•	3D-technologie: modeling, scanning, printing en animatie<br/>
•	Immersieve media: AR, VR en XR<br/>
•	Bestandsformaten, compressie en opslagmedia<br/>
•	Videotechnologie: beeldvorming, compressie en distributie<br/>
•	Audiotechnologie: opname, signaalverwerking en digitalisering<br/>
•	Distributie van media (o.a. streaming en narrowcasting)<br/>
• Introductie in Artificiële Intelligentie</p>
<br/><br/>
<br/><br/>
</div>","[{'code': 'GDM/0301', 'description': 'De student kent de toepassingen, materialen en productiemethoden van verschillende 3D-toepassingen.', 'level': 'Leerdoel Elementair', 'category': 'BS'}, {'code': 'GDM/0302', 'description': 'De student kent de verschillende fasen van een 3D- productieproces.', 'level': 'Leerdoel Elementair', 'category': 'BS'}, {'code': 'GDM/0303', 'description': 'De student kent en begrijpt de terminologie en werking van audiovisuele technologie.', 'level': 'Leerdoel Elementair', 'category': 'BS'}, {'code': 'GDM/0304', 'description': 'De student kent en begrijpt de terminologie en werking van printtechnologie.', 'level': 'Leerdoel Elementair', 'category': 'BS'}, {'code': 'GDM/0305', 'description': 'De student heeft inzciht in de verschillende fasen van een printproductieproces: prepress, press en postpress.', 'level': 'Leerdoel Elementair', 'category': 'BS'}, {'code': 'GDM/0307', 'description': 'De student kent de toepassingen, materialen en productiemethoden van verschillende printtoepassingen.', 'level': 'Leerdoel Elementair', 'category': 'BS'}, {'code': 'GDM/0308', 'description': 'De student kent en begrijpt de terminologie en werking van computer- en internet technologie.', 'level': 'Leerdoel Elementair', 'category': 'BS'}, {'code': 'GDM/0399996', 'description': 'De student kan de basisprincipes, werk¬processen en toepassings¬mogelijkheden van hedendaagse AI systemen helder toelichten.', 'level': 'Leerdoel Verdiepend-Verbredend', 'category': 'BS'}]","[]","[]","De onderwijsorganisatie betreft hoorcollege's die op de campus worden georganiseerd. Details over de structuur van de college's en de onderwerpen vind je terug in de studiewijzer op Canvas.","[{'exam_chance': 'Evaluatie(s) voor de eerste examenkans', 'moment': 'eerste examenperiode binnen examenrooster', 'form': 'Schriftelijk', 'percentage': '75,00', 'remark': ''}, {'exam_chance': 'Evaluatie(s) voor de eerste examenkans', 'moment': 'eerste examenperiode buiten examenrooster', 'form': 'Schriftelijk', 'percentage': '25,00', 'remark': 'Vooruitgeschoven examen na de herfstperiode'}, {'exam_chance': 'Evaluatie(s) voor de tweede examenkans', 'moment': 'derde examenperiode binnen examenrooster', 'form': 'Schriftelijk', 'percentage': '100,00', 'remark': ''}]","Schriftelijk examen Het vak wordt geëvalueerd met een vooruitgeschoven examen en een eindexamen aan het einde van het semester. Beide examens bestaan uit meerkeuzevragen met vier antwoordmogelijkheden, waarbij telkens één antwoord correct is. Er wordt geen cesuur toegepast op het examen. Het vooruitgeschoven examen telt mee voor 25% van het totaal. Het eindexamen telt mee voor 75% van het totaal. De leerstof van het vooruitgeschoven examen wordt niet hernomen voor het eindexamen.","Contacttraject Print Media Technology","https://bamaflexweb.arteveldehs.be/BMFUIDetailxOLOD.aspx?a=228780&b=1&c=1"
"Packaging 1","2026-27","Bachelor in de grafische en digitale media","","1","5 studiepunten","137,50 uren","15.03.2027 (georganiseerd in semester 2)","op 20 (tot op een geheel getal)","wel","Calis Bart","Nederlands","2","<div class=""clearfix""><p><strong>Verpakkingen </strong></p>
<p><strong> </strong><br/>
- Introductie: algemene terminologie, markten, classificatie en functies van een verpakking </p>
<p>- Studie van toepassingen, productiemethoden, materialen, structureel design van verschillende verpakkingsvormen in karton<br/>
<strong></strong></p>
<p><strong> </strong></p>
<p><strong>Ontwerp en prototyping</strong></p>
<p><strong> </strong><br/>
- het functioneel ontwerpen van een verpakking <br/>
<br/>
- het structureel ontwerpen van een verpakking <br/>
<br/>
- het maken van fysieke en 3D-prototypes met behulp van software en productietoestellen </p>
<br/>
<br/>
<p>
<strong>Verpakkingsproductietechnieken </strong></p>
<p>	- Verpakkingsprepress (kleurseparaties, trapping, barcode, ...) </p>
<p>- Verpakkingsdruktechnieken</p></div>","[{'code': 'GDM/0307', 'description': 'De student kent de toepassingen, materialen en productiemethoden van verschillende printtoepassingen.', 'level': 'Leerdoel Elementair', 'category': 'BS'}, {'code': 'GDM/0320', 'description': 'De student maakt een ontwerp technisch drukklaar, volgens correcte industriestandaarden en werkmethodes om optimaal, kwalitatief en repeteerbaar te reproduceren.', 'level': 'Leerdoel Verdiepend-Verbredend', 'category': 'BS'}, {'code': 'GDM/0323', 'description': 'De student bepaalt de functionaliteit van een verpakking en zet dit om in een doelgericht structureel design.', 'level': 'Leerdoel Verdiepend-Verbredend', 'category': 'BS'}, {'code': 'GDM/0324', 'description': 'De student maakt een prototype van een verpakkingsontwerp in fysieke en virtuele vorm en stuurt hiervoor de software en productieapparaten aan.', 'level': 'Leerdoel Verdiepend-Verbredend', 'category': 'BS'}]","[]","[]","Werkcolleges: leerinhouden worden verworven via geïntegreerde opdrachten, die theoretische en praktische kennis combineren Zelfstudie: bepaalde theoretische inzichten worden verworven door zelfstudie, ter voorbereiding van de werkcolleges. Software wordt in de les gedemonstreerd en kan in zelfstudie geoefend worden aan de hand van videomateriaal Werkstuk: praktische opdrachten met fysieke of digitale oplevering. De apparatuur om de opdrachten uit te voeren zijn enkel toegankelijk tijdens de reguliere lestijden. Studiebezoek: de aanwezigheid op bedrijfsbezoek is verplicht Taken in zelfstudie: begeleid zelfstandig leren, een onderwijsvorm waarbij studenten zelfstandig opdrachten of taken uitvoeren om vakinhouden of domeinspecifieke informatie te verwerven en/of verwerken. De docent treedt hierbij op als coach van het leerproces door gerichte opdrachten en/of feedback te geven.","[{'exam_chance': 'Evaluatie(s) voor de eerste examenkans', 'moment': 'tweede examenperiode binnen examenrooster', 'form': 'Schriftelijk', 'percentage': '40,00', 'remark': ''}, {'exam_chance': 'Evaluatie(s) voor de eerste examenkans', 'moment': 'tweede examenperiode buiten examenrooster', 'form': 'Werkstuk', 'percentage': '60,00', 'remark': ''}, {'exam_chance': 'Evaluatie(s) voor de tweede examenkans', 'moment': 'derde examenperiode binnen examenrooster', 'form': 'Schriftelijk', 'percentage': '40,00', 'remark': ''}, {'exam_chance': 'Evaluatie(s) voor de tweede examenkans', 'moment': 'derde examenperiode binnen examenrooster', 'form': 'Werkstuk', 'percentage': '60,00', 'remark': ''}]","Schriftelijk examen: leerstof gekoppeld aan de lesdoelen Werkstuk: verschillende opdrachten tijdens en naast de les uitgevoerd, deze worden op Canvas aangekondigd en toegelicht. Bij te laat indienen van een opdracht, maar minder dan 24 uur na de deadline, wordt 1/3 van de punten afgetrokken. Na 24u te laat indienen, zal een nul worden toegekend voor deze opdracht. De onderwijsinfrastructuur kan niet benut worden buiten de lestijden, er dient hiermee proactief rekening gehouden worden met het indienen van het werkstuk in tweede zittijd","Contacttraject Print Media Technology","https://bamaflexweb.arteveldehs.be/BMFUIDetailxOLOD.aspx?a=230575&b=1&c=1"
"Photoshop semester 1","2026-27","Bachelor in de grafische en digitale media","","1","3 studiepunten","83,00 uren","01.11.2026 (georganiseerd in semester 1)","op 20 (tot op een geheel getal)","wel","Duytschaever Tineke, Hemelsoet Ingrid, Langeraert Pieter, Snels Merel, Vanderweeën Benedikte","Nederlands","1","<div class=""clearfix""><p>Software pakket Photoshop, <strong>beeldbewerking op niet-destructieve manier</strong> (=met behoud van originele beelddata)</p>
<p>
De volgende inhouden komen aan bod:</p>
<ul>
<li>Beeldopbouw en canvasbeheer</li>
<li>Werken met lagen en laagstructuren</li>
<li>Gebruik van aanpassingslagen en laagstijlen</li>
<li>Slimme objecten en slimme filters</li>
<li>Creatieve toepassing van effecten met behoud van originele beelddata</li>
<li>Selectie- en maskertechnieken</li>
<li>Selecties maken, bewerken, bewaren en opnieuw gebruiken</li>
<li>Vrijstellen van beelden via laagmaskers en vectormaskers</li>
<li>Precisiewerk met paden en vormlagen</li>
<li>Dupliceer- en retoucheertechnieken</li>
<li>Gebruik van teken- en bewerkingstools</li>
<li>Toepassen van generatieve AI in Photoshop (bv. Generative Fill)</li>
</ul>
<p>Het doel is om een eenvoudige en <strong>geloofwaardige montage </strong>te kunnen maken:</p>
<ul>
<li>montage op niet-destructieve wijze</li>
<li>met toevoeging van <strong>schaduwen, blend, lichtinval en colourgrading </strong>toe te voegen, allemaal op<strong> niet-destructieve wijze.</strong></li>
</ul>
<br/><br/>
<ul>
</ul></div>","[{'code': 'GDM/0317', 'description': 'De student kan op een vakkundige en efficiënte wijze een goed georganiseerd en correct opgebouwde digitaal ontwerp opmaken in Photoshop.', 'level': 'Leerdoel Verdiepend-Verbredend', 'category': 'BS'}]","[]","[]","Dit olod wordt gegeven in een combinatie van praktijklessen, zelfstandig leren en opdrachten met permanente evaluatie. De student neemt tijdens de voorbereiding, studie, onderzoek en uitvoering het initiatief tot feedback. Zie ook de studiewijzer in Canvas.","[{'exam_chance': 'Evaluatie(s) voor de eerste examenkans', 'moment': 'eerste examenperiode binnen examenrooster', 'form': 'Schriftelijk', 'percentage': '75,00', 'remark': ''}, {'exam_chance': 'Evaluatie(s) voor de eerste examenkans', 'moment': 'eerste examenperiode buiten examenrooster', 'form': 'Werkstuk permanente evaluatie (Permanente evaluatie)', 'percentage': '25,00', 'remark': ''}, {'exam_chance': 'Evaluatie(s) voor de tweede examenkans', 'moment': 'derde examenperiode binnen examenrooster', 'form': 'Werkstuk', 'percentage': '100,00', 'remark': ''}]","Bij te laat indienen van een opdracht, maar minder dan 24 uur na de deadline, wordt 1/3 van de punten afgetrokken. Na 24u te laat indienen, zal een nul worden toegekend aan deze opdracht. De eerste examenkans bestaat voor 25% evaluatie van de opdrachten gedurende het semester en 75% uit examenopdracht op eigen laptop op de campus. De tweede examenkans bestaat uit een examenopdracht (100%) op de campus tijdens de examenperiode op eigen laptop.","Contacttraject Print Media Technology","https://bamaflexweb.arteveldehs.be/BMFUIDetailxOLOD.aspx?a=230586&b=1&c=1"
"Print 1","2026-27","Bachelor in de grafische en digitale media","","1","5 studiepunten","138,00 uren","01.11.2026 (georganiseerd in semester 1)","op 20 (tot op een geheel getal)","wel","Lowagie Jelle","Nederlands","1","<div class=""clearfix"">
•	Digitale beeldvorming en kleur <br/>
•	Tonergebaseerde druktechniek<br/>
•	Grafische workflow van een digitale en conventionele drukkerij<br/>
•	Digitaal ontwerpen en uitvoeren naar print<br/>
•	Afwerkingstechnieken: planosnijden<br/>
•	Commercieel drukwerk: productiestappen en toepassingen</div>","[{'code': 'GDM/0305', 'description': 'De student heeft inzciht in de verschillende fasen van een printproductieproces: prepress, press en postpress.', 'level': 'Leerdoel Elementair', 'category': 'BS'}, {'code': 'GDM/0307', 'description': 'De student kent de toepassingen, materialen en productiemethoden van verschillende printtoepassingen.', 'level': 'Leerdoel Verdiepend-Verbredend', 'category': 'BS'}, {'code': 'GDM/0320', 'description': 'De student maakt een ontwerp technisch drukklaar, volgens correcte industriestandaarden en werkmethodes om optimaal, kwalitatief en repeteerbaar te reproduceren.', 'level': 'Leerdoel Verdiepend-Verbredend', 'category': 'BS'}, {'code': 'GDM/0321', 'description': 'De student kan onder begeleiding, een eenvoudig printproductieproces uitvoeren met aandacht voor de kwaliteitseisen.', 'level': 'Leerdoel Verdiepend-Verbredend', 'category': 'BS'}]","[]","[]","Zie studiewijzer in Canvas.","[{'exam_chance': 'Evaluatie(s) voor de eerste examenkans', 'moment': 'eerste examenperiode binnen examenrooster', 'form': 'Schriftelijk', 'percentage': '80,00', 'remark': ''}, {'exam_chance': 'Evaluatie(s) voor de eerste examenkans', 'moment': 'eerste examenperiode buiten examenrooster', 'form': 'Werkstuk', 'percentage': '20,00', 'remark': ''}, {'exam_chance': 'Evaluatie(s) voor de tweede examenkans', 'moment': 'derde examenperiode binnen examenrooster', 'form': 'Schriftelijk', 'percentage': '80,00', 'remark': ''}, {'exam_chance': 'Evaluatie(s) voor de tweede examenkans', 'moment': 'derde examenperiode binnen examenrooster', 'form': 'Werkstuk', 'percentage': '20,00', 'remark': ''}]","Bij te laat indienen van een opdracht, maar minder dan 24 uur na de deadline, wordt 1/3 van de punten afgetrokken. Na 24u te laat indienen, zal een nul worden toegekend aan deze opdracht. De eerste examenkans bestaat uit evaluatie van minstens 2 opdrachten gedurende het semester en uit een schriftelijk examen tijdens de examenperiode. De tweede examenkans bestaat uit een taak en een schriftelijk examen. Het schriftelijk examen is een multiple choice examen. Op het multiple choice examen wordt geen giscorrectie toegepast.","Contacttraject Print Media Technology","https://bamaflexweb.arteveldehs.be/BMFUIDetailxOLOD.aspx?a=228085&b=1&c=1"
"Print 2","2026-27","Bachelor in de grafische en digitale media","","1","5 studiepunten","137,00 uren","15.03.2027 (georganiseerd in semester 2)","op 20 (tot op een geheel getal)","wel","","Nederlands","2","<div class=""clearfix""><ul>
<li>Offset</li>
<li>RIP en rasteren</li>
<li>Veredeling, steunkleuren, letterpress</li>
<li>Printen, veredelen</li>
<li>Photoshop/Illustrator als ontwerpsoftware </li>
<li>Colour management</li>
</ul></div>","[{'code': 'GDM/0305', 'description': 'De student heeft inzciht in de verschillende fasen van een printproductieproces: prepress, press en postpress.', 'level': 'Leerdoel Elementair', 'category': 'BS'}, {'code': 'GDM/0307', 'description': 'De student kent de toepassingen, materialen en productiemethoden van verschillende printtoepassingen.', 'level': 'Leerdoel Elementair', 'category': 'BS'}, {'code': 'GDM/0320', 'description': 'De student maakt een ontwerp technisch drukklaar, volgens correcte industriestandaarden en werkmethodes om optimaal, kwalitatief en repeteerbaar te reproduceren.', 'level': 'Leerdoel Verdiepend-Verbredend', 'category': 'BS'}, {'code': 'GDM/0321', 'description': 'De student kan onder begeleiding, een eenvoudig printproductieproces uitvoeren met aandacht voor de kwaliteitseisen.', 'level': 'Leerdoel Elementair', 'category': 'BS'}]","[]","[]","Zie studiewijzer in Canvas.","[{'exam_chance': 'Evaluatie(s) voor de eerste examenkans', 'moment': 'tweede examenperiode binnen examenrooster', 'form': 'Mondeling', 'percentage': '50,00', 'remark': ''}, {'exam_chance': 'Evaluatie(s) voor de eerste examenkans', 'moment': 'tweede examenperiode buiten examenrooster', 'form': 'Werkstuk permanente evaluatie (Permanente evaluatie)', 'percentage': '50,00', 'remark': ''}, {'exam_chance': 'Evaluatie(s) voor de tweede examenkans', 'moment': 'derde examenperiode binnen examenrooster', 'form': 'Mondeling', 'percentage': '50,00', 'remark': ''}, {'exam_chance': 'Evaluatie(s) voor de tweede examenkans', 'moment': 'derde examenperiode binnen examenrooster', 'form': 'Werkstuk', 'percentage': '50,00', 'remark': ''}]","Bij te laat indienen van een opdracht, maar minder dan 24 uur na de deadline, wordt 1/3 van de punten afgetrokken. Na 24u te laat indienen, zal een nul worden toegekend aan deze opdracht. De eerste examenkans bestaat uit evaluatie van minstens 2 opdrachten gedurende het semester en uit een mondeling examen tijdens de examenperiode. De tweede examenkans bestaat uit een examenopdracht tijdens de examenperiode en een mondeling examen.","Contacttraject Print Media Technology","https://bamaflexweb.arteveldehs.be/BMFUIDetailxOLOD.aspx?a=230576&b=1&c=1"
"Talent Factory","2026-27","Bachelor in de grafische en digitale media","","1","5 studiepunten","136,00 uren","15.03.2027 (georganiseerd in semester 2)","op 20 (tot op een geheel getal)","wel","De Laender Annick, Hemelsoet Ingrid, Vandenberghe Peter, Vandermarcke Katrien, Van Speybroeck Marjolein","Nederlands","2","<div class=""clearfix""><p>In het opleidingsonderdeel Talent Factory (5 ECTS) van semester 2 gaan we op ontdekkingstocht naar:<br/>
<br/>
<strong>Wie ben IK nu?</strong><br/>
<br/>
Ontdekking van talenten en blinde vlek. Brainstorm over het eigen zijn. Inzetten van hefboomvaardigheden.<br/>
""Wie wil IK worden op het einde van het semester én op langere termijn als media-professional?""<br/>
<br/>
<strong>Goalsetting</strong></p>
<p>""Wat is mijn doelstelling?""; ""Welke subdoelen zijn er?"", ""Wat heb IK nodig om mijn doel te realiseren?""; ""Wat ga IK doen om mijn hiaten aan te vullen?""; ""Wat is mijn plan van aanpak?""</p>
<p>Topics als zelfsturing en oplossingsgericht denken, reflectie, stressmanagement &amp; selfcoaching, assertiviteit, feedback worden behandeld.</p>
<p><strong><br/>
Wie ben IK in een team?</strong><br/>
<br/>
""Hoe zet ik mijn talenten in een team?""</p>
<em>
<br/>
</em>
<br/>
<br/>
<br/>
</div>","[{'code': 'GDM/0501', 'description': 'De student begrijpt het begrip reflectie en erkent het belang van reflectie als middel voor persoonlijke en professionele groei.', 'level': 'Leerdoel Elementair', 'category': 'ALG'}, {'code': 'GDM/0502', 'description': 'De student begrijpt het SMART-acroniem en de betekenis van de verschillende componenten (Specifiek, Meetbaar, Acceptabel, Realistisch, Tijdgebonden).', 'level': 'Leerdoel Elementair', 'category': 'ALG'}, {'code': 'GDM/0503', 'description': 'De student heeft inzicht in eigen waardekader en interesses, herkent zijn eigen motivatie en kan keuzes maken in functie daarvan.', 'level': 'Leerdoel Elementair', 'category': 'ALG'}, {'code': 'GDM/0504', 'description': 'De student kan specifieke en meetbare doelstellingen formuleren voor reflectie op basis van SMART-principes.', 'level': 'Leerdoel Elementair', 'category': 'ALG'}, {'code': 'GDM/0506', 'description': 'De student identificeert en evalueert constructief en objectief de eigen talenten, groeimogelijkheden en valkuilen op persoonlijk vlak en binnen het eigen vakgebied.', 'level': 'Leerdoel Verdiepend-Verbredend', 'category': 'ALG'}, {'code': 'GDM/0507', 'description': 'De student stelt volgens de SMART principes concrete doelen voor verbetering en groei op, op basis van de geïdentificeerde groeimogelijkheden.', 'level': 'Leerdoel Verdiepend-Verbredend', 'category': 'ALG'}, {'code': 'GDM/0601', 'description': 'De student kent het belang van het gebruik van correcte professionele communicatie in het werkveld.', 'level': 'Leerdoel Elementair', 'category': 'BG'}, {'code': 'GDM/0602', 'description': 'De student heeft inzicht in de elementen (verbaal en non-verbaal) en de structuren van een duidelijke en krachtige presentatie.', 'level': 'Leerdoel Elementair', 'category': 'BG'}, {'code': 'GDM/0603', 'description': 'De student heeft in inzicht in verschillende communicatiestijlen die vaak voorkomen in professionele omgevingen.', 'level': 'Leerdoel Elementair', 'category': 'ALG'}, {'code': 'GDM/0604', 'description': 'De student communiceert gefundeerd en gestructureerd over zijn/haar persoonlijke en professionele ontwikkeling op assertieve wijze.', 'level': 'Leerdoel Verdiepend-Verbredend', 'category': 'BG'}, {'code': 'GDM/0702', 'description': 'De student heeft inzicht in de rollen en dynamieken die in een team kunnen voorkomen.', 'level': 'Leerdoel Elementair', 'category': 'BG'}, {'code': 'GDM/0703', 'description': 'De student kent de principes van conflicthantering.', 'level': 'Leerdoel Elementair', 'category': 'BG'}, {'code': 'GDM/0705', 'description': 'De student kent basisstrategieën voor effectieve samenwerking, zoals het stellen van gemeenschappelijke doelen, het verdelen van taken en het geven van constructieve feedback aan teamleden.', 'level': 'Leerdoel Elementair', 'category': 'BS'}]","[]","[]","Dit opleidingsonderdeel is een doordachte combinatie is van online en offline leeractiviteiten. In het kader van dit soort onderwijs bereid je de sessies grondig voor. Tijdens de les is actieve participatie vereist op basis van de gemaakte voorbereiding. Als de voorbereiding onvoldoende is gebeurd, kan de toegang tot de les ontzegd worden totdat de voorbereiding is gemaakt. Aanwezigheid voor dit vak wordt sterk aangeraden, aangezien hier in de sessies coaching en feedback zal gegeven worden. Voor meer info rond de onderwijsorganisatie en planning: zie Canvas.","[{'exam_chance': 'Evaluatie(s) voor de eerste examenkans', 'moment': 'tweede examenperiode buiten examenrooster', 'form': 'Mondeling', 'percentage': '60,00', 'remark': ''}, {'exam_chance': 'Evaluatie(s) voor de eerste examenkans', 'moment': 'tweede examenperiode buiten examenrooster', 'form': 'Rapporten', 'percentage': '40,00', 'remark': ''}, {'exam_chance': 'Evaluatie(s) voor de tweede examenkans', 'moment': 'derde examenperiode binnen examenrooster', 'form': 'Mondeling', 'percentage': '60,00', 'remark': ''}, {'exam_chance': 'Evaluatie(s) voor de tweede examenkans', 'moment': 'derde examenperiode binnen examenrooster', 'form': 'Rapporten', 'percentage': '40,00', 'remark': ''}]","Bij te laat indienen van de opdracht(en), maar minder dan 24 uur na de deadline, wordt 1/3 van de punten afgetrokken. Na 24 uur te laat indienen, zal een nul worden toegekend voor de opdracht(en). Voor meer info rond de evaluatie: zie de studiewijzer terug te vinden op de Canvas cursus van dit vak.","Contacttraject Print Media Technology","https://bamaflexweb.arteveldehs.be/BMFUIDetailxOLOD.aspx?a=228093&b=1&c=1"
"3D","2026-27","Bachelor in de grafische en digitale media","","2","5 studiepunten","136,00 uren","01.11.2026 (georganiseerd in semester 1)","op 20 (tot op een geheel getal)","wel","Neuttiens Tom","Nederlands","3","<div class=""clearfix""><p>Training in 3D- modelleertechnieken:</p>
<p>- parametrisch modelleren<br/>
- boxmodeling<br/>
- point-to-point modeling<br/>
<br/>
</p>
<p>Objectanalyse in functie van 3D-modeling.<br/>
Aanmaken van referentiemateriaal op basis van foto’s / schetsen.<br/>
<br/>
Bewerken van 3D-objecten op basis van 3D-scans.<br/>
<br/>
Opbouw 3D-scene met 3D-model met kleuren en lichtbronnen in functie van rendering.</p>
<p>Texture mapping &amp; texture painting, introductie in full colour 3D-printing.</p></div>","[{'code': 'GDM/0301', 'description': 'De student kent de toepassingen, materialen en productiemethoden van verschillende 3D-toepassingen.', 'level': 'Leerdoel Elementair', 'category': 'BS'}, {'code': 'GDM/0346', 'description': 'De student levert een 3D-ontwerp technisch correct op, volgens correcte industriestandaarden en werkmethodes om optimaal, kwalitatief en repeteerbaar te reproduceren.', 'level': 'Leerdoel Verdiepend-Verbredend', 'category': 'BS'}, {'code': 'GDM/0347', 'description': 'De student bepaalt de functionaliteit van het te maken 3D-object en zet dit om in een doelgericht structureel design.', 'level': 'Leerdoel Verdiepend-Verbredend', 'category': 'BS'}, {'code': 'GDM/0348', 'description': 'De student maakt een 3D print prototype van een ontwerp en stuurt hiervoor de software en productieapparaten aan.', 'level': 'Leerdoel Verdiepend-Verbredend', 'category': 'BS'}, {'code': 'GDM/0520', 'description': 'De student ontwikkelt een portfolio dat zijn/haar vaardigheden en persoonlijkheid weerspiegelt.', 'level': 'Leerdoel Verdiepend-Verbredend', 'category': 'BG'}, {'code': 'GDM/0521', 'description': 'De student maakt de keuze welke werkstukken het beste het verhaal van zijn/haar persoonlijke merk ondersteunen en kiest deze voor publicatie in het portfolio en op sociale media.', 'level': 'Leerdoel Verdiepend-Verbredend', 'category': 'BG'}, {'code': 'GDM/0522', 'description': 'De student past de principes van personal branding toe in het ontwerp van zijn/haar portfolio, en zorgt ervoor dat deze visuele identiteit consistent doorgetrokken wordt in de online aanwezigheid (bijvoorbeeld via sociale media-profielen en visuele content).', 'level': 'Leerdoel Verdiepend-Verbredend', 'category': 'BG'}]","[]","[]","Zie correctiesleutel via Canvas. Tussentijdse evaluaties van de lopende opdrachten + 1 eindopdracht. De studenten modelleren en 3D-printen tijdens de lessenreeks werkstukken (3D-objecten) die geëvalueerd worden. De eindevaluatie is, naast deze werkstukken, gebaseerd op een finale eindopdracht.","[{'exam_chance': 'Evaluatie(s) voor de eerste examenkans', 'moment': 'eerste examenperiode binnen examenrooster', 'form': 'Werkstuk', 'percentage': '50,00', 'remark': ''}, {'exam_chance': 'Evaluatie(s) voor de eerste examenkans', 'moment': 'eerste examenperiode buiten examenrooster', 'form': 'Werkstuk permanente evaluatie (Permanente evaluatie)', 'percentage': '50,00', 'remark': ''}, {'exam_chance': 'Evaluatie(s) voor de tweede examenkans', 'moment': 'derde examenperiode binnen examenrooster', 'form': 'Werkstuk', 'percentage': '100,00', 'remark': ''}]","De student realiseert de projecten die tijdens de workshops aangebracht worden. Op het einde van de lessenreeks creëert de student een eigen gekozen 3D-model aan de hand van van de aangeleerde modelleertechnieken.","Contacttraject Print Media Technology","https://bamaflexweb.arteveldehs.be/BMFUIDetailxOLOD.aspx?a=230810&b=1&c=1"
"Creative Business Studio 1","2026-27","Bachelor in de grafische en digitale media","","2","5 studiepunten","131,00 uren","01.11.2026 (georganiseerd in semester 1)","op 20 (tot op een geheel getal)","wel","Desomviele Lieven, Vandenberghe Peter, Vanhees Rob, Verzele Els","Engels, Nederlands","3","<div class=""clearfix""><ul>
<li>    Markt- en positioneringanalyse </li>
<li>Gebruikersonderzoek door middel van desk research, interviews of andere vormen van field research. </li>
<li>Doelgroepomschrijving en customer insights worden verwerkt aan de hand van technieken zoals persona’s, customer empathy maps of customer journey mapping.   </li>
<li>Media-strategie incl. Propositie en  doelstellingen bepalen, mediaselectie </li>
<li>Creatieve briefing </li>
<li>De project management toolkit </li>
<li>Constructief samenwerken (constructief feedback geven en ontvangen, assertiviteit, leiderschap, besluitvorming, verbindend communiceren)</li>
<li>Presentatietechnieken</li>
</ul>
<p data-extension-version=""1.0.4"" id=""ConnectiveDocSignExtentionInstalled""> </p></div>","[{'code': 'GDM/0104', 'description': 'De student heeft inzicht in de basistechnieken om marketingonderzoek uit te voeren.', 'level': 'Leerdoel Elementair', 'category': 'BS'}, {'code': 'GDM/0108', 'description': 'De student analyseert zelfstandig markt, organisaties, producten en diensten en werkt een strategie uit voor een concrete opdrachtgever.', 'level': 'Leerdoel Verdiepend-Verbredend', 'category': 'BS'}, {'code': 'GDM/0109', 'description': 'De student past methoden en tools toe om strategisch te denken over organisatie, markt, product en dienst.', 'level': 'Leerdoel Verdiepend-Verbredend', 'category': 'BS'}, {'code': 'GDM/0110', 'description': 'De student past methoden en tools toe om een marktonderzoek uit te voeren.', 'level': 'Leerdoel Verdiepend-Verbredend', 'category': 'BS'}, {'code': 'GDM/0508', 'description': 'De student weet constructieve feedback over zijn/haar persoonlijke groei en ontwikkeling tot media professional te ontvangen en te geven en gebruikt dit om zichzelf verder te ontwikkelen.', 'level': 'Leerdoel Verdiepend-Verbredend', 'category': 'BS'}, {'code': 'GDM/0512', 'description': 'De student kan zijn reflecties op een diepgaande manier integreren in zijn dagelijkse professionele praktijk, waarbij hij lessen uit zelfreflectie toepast op concrete opdrachten en teaminteracties.', 'level': 'Leerdoel Verdiepend-Verbredend', 'category': 'BS'}, {'code': 'GDM/0605', 'description': 'De student communiceert gefundeerd en gestructureerd over een professioneel gebonden thema.', 'level': 'Leerdoel Verdiepend-Verbredend', 'category': 'BS'}, {'code': 'GDM/0605b', 'description': 'De student communiceert schriftelijk en mondeling op een heldere en professionele manier in het Engels over een topic in de creatieve sector.', 'level': 'Leerdoel Verdiepend-Verbredend', 'category': 'BG'}, {'code': 'GDM/0706', 'description': 'De student kent methoden en tools van projectmanagement', 'level': 'Leerdoel Verdiepend-Verbredend', 'category': 'BS'}, {'code': 'GDM/0707', 'description': 'De student kan omgaan met uitdagingen en conflicten die kunnen ontstaan tijdens samenwerkingsprocessen, en zoekt constructieve oplossingen om deze aan te pakken en te overwinnen.', 'level': 'Leerdoel Verdiepend-Verbredend', 'category': 'BS'}]","[]","[]","Zie Canvas","[{'exam_chance': 'Evaluatie(s) voor de eerste examenkans', 'moment': 'eerste examenperiode binnen examenrooster', 'form': 'Mondeling', 'percentage': '30,00', 'remark': ''}, {'exam_chance': 'Evaluatie(s) voor de eerste examenkans', 'moment': 'eerste examenperiode binnen examenrooster', 'form': 'Werkstuk', 'percentage': '30,00', 'remark': 'mondelinge presentatie van werkstuk in het Engels'}, {'exam_chance': 'Evaluatie(s) voor de eerste examenkans', 'moment': 'eerste examenperiode buiten examenrooster', 'form': 'Schriftelijk', 'percentage': '20,00', 'remark': ''}, {'exam_chance': 'Evaluatie(s) voor de eerste examenkans', 'moment': 'eerste examenperiode buiten examenrooster', 'form': 'Werkstuk', 'percentage': '20,00', 'remark': ''}, {'exam_chance': 'Evaluatie(s) voor de tweede examenkans', 'moment': 'derde examenperiode binnen examenrooster', 'form': 'Mondeling', 'percentage': '30,00', 'remark': ''}, {'exam_chance': 'Evaluatie(s) voor de tweede examenkans', 'moment': 'derde examenperiode binnen examenrooster', 'form': 'Schriftelijk', 'percentage': '20,00', 'remark': ''}, {'exam_chance': 'Evaluatie(s) voor de tweede examenkans', 'moment': 'derde examenperiode binnen examenrooster', 'form': 'Werkstuk', 'percentage': '50,00', 'remark': 'Mondelinge presentatie van werkstuk'}]","Schriftelijk examen Een onderdeel van de evaluatie betreft een vooruitgeschoven examen tijdens het semester. Dit examen bestaat uit meerkeuzevragen met vier antwoordmogelijkheden, waarbij telkens één antwoord correct is. Dit telt mee voor 20% van het eindtotaal.","Contacttraject Print Media Technology","https://bamaflexweb.arteveldehs.be/BMFUIDetailxOLOD.aspx?a=230786&b=1&c=1"
"Creative Business Studio 2","2026-27","Bachelor in de grafische en digitale media","","2","5 studiepunten","131,00 uren","15.03.2027 (georganiseerd in semester 2)","op 20 (tot op een geheel getal)","wel","Desomviele Lieven, Vandenberghe Peter, Vanhees Rob","Nederlands","4","<div class=""clearfix""><ul>
<li>Het ontwikkelen van creatieve marketingcommunicatie-concepten : technieken en modellen</li>
<li>Op basis van een marcom-briefing concepten voor een campagne bedenken, uitwerken en presenteren</li>
<li>Maken van een campagne en presenteren</li>
<li>Mediaplan uitwerken en budgetteren</li>
<li>Productiebudget opmaken</li>
<li>Via Learning by Doing leren studenten zo effectief en efficiënt mogelijk samenwerken in hun team.</li>
<li>Sollicitatietraining ifv stagezoektocht</li>
</ul></div>","[{'code': 'GDM/0106', 'description': 'De student detecteert en interpreteert de communicatiestrategie en -doelstellingen van de stakeholders bij de creatie van een mediaproduct aan de hand van een briefing.', 'level': 'Leerdoel Verdiepend-Verbredend', 'category': 'BS'}, {'code': 'GDM/0107', 'description': 'De student past de relevante marketinginsights en -analytics toe voor het creatieproces van mediaproducten.', 'level': 'Leerdoel Autonoom-Complex', 'category': 'BS'}, {'code': 'GDM/0111', 'description': 'De student past methoden en tools toe om een marketingstrategie uit te voeren.', 'level': 'Leerdoel Verdiepend-Verbredend', 'category': 'BS'}, {'code': 'GDM/0511', 'description': 'De student bouwt een professioneel netwerk op en neemt deel aan internationale online en offline communities, conferenties en organisaties.', 'level': 'Leerdoel Verdiepend-Verbredend', 'category': 'BS'}, {'code': 'GDM/0515', 'description': 'De student kan zijn professionele waarde duidelijk en overtuigend communiceren, zowel schriftelijk als mondeling, aan diverse belanghebbenden binnen een bedrijf of tijdens sollicitaties.', 'level': 'Leerdoel Verdiepend-Verbredend', 'category': 'BS'}, {'code': 'GDM/0607', 'description': 'De student past zijn communicatiestijl aan aan verschillende situaties en doelgroepen (teamleden en docenten)', 'level': 'Leerdoel Verdiepend-Verbredend', 'category': 'BS'}, {'code': 'GDM/0610', 'description': 'De student drukt zich helder en in gepaste taal uit in een mondelinge presentatie in het Engels.', 'level': 'Leerdoel Verdiepend-Verbredend', 'category': 'BS'}, {'code': 'GDM/0704', 'description': 'De student heeft inzicht in zijn eigen kennis en vaardigheden en neemt op basis hiervan een relevante rol op binnen het team.', 'level': 'Leerdoel Verdiepend-Verbredend', 'category': 'BS'}, {'code': 'GDM/0813', 'description': 'De student kan een bedrijfsmodel opmaken om nieuwe organisaties/producten in de creatieve sector in kaart te brengen.', 'level': 'Leerdoel Verdiepend-Verbredend', 'category': 'BS'}]","[]","[]","Zie canvas","[{'exam_chance': 'Evaluatie(s) voor de eerste examenkans', 'moment': 'tweede examenperiode binnen examenrooster', 'form': 'Mondeling', 'percentage': '30,00', 'remark': ''}, {'exam_chance': 'Evaluatie(s) voor de eerste examenkans', 'moment': 'tweede examenperiode binnen examenrooster', 'form': 'Werkstuk', 'percentage': '30,00', 'remark': 'mondelinge presentatie van werkstuk'}, {'exam_chance': 'Evaluatie(s) voor de eerste examenkans', 'moment': 'tweede examenperiode buiten examenrooster', 'form': 'Schriftelijk', 'percentage': '25,00', 'remark': ''}, {'exam_chance': 'Evaluatie(s) voor de eerste examenkans', 'moment': 'tweede examenperiode buiten examenrooster', 'form': 'Werkstuk', 'percentage': '15,00', 'remark': ''}, {'exam_chance': 'Evaluatie(s) voor de tweede examenkans', 'moment': 'derde examenperiode binnen examenrooster', 'form': 'Mondeling', 'percentage': '30,00', 'remark': ''}, {'exam_chance': 'Evaluatie(s) voor de tweede examenkans', 'moment': 'derde examenperiode binnen examenrooster', 'form': 'Schriftelijk', 'percentage': '25,00', 'remark': ''}, {'exam_chance': 'Evaluatie(s) voor de tweede examenkans', 'moment': 'derde examenperiode binnen examenrooster', 'form': 'Werkstuk', 'percentage': '45,00', 'remark': ''}]","Schriftelijk examen Een onderdeel van de evaluatie betreft een vooruitgeschoven examen tijdens het semester. Dit examen bestaat uit meerkeuzevragen met vier antwoordmogelijkheden, waarbij telkens één antwoord correct is. Dit telt mee voor 20% van het eindtotaal.","Contacttraject Print Media Technology","https://bamaflexweb.arteveldehs.be/BMFUIDetailxOLOD.aspx?a=230884&b=1&c=1"
"Digital Experience 2","2026-27","Bachelor in de grafische en digitale media","","2","10 studiepunten","250,00 uren","15.03.2027 (georganiseerd in semester 2)","op 20 (tot op een geheel getal)","wel","Duytschaever Tineke, Roegiers Frederick","Nederlands","4","<div class=""clearfix""><p>Via verschillende fases doorloopt de student een design thinking ontwerpstrategie om een product te ontwikkelen dat inspeelt op een relevante context. Het product situeert zich binnen de brede printmedia (zoals commercial print, boeken, sign, packaging, display, standenbouw, decoratieprint, industriële print, …) en wordt verrijkt met een digitale en interactieve laag.</p>
<p>Deze digitale laag zorgt voor een functionele meerwaarde en kan bijdragen aan beleving, informatieoverdracht, interactie, gebruiksvriendelijkheid, storytelling, inclusiviteit en duurzaamheid. De integratie tussen fysieke en digitale componenten staat centraal en wordt uitgewerkt op een gebruiksvriendelijke en inhoudelijk relevante manier.</p>
<p>Tijdens dit project doorloopt de student alle stappen van het design thinking-proces, van gebruikersonderzoek en conceptontwikkeling tot prototyping, testing en iteratie. Hierbij wordt aandacht besteed aan zowel inhoudelijke onderbouwing als technische en visuele uitwerking.</p>
<p>De projecten worden ondersteund door individuele en klassikale leermomenten zoals workshops, instructies, feedbacksessies, presentaties, bedrijfsbezoeken en gastcolleges. Er wordt gewerkt met tussentijdse milestones en evaluatiemomenten die het proces en de voortgang begeleiden.<br/>
<br/>
Het opleidingsonderdeel bestaat uit drie geïntegreerde clusters:</p>
<ol>
<li><strong>Design thinking</strong><br/>
    Het ontwerpproces wordt inhoudelijk begeleid en ondersteund met methodieken en tools die de student helpen bij onderzoek, ideevorming, conceptontwikkeling en evaluatie.<br/>
<br/>
</li>
<li><strong>Visuele ontwerptechnieken</strong> <br/>
    De visuele uitwerking van het product wordt begeleid, waarbij de student relevante softwaretools en technieken leert toepassen voor een kwalitatief en professioneel resultaat.<br/>
<br/>
</li>
<li><strong>Digitale tools en UX/UI</strong><br/>
    De digitale component van het product wordt ontwikkeld met behulp van diverse technologieën en tools, met aandacht voor interactie, gebruikservaring en toegankelijkheid.</li>
</ol>
<p>Het eindresultaat is een geïntegreerd product waarin concept, vormgeving, productie en digitale interactie samenkomen, ondersteund door een duidelijke documentatie van het ontwerpproces en de gemaakte keuzes.</p></div>","[{'code': 'GDM/0320', 'description': 'De student maakt een ontwerp technisch drukklaar, volgens correcte industriestandaarden en werkmethodes om optimaal, kwalitatief en repeteerbaar te reproduceren.', 'level': 'Leerdoel Verdiepend-Verbredend', 'category': 'BS'}, {'code': 'GDM/0326', 'description': 'De student implementeert een media-applicatie met behulp van bestaande platformen, programmeertalen, frameworks, en/of tools.', 'level': 'Leerdoel Verdiepend-Verbredend', 'category': 'BS'}, {'code': 'GDM/0342', 'description': ""De student past verschillende vormen van digitale ervaringen (zoals interactieve pagina's, augmented reality-ervaringen, QR-codes en andere digitale integraties, toe op een bedrukt grafisch product."", 'level': 'Leerdoel Verdiepend-Verbredend', 'category': 'BS'}, {'code': 'GDM/0343', 'description': 'De student maakt een prototype van een intelligent of interactief grafisch product in fysieke en virtuele vorm en stuurt hiervoor de software en productieapparaten aan.', 'level': 'Leerdoel Verdiepend-Verbredend', 'category': 'BS'}, {'code': 'GDM/0411', 'description': 'De student kan design research initiëren, plannen en uitvoeren wat leidt tot een intelligent of interactief grafisch product dat een onderbouwd antwoord biedt op de noden en verwachtingen van de opdrachtgever, eindgebruiker en andere stakeholders.', 'level': 'Leerdoel Verdiepend-Verbredend', 'category': 'BS'}, {'code': 'GDM/0520', 'description': 'De student ontwikkelt een portfolio dat zijn/haar vaardigheden en persoonlijkheid weerspiegelt.', 'level': 'Leerdoel Verdiepend-Verbredend', 'category': 'BG'}, {'code': 'GDM/0521', 'description': 'De student maakt de keuze welke werkstukken het beste het verhaal van zijn/haar persoonlijke merk ondersteunen en kiest deze voor publicatie in het portfolio en op sociale media.', 'level': 'Leerdoel Verdiepend-Verbredend', 'category': 'BG'}, {'code': 'GDM/0522', 'description': 'De student past de principes van personal branding toe in het ontwerp van zijn/haar portfolio, en zorgt ervoor dat deze visuele identiteit consistent doorgetrokken wordt in de online aanwezigheid (bijvoorbeeld via sociale media-profielen en visuele content).', 'level': 'Leerdoel Verdiepend-Verbredend', 'category': 'BG'}]","[]","[]","Werkcolleges: leerinhouden worden verworven via geïntegreerde opdrachten, die theoretische en praktische kennis combineren Zelfstudie: bepaalde theoretische inzichten worden verworven door zelfstudie, ter voorbereiding van de werkcolleges Werkstuk: praktische opdrachten met fysieke of digitale oplevering. De apparatuur om de opdrachten uit te voeren zijn enkel toegankelijk tijdens de reguliere lestijden. Studiebezoek: de aanwezigheid op bedrijfsbezoek is verplicht Taken in zelfstudie: begeleid zelfstandig leren, een onderwijsvorm waarbij studenten zelfstandig opdrachten of taken uitvoeren om vakinhouden of domeinspecifieke informatie te verwerven en/of verwerken. De docent treedt hierbij op als coach van het leerproces door gerichte opdrachten en/of feedback te geven.","[{'exam_chance': 'Evaluatie(s) voor de eerste examenkans', 'moment': 'tweede examenperiode binnen examenrooster', 'form': 'Mondeling', 'percentage': '20,00', 'remark': ''}, {'exam_chance': 'Evaluatie(s) voor de eerste examenkans', 'moment': 'tweede examenperiode binnen examenrooster', 'form': 'Werkstuk', 'percentage': '30,00', 'remark': ''}, {'exam_chance': 'Evaluatie(s) voor de eerste examenkans', 'moment': 'tweede examenperiode buiten examenrooster', 'form': 'Werkstuk permanente evaluatie (Permanente evaluatie)', 'percentage': '50,00', 'remark': ''}, {'exam_chance': 'Evaluatie(s) voor de tweede examenkans', 'moment': 'derde examenperiode binnen examenrooster', 'form': 'Mondeling', 'percentage': '20,00', 'remark': ''}, {'exam_chance': 'Evaluatie(s) voor de tweede examenkans', 'moment': 'derde examenperiode binnen examenrooster', 'form': 'Werkstuk', 'percentage': '80,00', 'remark': ''}]","Werkstuk buiten examenperiode: verschillende opdrachten tijdens en naast de les uitgevoerd, deze worden op Canvas aangekondigd en toegelicht. Werkstuk binnen examenperiode: eindopdracht tijdens en naast de les uitgevoerd en gepresenteerd voor een jury. Deze worden op Canvas aangekondigd en toegelicht. Bij te laat indienen van een opdracht, maar minder dan 24 uur na de deadline, wordt 1/3 van de punten afgetrokken. Na 24u te laat indienen, zal een nul worden toegekend voor deze opdracht. De onderwijsinfrastructuur kan niet benut worden buiten de lestijden, er dient hiermee proactief rekening gehouden worden met het indienen van het werkstuk in tweede zittijd","Contacttraject Print Media Technology","https://bamaflexweb.arteveldehs.be/BMFUIDetailxOLOD.aspx?a=230805&b=1&c=1"
"Keuzevak 1 PMT","2026-27","Bachelor in de grafische en digitale media","","2","5 studiepunten","","","","","","","3","","[]","[]","[]","","[]","","Contacttraject Print Media Technology","https://bamaflexweb.arteveldehs.be/BMFUIDetailxOLOD.aspx?a=231224&b=1&c=1"
"Keuzevak 2 PMT","2026-27","Bachelor in de grafische en digitale media","","2","5 studiepunten","","","","","","","4","","[]","[]","[]","","[]","","Contacttraject Print Media Technology","https://bamaflexweb.arteveldehs.be/BMFUIDetailxOLOD.aspx?a=231225&b=1&c=1"
"Packaging 2","2026-27","Bachelor in de grafische en digitale media","","2","10 studiepunten","249,00 uren","01.11.2026 (georganiseerd in semester 1)","op 20 (tot op een geheel getal)","wel","Calis Bart, Duytschaever Tineke","Nederlands","3","<div class=""clearfix"">• De student bedenkt een verpakking die een oplossing biedt voor een vraag vanuit de maatschappij of industrie.  <br/>
<br/>
• Deze verpakking houdt rekening met een duurzaam ontwerp (UN SDG) en de ecodesign principes van de circulaire economie (Reduce, Reuse, Recycle).  <br/>
<br/>
• Tijdens dit project worden alle stappen doorlopen van de design thinking strategie van gebruikersonderzoek tot testfase van het prototype. <br/>
<br/>
• De projecten worden ondersteund door individuele en klassikale leermomenten zoals workshops, instructies, bedrijfsbezoeken, gastcolleges. Er zijn 4 kennisclusters: <br/>
<br/>
1. Design thinking. <br/>
<br/>
Het design thinking ontwerpproces wordt ondersteund en methodiek wordt aangereikt. <br/>
<br/>
2. Visuele ontwerptechnieken in Adobe Software <br/>
<br/>
Het creëren van het visueel aspect van het product wordt begeleid en de juiste softwaretools en technieken worden aangereikt. <br/>
<br/>
3. Verpakkingstechnologie <br/>
<br/>
Ter voorbereiding van de eindopdracht worden leerinhouden aangereikt rond druk- en verpakkingstechnieken, de materialen en de end-of-life van verpakkingen. <br/>
<br/>
4. Design for Circularity <br/>
<br/>
De studenten krijgen inzicht in circulaire economie specifiek in verpakkingen. Ze leren de vraag van de klant en inzichten in duurzaamheid om te zetten in een functioneel en structureel design van verpakkingen.</div>","[{'code': 'GDM/0307', 'description': 'De student kent de toepassingen, materialen en productiemethoden van verschillende printtoepassingen.', 'level': 'Leerdoel Elementair', 'category': 'BS'}, {'code': 'GDM/0320', 'description': 'De student maakt een ontwerp technisch drukklaar, volgens correcte industriestandaarden en werkmethodes om optimaal, kwalitatief en repeteerbaar te reproduceren.', 'level': 'Leerdoel Verdiepend-Verbredend', 'category': 'BS'}, {'code': 'GDM/0323', 'description': 'De student bepaalt de functionaliteit van een verpakking en zet dit om in een doelgericht structureel design.', 'level': 'Leerdoel Verdiepend-Verbredend', 'category': 'BS'}, {'code': 'GDM/0324', 'description': 'De student maakt een prototype van een verpakkingsontwerp in fysieke en virtuele vorm en stuurt hiervoor de software en productieapparaten aan.', 'level': 'Leerdoel Verdiepend-Verbredend', 'category': 'BS'}, {'code': 'GDM/0410', 'description': 'De student kan design research initiëren, plannen en uitvoeren wat leidt tot een functionele verpakking dat een onderbouwd antwoord biedt op de noden en verwachtingen van de opdrachtgever, eindgebruiker en andere stakeholders...', 'level': 'Leerdoel Verdiepend-Verbredend', 'category': 'BS'}, {'code': 'GDM/0520', 'description': 'De student ontwikkelt een portfolio dat zijn/haar vaardigheden en persoonlijkheid weerspiegelt.', 'level': 'Leerdoel Verdiepend-Verbredend', 'category': 'BG'}, {'code': 'GDM/0521', 'description': 'De student maakt de keuze welke werkstukken het beste het verhaal van zijn/haar persoonlijke merk ondersteunen en kiest deze voor publicatie in het portfolio en op sociale media.', 'level': 'Leerdoel Verdiepend-Verbredend', 'category': 'BG'}, {'code': 'GDM/0522', 'description': 'De student past de principes van personal branding toe in het ontwerp van zijn/haar portfolio, en zorgt ervoor dat deze visuele identiteit consistent doorgetrokken wordt in de online aanwezigheid (bijvoorbeeld via sociale media-profielen en visuele content).', 'level': 'Leerdoel Verdiepend-Verbredend', 'category': 'BG'}, {'code': 'GDM/0814', 'description': 'De student kent de basisprincipes van duurzame verpakkingen en de materialen ervan. Hij kent de ontwerpstrategieën van de circulaire economie en evalueert deze op bestaande en nieuwe verpakkingsontwerpen', 'level': 'Leerdoel Verdiepend-Verbredend', 'category': 'BS'}, {'code': 'GDM/0815', 'description': 'De student past de ontwerpstrategieën van de circulaire economie toe om een nieuwe verpakking te ontwerpen. Hij kiest volgens toepassing en context de meest optimale strategie, materialen en combinaties ervan.', 'level': 'Leerdoel Verdiepend-Verbredend', 'category': 'BS'}]","[]","[]","Werkcolleges: leerinhouden worden verworven via geïntegreerde opdrachten, die theoretische en praktische kennis combineren Zelfstudie: bepaalde theoretische inzichten worden verworven door zelfstudie, ter voorbereiding van de werkcolleges Werkstuk: praktische opdrachten met fysieke of digitale oplevering. De apparatuur om de opdrachten uit te voeren zijn enkel toegankelijk tijdens de reguliere lestijden. Studiebezoek: de aanwezigheid op bedrijfsbezoek is verplicht Taken in zelfstudie: begeleid zelfstandig leren, een onderwijsvorm waarbij studenten zelfstandig opdrachten of taken uitvoeren om vakinhouden of domeinspecifieke informatie te verwerven en/of verwerken. De docent treedt hierbij op als coach van het leerproces door gerichte opdrachten en/of feedback te geven.","[{'exam_chance': 'Evaluatie(s) voor de eerste examenkans', 'moment': 'eerste examenperiode binnen examenrooster', 'form': 'Schriftelijk', 'percentage': '30,00', 'remark': ''}, {'exam_chance': 'Evaluatie(s) voor de eerste examenkans', 'moment': 'eerste examenperiode binnen examenrooster', 'form': 'Werkstuk', 'percentage': '40,00', 'remark': ''}, {'exam_chance': 'Evaluatie(s) voor de eerste examenkans', 'moment': 'eerste examenperiode buiten examenrooster', 'form': 'Werkstuk permanente evaluatie (Permanente evaluatie)', 'percentage': '30,00', 'remark': ''}, {'exam_chance': 'Evaluatie(s) voor de tweede examenkans', 'moment': 'derde examenperiode binnen examenrooster', 'form': 'Schriftelijk', 'percentage': '30,00', 'remark': ''}, {'exam_chance': 'Evaluatie(s) voor de tweede examenkans', 'moment': 'derde examenperiode binnen examenrooster', 'form': 'Werkstuk', 'percentage': '70,00', 'remark': ''}]","Schriftelijk examen: leerstof gekoppeld aan de lesdoelen Werkstuk buiten examenperiode: verschillende opdrachten tijdens en naast de les uitgevoerd, deze worden op Canvas aangekondigd en toegelicht. Werkstuk binnen examenperiode:  eindopdracht tijdens en naast de les uitgevoerd en gepresenteerd voor een jury. Deze worden op Canvas aangekondigd en toegelicht. Bij te laat indienen van een opdracht, maar minder dan 24 uur na de deadline, wordt 1/3 van de punten afgetrokken. Na 24u te laat indienen, zal een nul worden toegekend voor deze opdracht. De onderwijsinfrastructuur kan niet benut worden buiten de lestijden, er dient hiermee proactief rekening gehouden worden met het indienen van het werkstuk in tweede zittijd","Contacttraject Print Media Technology","https://bamaflexweb.arteveldehs.be/BMFUIDetailxOLOD.aspx?a=230804&b=1&c=1"
"Print 3","2026-27","Bachelor in de grafische en digitale media","","2","5 studiepunten","123,00 uren","01.11.2026 (georganiseerd in semester 1)","op 20 (tot op een geheel getal)","wel","Dehaemers Ann, Vande Populiere Eva","Nederlands","3","<div class=""clearfix"">Alle leerinhouden staan in het teken van het productieproces van ‘het boek’, bij uitbreiding zijn dit alle gebonden drukwerken. Er zijn 3 clusters: <br/>
<br/>
1. Papier en boeken <br/>
- Papier: materialen, soorten, productieproces, toepassingen <br/>
- Boeken: conceptuele voorbereiding, bindwijzen, productieproces, materialen <br/>
<br/>
2. Adobe Indesign Software <br/>
- Basis digitale layouttechnieken <br/>
- Opmaak specifiek voor gebonden producten <br/>
- Katernen en impositievoorbereiding <br/>
<br/>
3. Maken van een boek <br/>
- Drukken, vouwen, binden van het binnenwerk <br/>
- Drukken, veredelen aanbrengen van de cover</div>","[{'code': 'GDM/0305', 'description': 'De student heeft inzciht in de verschillende fasen van een printproductieproces: prepress, press en postpress.', 'level': 'Leerdoel Elementair', 'category': 'BS'}, {'code': 'GDM/0307', 'description': 'De student kent de toepassingen, materialen en productiemethoden van verschillende printtoepassingen.', 'level': 'Leerdoel Elementair', 'category': 'BS'}, {'code': 'GDM/0318', 'description': 'De student kan op een vakkundige en efficiënte wijze een goed georganiseerd en correct opgebouwde digitaal ontwerp opmaken in InDesign.', 'level': 'Leerdoel Verdiepend-Verbredend', 'category': 'BS'}, {'code': 'GDM/0319', 'description': 'De student kan enkelvoudig en meerbladig drukwerk op een vakkundige en efficiënte wijze lay-outen.', 'level': 'Leerdoel Verdiepend-Verbredend', 'category': 'BS'}, {'code': 'GDM/0320', 'description': 'De student maakt een ontwerp technisch drukklaar, volgens correcte industriestandaarden en werkmethodes om optimaal, kwalitatief en repeteerbaar te reproduceren.', 'level': 'Leerdoel Verdiepend-Verbredend', 'category': 'BS'}, {'code': 'GDM/0339', 'description': 'De student maakt een prototype van een gebonden drukwerk en stuurt hiervoor de software en productieapparaten aan.', 'level': 'Leerdoel Verdiepend-Verbredend', 'category': 'BS'}, {'code': 'GDM/0520', 'description': 'De student ontwikkelt een portfolio dat zijn/haar vaardigheden en persoonlijkheid weerspiegelt.', 'level': 'Leerdoel Verdiepend-Verbredend', 'category': 'BG'}, {'code': 'GDM/0521', 'description': 'De student maakt de keuze welke werkstukken het beste het verhaal van zijn/haar persoonlijke merk ondersteunen en kiest deze voor publicatie in het portfolio en op sociale media.', 'level': 'Leerdoel Verdiepend-Verbredend', 'category': 'BG'}, {'code': 'GDM/0522', 'description': 'De student past de principes van personal branding toe in het ontwerp van zijn/haar portfolio, en zorgt ervoor dat deze visuele identiteit consistent doorgetrokken wordt in de online aanwezigheid (bijvoorbeeld via sociale media-profielen en visuele content).', 'level': 'Leerdoel Verdiepend-Verbredend', 'category': 'BG'}]","[]","[]","Werkcolleges: leerinhouden worden verworven via geïntegreerde opdrachten, die theoretische en praktische kennis combineren Zelfstudie: bepaalde theoretische inzichten worden verworven door zelfstudie, ter voorbereiding van de werkcolleges Werkstuk: praktische opdrachten met fysieke of digitale oplevering. De apparatuur om de opdrachten uit te voeren zijn enkel toegankelijk tijdens de reguliere lestijden. Studiebezoek: de aanwezigheid op bedrijfsbezoek is verplicht Taken in zelfstudie: begeleid zelfstandig leren, een onderwijsvorm waarbij studenten zelfstandig opdrachten of taken uitvoeren om vakinhouden of domeinspecifieke informatie te verwerven en/of verwerken. De docent treedt hierbij op als coach van het leerproces door gerichte opdrachten en/of feedback te geven.","[{'exam_chance': 'Evaluatie(s) voor de eerste examenkans', 'moment': 'eerste examenperiode binnen examenrooster', 'form': 'Schriftelijk', 'percentage': '30,00', 'remark': ''}, {'exam_chance': 'Evaluatie(s) voor de eerste examenkans', 'moment': 'eerste examenperiode buiten examenrooster', 'form': 'Werkstuk', 'percentage': '70,00', 'remark': ''}, {'exam_chance': 'Evaluatie(s) voor de tweede examenkans', 'moment': 'derde examenperiode binnen examenrooster', 'form': 'Schriftelijk', 'percentage': '30,00', 'remark': ''}, {'exam_chance': 'Evaluatie(s) voor de tweede examenkans', 'moment': 'derde examenperiode binnen examenrooster', 'form': 'Werkstuk', 'percentage': '70,00', 'remark': ''}]","Het werkstuk bestaat diverse deelopdrachten die gemaakt en geëvalueerd worden om bepaalde attitudes, kennis en vaardigheden te bereiken bij de studenten ten einde de eindopdracht met succes uit te voeren. Er is ook een schriftelijk examen om de verworven kennis te toetsen. Bij te laat indienen van een opdracht, maar minder dan 24 uur na de deadline, wordt 1/3 van de punten afgetrokken. Na 24u te laat indienen, zal een nul worden toegekend voor deze opdracht.","Contacttraject Print Media Technology","https://bamaflexweb.arteveldehs.be/BMFUIDetailxOLOD.aspx?a=230808&b=1&c=1"
"Print 4","2026-27","Bachelor in de grafische en digitale media","","2","5 studiepunten","160,00 uren","15.03.2027 (georganiseerd in semester 2)","op 20 (tot op een geheel getal)","wel","Dehaemers Ann, Lowagie Jelle","Nederlands","4","<div class=""clearfix""><p>Alle leerinhouden staan in het teken van het productieproces van het digitaal drukken. Er zijn 2 clusters <br/>
<br/>
1. Colormanagement<br/>
- wetenschappelijke benadering van kleur en kleurverschil</p>
<p>- praktijkgerichte benadering van kleurbeheer: consistentie en voorspelling (drukproeven) van kleur<br/>
<br/>
2. Variabele data in drukwerk<br/>
- Geautomatiseerde verwerking van data in Adobe Indesign <br/>
- Opmaak voor gestructureerde data zoals catalogen  <br/>
- Het maken en controleren van een drukklare PDF</p></div>","[{'code': 'GDM/0307', 'description': 'De student kent de toepassingen, materialen en productiemethoden van verschillende printtoepassingen.', 'level': 'Leerdoel Elementair', 'category': 'BS'}, {'code': 'GDM/0320', 'description': 'De student maakt een ontwerp technisch drukklaar, volgens correcte industriestandaarden en werkmethodes om optimaal, kwalitatief en repeteerbaar te reproduceren.', 'level': 'Leerdoel Verdiepend-Verbredend', 'category': 'BS'}, {'code': 'GDM/0333', 'description': 'De student heeft inzicht in het beheer van data en het gebruik ervan in een geautomatiseerde crossmediale informatiestroom.', 'level': 'Leerdoel Verdiepend-Verbredend', 'category': 'BS'}, {'code': 'GDM/0340', 'description': 'De student verzamelt en verwerkt data om het toe te passen in een geautomatiseerd productieproces van een drukwerk met gepersonaliseerde of variabele inhoud.', 'level': 'Leerdoel Verdiepend-Verbredend', 'category': 'BS'}, {'code': 'GDM/0341', 'description': 'De student maakt een prototype van een drukwerk met gepersonaliseerde of variabele inhoud en stuurt hiervoor de software en productieapparaten aan.', 'level': 'Leerdoel Verdiepend-Verbredend', 'category': 'BS'}, {'code': 'GDM/0520', 'description': 'De student ontwikkelt een portfolio dat zijn/haar vaardigheden en persoonlijkheid weerspiegelt.', 'level': 'Leerdoel Verdiepend-Verbredend', 'category': 'BG'}, {'code': 'GDM/0521', 'description': 'De student maakt de keuze welke werkstukken het beste het verhaal van zijn/haar persoonlijke merk ondersteunen en kiest deze voor publicatie in het portfolio en op sociale media.', 'level': 'Leerdoel Verdiepend-Verbredend', 'category': 'BG'}, {'code': 'GDM/0522', 'description': 'De student past de principes van personal branding toe in het ontwerp van zijn/haar portfolio, en zorgt ervoor dat deze visuele identiteit consistent doorgetrokken wordt in de online aanwezigheid (bijvoorbeeld via sociale media-profielen en visuele content).', 'level': 'Leerdoel Verdiepend-Verbredend', 'category': 'BG'}]","[]","[]","Werkcolleges: leerinhouden worden verworven via geïntegreerde opdrachten, die theoretische en praktische kennis combineren Zelfstudie: bepaalde theoretische inzichten worden verworven door zelfstudie, ter voorbereiding van de werkcolleges Werkstuk: praktische opdrachten met fysieke of digitale oplevering. De apparatuur om de opdrachten uit te voeren zijn enkel toegankelijk tijdens de reguliere lestijden. Studiebezoek: de aanwezigheid op bedrijfsbezoek is verplicht Taken in zelfstudie: begeleid zelfstandig leren, een onderwijsvorm waarbij studenten zelfstandig opdrachten of taken uitvoeren om vakinhouden of domeinspecifieke informatie te verwerven en/of verwerken. De docent treedt hierbij op als coach van het leerproces door gerichte opdrachten en/of feedback te geven.","[{'exam_chance': 'Evaluatie(s) voor de eerste examenkans', 'moment': 'tweede examenperiode buiten examenrooster', 'form': 'Werkstuk', 'percentage': '100,00', 'remark': ''}, {'exam_chance': 'Evaluatie(s) voor de tweede examenkans', 'moment': 'derde examenperiode binnen examenrooster', 'form': 'Werkstuk', 'percentage': '100,00', 'remark': ''}]","Het werkstuk bestaat diverse deelopdrachten die gemaakt en geëvalueerd worden om bepaalde attitudes, kennis en vaardigheden te bereiken bij de studenten. Bij te laat indienen van een opdracht, maar minder dan 24 uur na de deadline, wordt 1/3 van de punten afgetrokken. Na 24u te laat indienen, zal een nul worden toegekend voor deze opdracht.","Contacttraject Print Media Technology","https://bamaflexweb.arteveldehs.be/BMFUIDetailxOLOD.aspx?a=230809&b=1&c=1"
"Sign","2026-27","Bachelor in de grafische en digitale media","","2","5 studiepunten","126,00 uren","15.03.2027 (georganiseerd in semester 2)","op 20 (tot op een geheel getal)","wel","Dehaemers Ann, Vande Populiere Eva","Nederlands","4","<div class=""clearfix""><p>Alle leerinhouden staan in het teken van interieur, deco, textiel en industrial printing.<br/>
<br/>
Interieur deco, textiel en industrial printing, standenbouw en signage</p>
<p>Door middel van theoretische lessen en bedrijfsbezoeken worden deze inhouden besproken.</p>
<ol>
<li>Materialen</li>
<li>soorten</li>
<li>productieproces</li>
<li>toepassingen</li>
</ol>
</div>","[{'code': 'GDM/0306', 'description': 'De student heeft inzicht in de esthetische aspecten en eigenschappen van grondstoffen en technieken die het eindresultaat visueel beïnvloeden', 'level': 'Leerdoel Elementair', 'category': 'BS'}, {'code': 'GDM/0320', 'description': 'De student maakt een ontwerp technisch drukklaar, volgens correcte industriestandaarden en werkmethodes om optimaal, kwalitatief en repeteerbaar te reproduceren.', 'level': 'Leerdoel Verdiepend-Verbredend', 'category': 'BS'}, {'code': 'GDM/0322', 'description': 'De studnent kiest een gepaste productietechniek op basis van het te ontwikkelen eindproduct.', 'level': 'Leerdoel Verdiepend-Verbredend', 'category': 'BS'}, {'code': 'GDM/0344', 'description': 'De student maakt een sign product en stuurt hiervoor de software en productieapparaten aan.', 'level': 'Leerdoel Verdiepend-Verbredend', 'category': 'BS'}, {'code': 'GDM/0345', 'description': 'De student bepaalt de functionaliteit van een decoratief of industrieel gedrukt product en zet dit om in een doelgericht (structureel) design.', 'level': 'Leerdoel Verdiepend-Verbredend', 'category': 'BS'}, {'code': 'GDM/0520', 'description': 'De student ontwikkelt een portfolio dat zijn/haar vaardigheden en persoonlijkheid weerspiegelt.', 'level': 'Leerdoel Verdiepend-Verbredend', 'category': 'BG'}, {'code': 'GDM/0521', 'description': 'De student maakt de keuze welke werkstukken het beste het verhaal van zijn/haar persoonlijke merk ondersteunen en kiest deze voor publicatie in het portfolio en op sociale media.', 'level': 'Leerdoel Verdiepend-Verbredend', 'category': 'BG'}, {'code': 'GDM/0522', 'description': 'De student past de principes van personal branding toe in het ontwerp van zijn/haar portfolio, en zorgt ervoor dat deze visuele identiteit consistent doorgetrokken wordt in de online aanwezigheid (bijvoorbeeld via sociale media-profielen en visuele content).', 'level': 'Leerdoel Verdiepend-Verbredend', 'category': 'BG'}]","[]","[]","","[{'exam_chance': 'Evaluatie(s) voor de eerste examenkans', 'moment': 'tweede examenperiode binnen examenrooster', 'form': 'Schriftelijk', 'percentage': '20,00', 'remark': ''}, {'exam_chance': 'Evaluatie(s) voor de eerste examenkans', 'moment': 'tweede examenperiode buiten examenrooster', 'form': 'Observatie permanente evaluatie (Permanente evaluatie)', 'percentage': '20,00', 'remark': ''}, {'exam_chance': 'Evaluatie(s) voor de eerste examenkans', 'moment': 'tweede examenperiode buiten examenrooster', 'form': 'Werkstuk', 'percentage': '60,00', 'remark': ''}, {'exam_chance': 'Evaluatie(s) voor de tweede examenkans', 'moment': 'derde examenperiode binnen examenrooster', 'form': 'Schriftelijk', 'percentage': '40,00', 'remark': ''}, {'exam_chance': 'Evaluatie(s) voor de tweede examenkans', 'moment': 'derde examenperiode binnen examenrooster', 'form': 'Werkstuk', 'percentage': '60,00', 'remark': ''}]","WERKSTUK Het werkstuk bestaan uit diverse deelopdrachten die gemaakt en geëvalueerd worden om bepaalde attitudes, kennis en vaardigheden te bereiken bij de studenten. Deze opdrachten worden geëvalueerd  op Technisch kennis creativiteit, professionaliteit communicatie De student neemt tijdens de voorbereiding, studie, onderzoek en uitvoering het initiatief tot feedback. Bij te laat indienen van een opdracht, maar minder dan 24 uur na de deadline, wordt 1/3 van de punten afgetrokken. Na 24u te laat indienen, zal een nul worden toegekend aan deze opdracht. SCHRIFTELIJK EXAMEN Er is ook en schriftelijk examen om de verworven kennis te toetsen. BEDRIJFSBEZOEK De deelname aan de bedrijfsbezoeken is verplicht tenzij er sprake is van uitzonderlijke omstandigheden.","Contacttraject Print Media Technology","https://bamaflexweb.arteveldehs.be/BMFUIDetailxOLOD.aspx?a=230811&b=1&c=1"
"Afstudeerproject semester 2","2026-27","Bachelor in de grafische en digitale media","","3","15 studiepunten","416,00 uren","15.03.2027 (georganiseerd in semester 2)","op 20 (tot op een geheel getal)","wel","Anseel Stijn, Calis Bart, De Weirdt Dieter, Duytschaever Tineke, Knockaert Bart, Lambrecht Jannes, Langeraert Pieter, Lowagie Jelle, Moortgat Lotte, Peters Yves, Piffet Philippe, Pottie Jonas, Rutsaert Evelien, Scheirlinckx Jan, Snels Merel, Spek Sander, Staesens Rik, Temmerman Hans, Thys Joris, Toppets Kristof, Vandersleyen Wim, Van Raes Marieke, Vansevenant Fries, Verniest Joris, Weyens Barend, Wysmans Michaël","Nederlands","6","<div class=""clearfix""><p>De student produceert een vakproduct, waarbij de student eindverantwoordelijkheid draagt voor alle productiestappen.<br/>
De student stelt een gefundeerde productierapportering op (deels in het Engels), met daar in onder meer een onderzoeksverslag en een toelichting bij het productieproces.<br/>
De student presenteert alle zaken voor een jury in de context van een expo-opstelling.</p>
<p> In de Canvascursus vindt de student alle praktische informatie om het afstudeerproject te organiseren en realiseren.</p>
<div data-extension-version=""1.0.4"" id=""ConnectiveDocSignExtentionInstalled""> </div></div>","[{'code': 'GDM/0100A1', 'description': 'De student ontwerpt vanuit een analyse een mediaconcept dat past binnen de brede communicatiestrategie en/of de doelstellingen en randvoorwaarden van de stakeholder(s).', 'level': 'Leerdoel Autonoom-Complex', 'category': 'BS'}, {'code': 'GDM/0100A2', 'description': 'De student toont aan dat het mediaconcept op een gepaste manier binnen de communicatiestrategie of doelstellingen van de stakeholders kan worden ingezet.', 'level': 'Leerdoel Autonoom-Complex', 'category': 'BS'}, {'code': 'GDM/0200A1', 'description': 'De student bedenkt en ontwerpt een mediaproduct dat getuigt van originaliteit en creativiteit.', 'level': 'Leerdoel Autonoom-Complex', 'category': 'BS'}, {'code': 'GDM/0200A2', 'description': 'De student bedenkt en ontwerpt een mediaproduct dat vanuit design principes esthetisch verantwoord is en voldoet aan de noden en verwachtingen van opdrachtgever en/of eindgebruiker.', 'level': 'Leerdoel Autonoom-Complex', 'category': 'BS'}, {'code': 'GDM/0300A1', 'description': 'De student levert een mediaproduct op dat getuigt van professionele, vaktechnische competenties conform de geijkte productiestandaarden.', 'level': 'Leerdoel Autonoom-Complex', 'category': 'BS'}, {'code': 'GDM/0300A2', 'description': 'De student levert een eindproduct op dat voldoet aan de relevante vaktechnische kwaliteitseisen.', 'level': 'Leerdoel Autonoom-Complex', 'category': 'BS'}, {'code': 'GDM/0400A1', 'description': 'De student voert een kwaliteitsvol onderzoek uit op basis van design researcht.', 'level': 'Leerdoel Autonoom-Complex', 'category': 'BG'}, {'code': 'GDM/0400A2', 'description': 'De student toont aan dat het gevoerde onderzoek het mediaproduct valideert of versterkt waardoor het een antwoord biedt op de noden en verwachtingen van de opdrachtgever, eindgebruiker en/of andere stakeholders.', 'level': 'Leerdoel Autonoom-Complex', 'category': 'BG'}, {'code': 'GDM/0526', 'description': 'De student heeft een professioneel en visueel aantrekkelijk portfolio dat een reflectie is van de eigen vaardigheden en stijl.', 'level': 'Leerdoel Autonoom-Complex', 'category': 'BG'}, {'code': 'GDM/0527', 'description': 'De student past de principes van personal branding toe in het ontwerp van zijn/haar portfolio, en zorgt ervoor dat deze visuele identiteit consistent doorgetrokken wordt in de online aanwezigheid (bijvoorbeeld via sociale media-profielen en visuele content).', 'level': 'Leerdoel Autonoom-Complex', 'category': 'BG'}, {'code': 'GDM/0528', 'description': 'De student past zijn/haar online aanwezigheid (bijvoorbeeld LinkedIn, Instagram) strategisch aan om de zichtbaarheid te vergroten en doelgerichte contacten op te bouwen met potentiële werkgevers of opdrachtgevers.', 'level': 'Leerdoel Autonoom-Complex', 'category': 'BG'}, {'code': 'GDM/0600A1', 'description': 'De student communiceert doelgericht, helder, in gepaste taal en indien nodig meertalig met de verschillende  (internationale) stakeholders.', 'level': 'Leerdoel Autonoom-Complex', 'category': 'BG'}, {'code': 'GDM/0800A1', 'description': 'De student ziet opportuniteiten voor mediaproducten, diensten of ervaringen die economisch of maatschappelijk waardevol zijn en neemt  initiatief voor de ontwikkeling hiervan.', 'level': 'Leerdoel Autonoom-Complex', 'category': 'ALG'}, {'code': 'GDM/0800A2', 'description': 'De student handelt in professionele activiteiten steeds vanuit een duurzaam perspectief en houdt rekening  met ethische aspecten zoals privacy, veiligheid en inclusie.', 'level': 'Leerdoel Autonoom-Complex', 'category': 'ALG'}]","[]","[]","Zie Canvas. In reguliere weken zal het contactmoment bestaan uit een wekelijkse feedbacksessie met de afstudeerbegeleider en werktijd op campus. Uitzonderingen zijn de eerste week (intensievere coaching) en de evaluatiemomenten. Het afstudeerproject vindt plaats in de tweede helft van het semester. Afhankelijk van de academische kalender zullen er een of twee vooruitgeschoven coachingsmomenten zijn in de eerste helft van het semester.","[{'exam_chance': 'Evaluatie(s) voor de eerste examenkans', 'moment': 'tweede examenperiode binnen examenrooster', 'form': 'Rapporten', 'percentage': '40,00', 'remark': 'De student licht het rapport toe tijdens een mondelinge presentatie tijdens de ingeroosterde contactmomenten.'}, {'exam_chance': 'Evaluatie(s) voor de eerste examenkans', 'moment': 'tweede examenperiode binnen examenrooster', 'form': 'Werkstuk', 'percentage': '50,00', 'remark': 'De student presenteert het werkstuk voor een jury in de context van een expo-opstelling.'}, {'exam_chance': 'Evaluatie(s) voor de eerste examenkans', 'moment': 'tweede examenperiode buiten examenrooster', 'form': 'Mondeling', 'percentage': '10,00', 'remark': 'Tussentijdse evaluatie'}, {'exam_chance': 'Evaluatie(s) voor de tweede examenkans', 'moment': 'derde examenperiode binnen examenrooster', 'form': 'Rapporten', 'percentage': '50,00', 'remark': 'De student licht het rapport toe tijdens een mondelinge presentatie.'}, {'exam_chance': 'Evaluatie(s) voor de tweede examenkans', 'moment': 'derde examenperiode binnen examenrooster', 'form': 'Werkstuk', 'percentage': '50,00', 'remark': 'De student presenteert het werkstuk voor een jury in de context van een expo-opstelling.'}]","Zie Canvas.","Contacttraject Print Media Technology","https://bamaflexweb.arteveldehs.be/BMFUIDetailxOLOD.aspx?a=227799&b=1&c=1"
"Afstudeerstage semester 2","2026-27","Bachelor in de grafische en digitale media","","3","15 studiepunten","425,00 uren","15.03.2027 (georganiseerd in semester 2)","op 20 (tot op een geheel getal)","niet","Anseel Stijn, Calis Bart, De Canck Inge, De Weirdt Dieter, Duytschaever Tineke, Knockaert Bart, Lambrecht Jannes, Langeraert Pieter, Lowagie Jelle, Moortgat Lotte, Peters Yves, Piffet Philippe, Pottie Jonas, Rutsaert Evelien, Scheirlinckx Jan, Snels Merel, Staesens Rik, Temmerman Hans, Thys Joris, Toppets Kristof, Vandersleyen Wim, Van Raes Marieke, Vansevenant Fries, Verniest Joris, Weyens Barend, Wysmans Michaël","Nederlands","6","<div class=""clearfix""><p>De stage-inhoud is heel uiteenlopend en vaak gediversifieerd naar specialiteit van de richting en persoonlijke interesse. Zij wordt opgemaakt in overleg met het stagebedrijf, de student en de opleiding.</p>
<p>De student loopt minimaal 47 voltijdse dagen stage in een stagebedrijf en rapporteert hierover. Details over de verslaggeving worden gecommuniceerd via de Canvascursus.<br/>
De student is verplicht fysiek aanwezig op het intervisiemoment en op de verplichte fysieke terugkommomenten voor het afstudeerproject. <br/>
<br/>
<br/>
</p>
<div data-extension-version=""1.0.4"" id=""ConnectiveDocSignExtentionInstalled""> </div></div>","[{'code': 'GDM/0500A1', 'description': 'De student toont aan dat hij zicht heeft op de eigen kennis, vaardigheden en groeimogelijkheden.', 'level': 'Leerdoel Autonoom-Complex', 'category': 'ALG'}, {'code': 'GDM/0500A2', 'description': 'De student professionaliseert zich om blijvend inzetbaar te zijn als mediaprofessional in complexe en gespecialiseerde contexten.', 'level': 'Leerdoel Autonoom-Complex', 'category': 'ALG'}, {'code': 'GDM/0500A3', 'description': 'De student bouwt een professioneel netwerk uit en onderhoudt dit actief.', 'level': 'Leerdoel Autonoom-Complex', 'category': 'ALG'}, {'code': 'GDM/0523', 'description': 'De student heeft een professioneel en visueel aantrekkelijk portfolio dat een reflectie is van de eigen vaardigheden en stijl.', 'level': 'Leerdoel Verdiepend-Verbredend', 'category': 'BG'}, {'code': 'GDM/0524', 'description': 'De student past de principes van personal branding toe in het ontwerp van zijn/haar portfolio, en zorgt ervoor dat deze visuele identiteit consistent doorgetrokken wordt in de online aanwezigheid (bijvoorbeeld via sociale media-profielen en visuele content).', 'level': 'Leerdoel Verdiepend-Verbredend', 'category': 'BG'}, {'code': 'GDM/0525', 'description': 'De student past zijn/haar online aanwezigheid (bijvoorbeeld LinkedIn, Instagram) strategisch aan om de zichtbaarheid te vergroten en doelgerichte contacten op te bouwen met potentiële werkgevers of opdrachtgevers.', 'level': 'Leerdoel Verdiepend-Verbredend', 'category': 'BG'}, {'code': 'GDM/0700A1', 'description': 'De student werkt op een proactieve en professionele wijze samen in een (multidisciplinair) team.', 'level': 'Leerdoel Autonoom-Complex', 'category': 'BG'}, {'code': 'GDM/0700A2', 'description': 'De student neemt verantwoordelijkheid op binnen een project en voert de eigen taken op een planmatige wijze uit.', 'level': 'Leerdoel Autonoom-Complex', 'category': 'BG'}, {'code': 'GDM/2022-23/0207', 'description': 'De student getuigt van een creatief en conceptueel denkvermogen.', 'level': 'Leerdoel Verdiepend-Verbredend', 'category': 'BS'}, {'code': 'GDM/2022-23/0308', 'description': 'De student  past een industriestandaard of werkmethode vakkundig toe.', 'level': 'Leerdoel Autonoom-Complex', 'category': 'BS'}, {'code': 'GDM/2022-23/0310', 'description': 'De student kiest een gepaste productietechniek op basis van het te ontwikkelen eindproduct.', 'level': 'Leerdoel Verdiepend-Verbredend', 'category': 'BS'}, {'code': 'GDM/2022-23/0607', 'description': 'De student kan overtuigend en professioneel communiceren omtrent een professioneel gebonden thema, schriftelijk en/of mondeling.', 'level': 'Leerdoel Verdiepend-Verbredend', 'category': 'BG'}, {'code': 'GDM/2022-23/0802', 'description': 'De student kan kritisch reflecteren op ethische, deontologische en duurzaamheidsgerelateerde kwesties binnen het vakgebied.', 'level': 'Leerdoel Verdiepend-Verbredend', 'category': 'ALG'}, {'code': 'GDM/2022-23/0803', 'description': 'De student kan vanuit een ethisch standpunt kritisch reflecteren op nieuwe technologieën, innovatieve modellen en designtrends.', 'level': 'Leerdoel Verdiepend-Verbredend', 'category': 'ALG'}]","[]","[]","Zie Canvas. Verplaatsingsonkosten kunnen niet op de opleiding verhaald worden.","[{'exam_chance': 'Evaluatie(s) voor de eerste examenkans', 'moment': 'tweede examenperiode buiten examenrooster', 'form': 'Observatie', 'percentage': '80,00', 'remark': ''}, {'exam_chance': 'Evaluatie(s) voor de eerste examenkans', 'moment': 'tweede examenperiode buiten examenrooster', 'form': 'Rapporten', 'percentage': '20,00', 'remark': 'Stageverslaggeving'}]","Bij te laat indienen van het stageboek/verslag, maar minder dan 24 uur na de deadline, wordt 1/3 van de punten afgetrokken. Na 24u te laat indienen, zal een nul worden toegekend voor het stageboek/verslag. De verslaggeving is een essentieel onderdeel van de stage en dient ingediend te worden om te kunnen slagen. Bepaalde competenties kunnen niet volledig beoordeeld worden bij afwezig van de verslaggeving. Er is geen tweede examenkans mogelijk, omdat een stage van een dergelijke duur niet kan ingepast worden in de tweede examenperiode. Gedetailleerde communicatie verloopt via de Canvascursus.","Contacttraject Print Media Technology","https://bamaflexweb.arteveldehs.be/BMFUIDetailxOLOD.aspx?a=228272&b=1&c=1"
"Creative Business Studio 3","2026-27","Bachelor in de grafische en digitale media","","3","6 studiepunten","152,00 uren","01.11.2026 (georganiseerd in semester 1)","op 20 (tot op een geheel getal)","wel","Dehaemers Ann, De Laender Annick, Vandenberghe Peter, Vanhees Rob","Nederlands","5","<div class=""clearfix""><p>Creative business studio 3 is gericht op duurzaam, maatschappelijk ondernemen. De studenten doorlopen het Step-up traject van Unizo, dat zich richt op het ontwikkelen van specifieke vaardigheden en kennis die essentieel is voor het succesvol starten en runnen van een bedrijf. </p>
<p>Het olod bestaat uit  2 delen: </p>
<ul>
<li>een grafisch mediaproduct bedenken, produceren (of laten produceren), promoten en verkopen. </li>
<li>een business plan uitwerken om te beoordelen of het idee opschaalbaar is en/of als start-up levensvatbaar kan zijn.</li>
</ul>
<p>Thema's die aan bod komen zijn:</p>
<ol>
<li>Wie ben ik als ondernemer en wat zijn mijn ondernemerscompetenties.  </li>
<li>Concept bepalen voor de mini-onderneming.  </li>
<li>Haalbaarheidsstudie (commercieel – financieel – technisch) - SWOT analyse - Missie en visie bepalen</li>
<li>Administratieve formaliteiten – betalingen – boekhouding – organisatieplan – teamrollen - rolverdeling</li>
<li>Uitvoering: uitwerken idee - productie - promotie - verkoop</li>
<li>Deelname Step-up Markt</li>
<li>Business plan om te beoordelen of het idee levensvatbaar is. </li>
<li>Opschalen en start-up (fictief).<br/>
<br/>
<br/>
<br/>
</li>
</ol></div>","[{'code': 'GDM/0117', 'description': 'De student onderzoekt zijn of haar ondernemersprofiel en ontwikkelt bewustzijn van eigen ondernemerschapscompetenties, met aandacht voor duurzaamheid en maatschappelijke meerwaarde.', 'level': 'Leerdoel Verdiepend-Verbredend', 'category': 'BG'}, {'code': 'GDM/0118', 'description': 'De student ontwikkelt een creatief en realistisch concept voor een grafisch mediaproduct, en toetst dit aan de hand van een haalbaarheidsstudie (commercieel, technisch, financieel), inclusief SWOT-analyse, missie en visie.', 'level': 'Leerdoel Verdiepend-Verbredend', 'category': 'BG'}, {'code': 'GDM/0119', 'description': 'De student plant en realiseert het volledige productieproces van het mediaproduct, en voert een gerichte promotie- en verkoopstrategie uit, afgestemd op de doelgroep en marktinzichten.', 'level': 'Leerdoel Verdiepend-Verbredend', 'category': 'BG'}, {'code': 'GDM/0120', 'description': 'De student beheert de administratieve, organisatorische en financiële aspecten van de mini-onderneming (zoals betalingen, boekhouding en teamrollen) en past deze toe conform wettelijke en praktische vereisten.', 'level': 'Leerdoel Verdiepend-Verbredend', 'category': 'BG'}, {'code': 'GDM/0121', 'description': 'De student stelt een onderbouwd businessplan op waarin het potentieel van de onderneming voor opschaling en levensvatbaarheid als start-up kritisch wordt geanalyseerd, rekening houdend met duurzaam en maatschappelijk verantwoord ondernemen.', 'level': 'Leerdoel Verdiepend-Verbredend', 'category': 'BG'}]","[]","[]","Zie canvascursus. De studenten werken in groep aan een project. Elke groep neemt deel aan het Step-up traject van Unizo. Hieraan is een deelnamekost verbonden van 25 à 30 euro per student.","[{'exam_chance': 'Evaluatie(s) voor de eerste examenkans', 'moment': 'eerste examenperiode binnen examenrooster', 'form': 'Mondeling', 'percentage': '20,00', 'remark': ''}, {'exam_chance': 'Evaluatie(s) voor de eerste examenkans', 'moment': 'eerste examenperiode buiten examenrooster', 'form': 'Observatie', 'percentage': '20,00', 'remark': ''}, {'exam_chance': 'Evaluatie(s) voor de eerste examenkans', 'moment': 'eerste examenperiode buiten examenrooster', 'form': 'Werkstuk', 'percentage': '60,00', 'remark': ''}, {'exam_chance': 'Evaluatie(s) voor de tweede examenkans', 'moment': 'derde examenperiode binnen examenrooster', 'form': 'Mondeling', 'percentage': '40,00', 'remark': ''}, {'exam_chance': 'Evaluatie(s) voor de tweede examenkans', 'moment': 'derde examenperiode binnen examenrooster', 'form': 'Werkstuk', 'percentage': '60,00', 'remark': ''}]","Bij te laat indienen van een opdracht, maar minder dan 24 uur na de deadline, wordt 1/3 van de punten afgetrokken. Na 24 uur te laat indienen, zal een nul worden toegekend aan deze opdracht. Deelname aan de lessen en de Step-up markt is verplicht.","Contacttraject Print Media Technology","https://bamaflexweb.arteveldehs.be/BMFUIDetailxOLOD.aspx?a=230954&b=1&c=1"
"Expedition","2026-27","Bachelor in de grafische en digitale media","","3","6 studiepunten","165,00 uren","01.11.2026 (georganiseerd in semester 1)","op 20 (tot op een geheel getal)","wel","D'Hondt Glenn, Lambrecht Jannes, Rutsaert Evelien, Temmerman Hans, Thys Joris, Vansevenant Fries, Weyens Barend","Nederlands","5","<div class=""clearfix"">In dit opleidingsonderdeel worden studenten gestimuleerd om in groepsverband te experimenteren en zich los te maken van traditionele denkkaders. In tegenstelling tot andere vakken ligt de focus niet op het afleveren van een afgewerkt en kwalitatief eindresultaat, maar op een creatieve en grondige verkenning van uiteenlopende oplossingsrichtingen. Studenten worden aangespoord om vakoverschrijdende benaderingen te ontwikkelen voor opgelegde vraagstukken, met bijzondere aandacht voor het proces van experimenteren als kern van het leertraject.</div>","[{'code': 'GDM/0255', 'description': 'De student kan binnen een grafische en digitale context onderzoeksvragen formuleren en via toegepast design research visuele en inhoudelijke ontwerpbeslissingen onderbouwen.', 'level': 'Leerdoel Verdiepend-Verbredend', 'category': 'BS'}, {'code': 'GDM/0256', 'description': 'De student kan op basis van een iteratief onderzoek een brede reeks grafische concepten ontwikkelen en deze op een doordachte en visueel overtuigende manier presenteren.', 'level': 'Leerdoel Verdiepend-Verbredend', 'category': 'BS'}, {'code': 'GDM/0257', 'description': 'De student kan beeld en tekst doelgericht combineren waarbij visuele communicatie de storytelling en conceptuele kracht binnen grafisch ontwerp versterkt.', 'level': 'Leerdoel Verdiepend-Verbredend', 'category': 'BS'}, {'code': 'GDM/0258', 'description': 'De student kan visuele concepten overtuigend presenteren via grafisch onderbouwde pitches waarbij storytelling en beeldtaal strategisch worden ingezet.', 'level': '1', 'category': 'BS'}, {'code': 'GDM/0259', 'description': 'De student kan functioneren binnen een wisselende, multidisciplinaire groepscontext die een professionele grafische studio simuleert en daarbij actief bijdragen aan proces en collectieve output.', 'level': 'Leerdoel Verdiepend-Verbredend', 'category': 'BS'}]","[]","[]","Zie Canvas","[{'exam_chance': 'Evaluatie(s) voor de eerste examenkans', 'moment': 'eerste examenperiode binnen examenrooster', 'form': 'Werkstuk', 'percentage': '20,00', 'remark': ''}, {'exam_chance': 'Evaluatie(s) voor de eerste examenkans', 'moment': 'eerste examenperiode buiten examenrooster', 'form': 'Werkstuk permanente evaluatie (Permanente evaluatie)', 'percentage': '80,00', 'remark': ''}, {'exam_chance': 'Evaluatie(s) voor de tweede examenkans', 'moment': 'derde examenperiode binnen examenrooster', 'form': 'Werkstuk', 'percentage': '100,00', 'remark': ''}]","- Verspreid over het semester worden verschillende werkstukken gemaakt met specifieke deadlines - Bij de tweede examenkans wordt één opdracht uitgewerkt waarin alle eindcompetenties kunnen worden beoordeeld - Bij te laat indienen van een opdracht, maar minder dan 24 uur na de deadline, wordt 1/3 van de punten afgetrokken. Wanneer een deadline met meer dan 24u is overschreden, zal een nul worden toegekend","Contacttraject Print Media Technology","https://bamaflexweb.arteveldehs.be/BMFUIDetailxOLOD.aspx?a=231143&b=1&c=1"
"Expert track: Print Pro","2026-27","Bachelor in de grafische en digitale media","","3","12 studiepunten","298,00 uren","01.11.2026 (georganiseerd in semester 1)","op 20 (tot op een geheel getal)","wel","Calis Bart, Dehaemers Ann","Nederlands","5","<div class=""clearfix"">In dit olod wordt gefocussed rond een verschillende relevante en innovatieve thema's uit de printindustrie. Dit kan technologie-, sector- of productgebonden zijn. Deze worden door industriepartners aangebracht en meegeëvalueerd. Er zijn groepsopdrachten en individuele opdrachten.<br/>
<br/>
Afhankelijk van de aard van nodige infrastructuur gaan de contactmomenten door in de ateliers, neutrale leslokalen of in bedrijven.<br/>
<br/>
Alle opdrachten worden in zelfstudie voorbereid en afgewerkt.</div>","[{'code': 'GDM/0399991', 'description': 'De student analyseert prepress-productieprocessen en  automatiseert deze door het instellen van een workflowsysteem.', 'level': 'Leerdoel Verdiepend-Verbredend', 'category': 'BS'}, {'code': 'GDM/0399992', 'description': 'De student kan zelfstandig een beheerst en gestandaardiseerd kleurbeheer organiseren van grafische media vanaf het ontwerpproces tot een afgewerkt product.', 'level': 'Leerdoel Verdiepend-Verbredend', 'category': 'BS'}, {'code': 'GDM/0399993', 'description': 'De student heeft inzicht in de organisatie van een grafisch productiebedrijf. Hij analyseert operationele stappen en kan deze gestructureerd in kaart brengen.', 'level': 'Leerdoel Verdiepend-Verbredend', 'category': 'BS'}, {'code': 'GDM/0399994', 'description': 'De student heeft inzicht in kwaliteitbeheersystemen in grafische productie', 'level': 'Leerdoel Verdiepend-Verbredend', 'category': 'BS'}, {'code': 'GDM/0399995', 'description': 'De student heeft inzicht in de kostprijsberekening van een grafisch product.', 'level': 'Leerdoel Verdiepend-Verbredend', 'category': 'BS'}]","[]","[]","De studenten volgen werkcolleges gegeven door industriepartners en eigen docenten. Hieraan zijn opdrachten verbonden (werkstuk buiten EP) De opdrachten worden voorbereid en afgewerkt in zelfstudie. De studenten werken aan een permanente opdracht die ze opleveren (werkstuk binnen EP)","[{'exam_chance': 'Evaluatie(s) voor de eerste examenkans', 'moment': 'eerste examenperiode buiten examenrooster', 'form': 'Werkstuk permanente evaluatie (Permanente evaluatie)', 'percentage': '100,00', 'remark': ''}, {'exam_chance': 'Evaluatie(s) voor de tweede examenkans', 'moment': 'derde examenperiode binnen examenrooster', 'form': 'Werkstuk', 'percentage': '100,00', 'remark': ''}]","Werkstuk buiten examenperiode: verschillende opdrachten tijdens en naast de les uitgevoerd, deze worden op Canvas aangekondigd en toegelicht. Bij te laat indienen van een opdracht, maar minder dan 24 uur na de deadline, wordt 1/3 van de punten afgetrokken. Na 24u te laat indienen, zal een nul worden toegekend voor deze opdracht. De aanwezigheid op alle bedrijfsbezoeken en workshops van externe partners is essentieel voor dit olod, alsook de uitvoering van de opdrachten op de campus. Hierbij gebeurt permanente evaluatie en bij onwettige afwezigheden worden de punten van de bijhorende opdracht negatief gequoteerd. De onderwijsinfrastructuur kan niet benut worden buiten de lestijden, er dient hiermee proactief rekening gehouden worden met het indienen van het werkstuk in tweede zittijd","Contacttraject Print Media Technology","https://bamaflexweb.arteveldehs.be/BMFUIDetailxOLOD.aspx?a=231134&b=1&c=1"
"Media Ethics","2026-27","Bachelor in de grafische en digitale media","","3","3 studiepunten","81,00 uren","01.11.2026 (georganiseerd in semester 1)","op 20 (tot op een geheel getal)","wel","","Nederlands","5","<div class=""clearfix""><p>In dit vak worden volgende thema's aangereikt en uitgediept:</p>
<ul>
<li>Religie, zingeving en levensbeschouwing: toelichting bij de drie begrippen.</li>
<li>Leven in een pluralistische samenleving: eigen positiebepaling</li>
<li>De rol van communicatie, journalistiek &amp; media: (interlevensbeschouwelijke) dialoog? Polarisering? Dialoog in de polarisering?</li>
<li>Ethische dilemma's ivm communicatie, media &amp; levensbeschouwing: analyseren, presenteren.</li>
<li>Debat aangaan omtrent ethische dilemma's en zingevingsvragen.</li>
<li>Inspiratiebronnen verkennen voor een zinvol leven en ethisch handelen.</li>
</ul></div>","[{'code': 'GDM/2022-23/0607', 'description': 'De student kan overtuigend en professioneel communiceren omtrent een professioneel gebonden thema, schriftelijk en/of mondeling.', 'level': 'Leerdoel Verdiepend-Verbredend', 'category': 'BG'}, {'code': 'GDM/2022-23/0802', 'description': 'De student kan kritisch reflecteren op ethische, deontologische en duurzaamheidsgerelateerde kwesties binnen het vakgebied.', 'level': 'Leerdoel Verdiepend-Verbredend', 'category': 'ALG'}, {'code': 'GDM/2022-23/0803', 'description': 'De student kan vanuit een ethisch standpunt kritisch reflecteren op nieuwe technologieën, innovatieve modellen en designtrends.', 'level': 'Leerdoel Verdiepend-Verbredend', 'category': 'ALG'}]","[]","[]","Zie Canvas.","[{'exam_chance': 'Evaluatie(s) voor de eerste examenkans', 'moment': 'eerste examenperiode binnen examenrooster', 'form': 'Mondeling', 'percentage': '60,00', 'remark': 'De student dient zijn portfolio in ter voorbereiding van het examen op moment van deadline in het uurrooster.'}, {'exam_chance': 'Evaluatie(s) voor de eerste examenkans', 'moment': 'eerste examenperiode buiten examenrooster', 'form': 'Mondeling', 'percentage': '30,00', 'remark': ''}, {'exam_chance': 'Evaluatie(s) voor de eerste examenkans', 'moment': 'eerste examenperiode buiten examenrooster', 'form': 'Rapporten', 'percentage': '10,00', 'remark': ''}, {'exam_chance': 'Evaluatie(s) voor de tweede examenkans', 'moment': 'derde examenperiode binnen examenrooster', 'form': 'Mondeling', 'percentage': '100,00', 'remark': ''}]","Bij te laat indienen van een opdracht, maar minder dan 24 uur na de deadline, wordt 1/3 van de punten afgetrokken. Na 24u te laat indienen, zal een nul worden toegekend aan deze opdracht.","Contacttraject Print Media Technology","https://bamaflexweb.arteveldehs.be/BMFUIDetailxOLOD.aspx?a=230953&b=1&c=1"
"Print Operations Management","2026-27","Bachelor in de grafische en digitale media","","3","3 studiepunten","80,00 uren","01.11.2026 (georganiseerd in semester 1)","op 20 (tot op een geheel getal)","wel","Dehaemers Ann","Engels","5","<div class=""clearfix""><p>Dit opleidingsonderdeel behandelt de basisprincipes van print- en ordermanagement binnen een grafische productieomgeving. De student krijgt inzicht in de verschillende stappen van een productieflow, van het ontvangen van digitale bestanden tot de voorbereiding van productie. <br/>
<br/>
De volgende inhouden kunnen aan bod komen:</p>
<ul>
<li>Analyse van een klantvraag en vertaling naar technische specificaties</li>
<li>Structuur en opmaak van productieorders</li>
<li>Basisprincipes van orderopvolging binnen een grafische workflow </li>
<li>Controle van aangeleverde bestanden (manueel en/of geautomatiseerd) </li>
<li>Introductie tot calculatie en kostprijsbepaling </li>
<li>Gebruik van digitale tools (zoals Excel of gelijkaardig) voor orderbeheer </li>
<li>Basisprincipes van productieplanning en organisatie </li>
<li>Inzicht in parameters die een invloed hebben op productie en doorlooptijd </li>
<li>Opvolging van een order doorheen de verschillende productiestappen <br/>
<br/>
</li>
</ul>
<p>De concrete invulling van de inhoud kan variëren in functie van de gekozen cases en tools.</p></div>","[{'code': 'GDM/03999999', 'description': 'De student kan een grafische productieorder analyseren, structureren en correct registreren in een gesimuleerde MIS/ERP-omgeving.', 'level': 'Leerdoel Verdiepend-Verbredend', 'category': 'BS'}, {'code': 'GDM/039999990', 'description': 'De student kan een productieorder opmaken vertrekkende van een aangeleverde digitale file en bijhorende briefing.', 'level': 'Leerdoel Verdiepend-Verbredend', 'category': 'BS'}, {'code': 'GDM/039999991', 'description': 'De student kan een automatische en manuele bestandscontrole uitvoeren en afwijkingen detecteren en rapporteren.', 'level': 'Leerdoel Verdiepend-Verbredend', 'category': 'BS'}, {'code': 'GDM/039999992', 'description': 'De student kan basisprincipes van calculatie toepassen (materiaal, tijd, machine) en deze verwerken in een Excel-omgeving.', 'level': 'Leerdoel Verdiepend-Verbredend', 'category': 'BS'}, {'code': 'GDM/039999993', 'description': 'De student kan een eenvoudige productieplanning opstellen en optimaliseren rekening houdend met capaciteit en deadlines.', 'level': 'Leerdoel Verdiepend-Verbredend', 'category': 'BS'}, {'code': 'GDM/039999994', 'description': 'De student kan productieparameters correct instellen (formaat, snijverlies, drukvorm, afwerking) en de impact ervan op kost en planning inschatten.', 'level': 'Leerdoel Verdiepend-Verbredend', 'category': 'BS'}, {'code': 'GDM/039999995', 'description': 'De student kan de workflow opvolgen van order tot productie en communiceren tussen de verschillende schakels (prepress, druk, afwerking).', 'level': 'Leerdoel Verdiepend-Verbredend', 'category': 'BS'}]","[]","[]","Dit opleidingsonderdeel wordt georganiseerd via praktijkgerichte contactmomenten, aangevuld met zelfstandig leren en opdrachten. De student werkt stapsgewijs aan een geïntegreerde case waarbij een grafisch order wordt uitgewerkt van intake tot productie. Tijdens de lessen wordt theorie onmiddellijk toegepast in concrete oefeningen (Excel, orderopmaak, planning, controle). Er wordt sterk ingezet op activerend onderwijs, probleemoplossend denken en het nemen van initiatief tot feedback.","[{'exam_chance': 'Evaluatie(s) voor de eerste examenkans', 'moment': 'eerste examenperiode buiten examenrooster', 'form': 'Werkstuk', 'percentage': '100,00', 'remark': ''}, {'exam_chance': 'Evaluatie(s) voor de tweede examenkans', 'moment': 'derde examenperiode binnen examenrooster', 'form': 'Werkstuk', 'percentage': '100,00', 'remark': ''}]","De evaluatie gebeurt op basis van een geïntegreerd werkstuk waarin de student aantoont de basisprincipes van print- en ordermanagement te beheersen. Het werkstuk vertrekt vanuit een realistische of gesimuleerde grafische opdracht en omvat verschillende aspecten van het orderproces, zoals analyse, structurering en opvolging, en eventueel calculatie en planning. De concrete invulling van het werkstuk kan variëren in functie van de accenten die tijdens het opleidingsonderdeel worden gelegd. Aanwezigheid tijdens de contactmomenten is vereist, aangezien de nodige begeleiding, toelichting en feedback essentieel zijn voor het succesvol realiseren van het werkstuk. De tweede examenkans bestaat uit een alternatief werkstuk dat de student zelfstandig uitwerkt binnen een vastgelegde termijn.","Contacttraject Print Media Technology","https://bamaflexweb.arteveldehs.be/BMFUIDetailxOLOD.aspx?a=232750&b=1&c=1"
